date,campaign_id,channel,channel_type,strategic_intent,impressions,clicks,spend_inr,leads,direct_conversions,direct_revenue_inr,cpc_inr,ctr_pct,cpa_inr,direct_roas
2025-01-01,CMP_1001,Google_Search_Brand,Search,High Intent / Brand Defense,7780,677,12993.43,127,57,169232.64,19.19,8.7,227.95,13.02
2025-01-02,CMP_1001,Google_Search_Brand,Search,High Intent / Brand Defense,6868,598,11723.47,126,49,206244.79,19.6,8.71,239.25,17.59
2025-01-03,CMP_1001,Google_Search_Brand,Search,High Intent / Brand Defense,8008,629,11061.05,122,58,201691.82,17.59,7.85,190.71,18.23
2025-01-04,CMP_1001,Google_Search_Brand,Search,High Intent / Brand Defense,9142,798,14285.12,149,70,237177.65,17.9,8.73,204.07,16.6
2025-01-05,CMP_1001,Google_Search_Brand,Search,High Intent / Brand Defense,10728,915,16131.3,188,76,282435.84,17.63,8.53,212.25,17.51
2025-01-06,CMP_1001,Google_Search_Brand,Search,High Intent / Brand Defense,8643,658,11548.45,145,66,263301.75,17.55,7.61,174.98,22.8
2025-01-07,CMP_1001,Google_Search_Brand,Search,High Intent / Brand Defense,6767,567,10798.72,106,52,152711.96,19.05,8.38,207.67,14.14
2025-01-08,CMP_1001,Google_Search_Brand,Search,High Intent / Brand Defense,7230,579,11416.61,120,51,183461.92,19.72,8.01,223.86,16.07
2025-01-09,CMP_1001,Google_Search_Brand,Search,High Intent / Brand Defense,5175,469,9343.63,103,46,170344.62,19.92,9.06,203.12,18.23
2025-01-10,CMP_1001,Google_Search_Brand,Search,High Intent / Brand Defense,8184,627,12393.72,119,52,173287.36,19.77,7.66,238.34,13.98
2025-01-11,CMP_1001,Google_Search_Brand,Search,High Intent / Brand Defense,6408,526,10242.96,101,48,147919.53,19.47,8.21,213.4,14.44
2025-01-12,CMP_1001,Google_Search_Brand,Search,High Intent / Brand Defense,7940,606,11760.31,134,58,183294.69,19.41,7.63,202.76,15.59
2025-01-13,CMP_1001,Google_Search_Brand,Search,High Intent / Brand Defense,9539,728,14062.0,143,61,247893.06,19.32,7.63,230.52,17.63
2025-01-14,CMP_1001,Google_Search_Brand,Search,High Intent / Brand Defense,9000,734,13862.56,135,64,213263.96,18.89,8.16,216.6,15.38
2025-01-15,CMP_1001,Google_Search_Brand,Search,High Intent / Brand Defense,8207,693,13625.05,129,66,259028.07,19.66,8.44,206.44,19.01
2025-01-16,CMP_1001,Google_Search_Brand,Search,High Intent / Brand Defense,8693,787,14712.48,159,72,249944.82,18.69,9.05,204.34,16.99
2025-01-17,CMP_1001,Google_Search_Brand,Search,High Intent / Brand Defense,7960,678,12174.09,148,59,203439.13,17.96,8.52,206.34,16.71
2025-01-18,CMP_1001,Google_Search_Brand,Search,High Intent / Brand Defense,8229,654,12601.99,121,57,177227.87,19.27,7.95,221.09,14.06
2025-01-19,CMP_1001,Google_Search_Brand,Search,High Intent / Brand Defense,9846,774,15030.8,168,71,283156.42,19.42,7.86,211.7,18.84
2025-01-20,CMP_1001,Google_Search_Brand,Search,High Intent / Brand Defense,7910,643,12657.5,119,55,190897.66,19.69,8.13,230.14,15.08
2025-01-21,CMP_1001,Google_Search_Brand,Search,High Intent / Brand Defense,8660,738,12592.24,146,64,195393.08,17.06,8.52,196.75,15.52
2025-01-22,CMP_1001,Google_Search_Brand,Search,High Intent / Brand Defense,7380,694,12522.11,135,64,246150.77,18.04,9.4,195.66,19.66
2025-01-23,CMP_1001,Google_Search_Brand,Search,High Intent / Brand Defense,7868,629,12515.1,127,55,180256.07,19.9,7.99,227.55,14.4
2025-01-24,CMP_1001,Google_Search_Brand,Search,High Intent / Brand Defense,7921,691,11851.11,139,57,186330.67,17.15,8.72,207.91,15.72
2025-01-25,CMP_1001,Google_Search_Brand,Search,High Intent / Brand Defense,8657,734,12815.28,162,64,243462.68,17.46,8.48,200.24,19.0
2025-01-26,CMP_1001,Google_Search_Brand,Search,High Intent / Brand Defense,8989,716,13803.09,151,64,239995.9,19.28,7.97,215.67,17.39
2025-01-27,CMP_1001,Google_Search_Brand,Search,High Intent / Brand Defense,8297,762,13173.71,148,65,191454.52,17.29,9.18,202.67,14.53
2025-01-28,CMP_1001,Google_Search_Brand,Search,High Intent / Brand Defense,9839,872,16380.91,159,80,255842.74,18.79,8.86,204.76,15.62
2025-01-29,CMP_1001,Google_Search_Brand,Search,High Intent / Brand Defense,6252,517,9875.39,113,44,147569.41,19.1,8.27,224.44,14.94
2025-01-30,CMP_1001,Google_Search_Brand,Search,High Intent / Brand Defense,7953,745,12947.18,162,65,246192.59,17.38,9.37,199.19,19.02
2025-01-31,CMP_1001,Google_Search_Brand,Search,High Intent / Brand Defense,8402,670,12454.92,124,66,271561.52,18.59,7.97,188.71,21.8
2025-02-01,CMP_1001,Google_Search_Brand,Search,High Intent / Brand Defense,10242,837,15814.29,164,80,328805.6,18.89,8.17,197.68,20.79
2025-02-02,CMP_1001,Google_Search_Brand,Search,High Intent / Brand Defense,9462,724,13700.99,136,71,263746.79,18.92,7.65,192.97,19.25
2025-02-03,CMP_1001,Google_Search_Brand,Search,High Intent / Brand Defense,9678,744,12692.9,155,61,189630.64,17.06,7.69,208.08,14.94
2025-02-04,CMP_1001,Google_Search_Brand,Search,High Intent / Brand Defense,10456,830,15731.55,175,72,239943.14,18.95,7.94,218.49,15.25
2025-02-05,CMP_1001,Google_Search_Brand,Search,High Intent / Brand Defense,7643,673,12947.67,145,63,230762.68,19.24,8.81,205.52,17.82
2025-02-06,CMP_1001,Google_Search_Brand,Search,High Intent / Brand Defense,8097,646,11509.22,143,58,237984.63,17.82,7.98,198.43,20.68
2025-02-07,CMP_1001,Google_Search_Brand,Search,High Intent / Brand Defense,6097,555,10492.53,112,51,181551.03,18.91,9.1,205.74,17.3
2025-02-08,CMP_1001,Google_Search_Brand,Search,High Intent / Brand Defense,10744,809,14451.33,168,69,287662.63,17.86,7.53,209.44,19.91
2025-02-09,CMP_1001,Google_Search_Brand,Search,High Intent / Brand Defense,6184,578,11485.68,113,48,199320.64,19.87,9.35,239.28,17.35
2025-02-10,CMP_1001,Google_Search_Brand,Search,High Intent / Brand Defense,7060,651,12946.48,126,58,234757.66,19.89,9.22,223.22,18.13
2025-02-11,CMP_1001,Google_Search_Brand,Search,High Intent / Brand Defense,8433,660,11854.34,135,66,253215.63,17.96,7.83,179.61,21.36
2025-02-12,CMP_1001,Google_Search_Brand,Search,High Intent / Brand Defense,5715,543,10232.29,101,50,204161.37,18.84,9.5,204.65,19.95
2025-02-13,CMP_1001,Google_Search_Brand,Search,High Intent / Brand Defense,7189,640,12307.45,134,57,187489.24,19.23,8.9,215.92,15.23
2025-02-14,CMP_1001,Google_Search_Brand,Search,High Intent / Brand Defense,7117,665,13030.07,134,61,242516.57,19.59,9.34,213.61,18.61
2025-02-15,CMP_1001,Google_Search_Brand,Search,High Intent / Brand Defense,8426,751,14227.57,160,74,247875.83,18.94,8.91,192.26,17.42
2025-02-16,CMP_1001,Google_Search_Brand,Search,High Intent / Brand Defense,8234,622,11654.35,125,57,186942.68,18.74,7.55,204.46,16.04
2025-02-17,CMP_1001,Google_Search_Brand,Search,High Intent / Brand Defense,8140,614,11526.36,112,60,202791.56,18.77,7.54,192.11,17.59
2025-02-18,CMP_1001,Google_Search_Brand,Search,High Intent / Brand Defense,7929,628,12128.56,130,52,153934.93,19.31,7.92,233.24,12.69
2025-02-19,CMP_1001,Google_Search_Brand,Search,High Intent / Brand Defense,6163,529,9844.51,110,50,210857.94,18.61,8.58,196.89,21.42
2025-02-20,CMP_1001,Google_Search_Brand,Search,High Intent / Brand Defense,5104,410,7949.71,81,34,99432.22,19.39,8.03,233.82,12.51
2025-02-21,CMP_1001,Google_Search_Brand,Search,High Intent / Brand Defense,6771,622,12372.91,130,56,175038.1,19.89,9.19,220.94,14.15
2025-02-22,CMP_1001,Google_Search_Brand,Search,High Intent / Brand Defense,7339,656,12250.11,137,57,238751.16,18.67,8.94,214.91,19.49
2025-02-23,CMP_1001,Google_Search_Brand,Search,High Intent / Brand Defense,7188,619,11893.34,128,56,180707.19,19.21,8.61,212.38,15.19
2025-02-24,CMP_1001,Google_Search_Brand,Search,High Intent / Brand Defense,11027,851,14533.82,156,71,287793.27,17.08,7.72,204.7,19.8
2025-02-25,CMP_1001,Google_Search_Brand,Search,High Intent / Brand Defense,6558,554,10584.66,103,50,176696.08,19.11,8.45,211.69,16.69
2025-02-26,CMP_1001,Google_Search_Brand,Search,High Intent / Brand Defense,7222,631,11494.86,131,52,176772.6,18.22,8.74,221.06,15.38
2025-02-27,CMP_1001,Google_Search_Brand,Search,High Intent / Brand Defense,5913,503,9504.43,109,47,146244.77,18.9,8.51,202.22,15.39
2025-02-28,CMP_1001,Google_Search_Brand,Search,High Intent / Brand Defense,8357,725,12398.12,159,67,229000.04,17.1,8.68,185.05,18.47
2025-03-01,CMP_1001,Google_Search_Brand,Search,High Intent / Brand Defense,7534,634,11999.57,129,63,215151.27,18.93,8.42,190.47,17.93
2025-03-02,CMP_1001,Google_Search_Brand,Search,High Intent / Brand Defense,9814,798,13761.98,172,66,263846.69,17.25,8.13,208.51,19.17
2025-03-03,CMP_1001,Google_Search_Brand,Search,High Intent / Brand Defense,7796,602,10754.6,126,56,228668.27,17.86,7.72,192.05,21.26
2025-03-04,CMP_1001,Google_Search_Brand,Search,High Intent / Brand Defense,9729,763,13625.72,162,74,313544.44,17.86,7.84,184.13,23.01
2025-03-05,CMP_1001,Google_Search_Brand,Search,High Intent / Brand Defense,8811,726,13259.26,155,64,265973.12,18.26,8.24,207.18,20.06
2025-03-06,CMP_1001,Google_Search_Brand,Search,High Intent / Brand Defense,6652,600,11564.64,111,59,211051.45,19.27,9.02,196.01,18.25
2025-03-07,CMP_1001,Google_Search_Brand,Search,High Intent / Brand Defense,8963,729,14197.55,159,65,188808.05,19.48,8.13,218.42,13.3
2025-03-08,CMP_1001,Google_Search_Brand,Search,High Intent / Brand Defense,8069,698,13848.33,145,63,207192.3,19.84,8.65,219.81,14.96
2025-03-09,CMP_1001,Google_Search_Brand,Search,High Intent / Brand Defense,8122,719,12939.71,152,70,277471.65,18.0,8.85,184.85,21.44
2025-03-10,CMP_1001,Google_Search_Brand,Search,High Intent / Brand Defense,8092,696,11975.51,139,68,228972.62,17.21,8.6,176.11,19.12
2025-03-11,CMP_1001,Google_Search_Brand,Search,High Intent / Brand Defense,7553,587,10205.49,125,55,166513.98,17.39,7.77,185.55,16.32
2025-03-12,CMP_1001,Google_Search_Brand,Search,High Intent / Brand Defense,7906,724,12489.93,152,61,183328.14,17.25,9.16,204.75,14.68
2025-03-13,CMP_1001,Google_Search_Brand,Search,High Intent / Brand Defense,6671,550,10986.11,108,53,221447.68,19.97,8.24,207.29,20.16
2025-03-14,CMP_1001,Google_Search_Brand,Search,High Intent / Brand Defense,6334,546,10563.11,108,54,164226.34,19.35,8.62,195.61,15.55
2025-03-15,CMP_1001,Google_Search_Brand,Search,High Intent / Brand Defense,9209,691,12773.11,138,57,173940.76,18.48,7.5,224.09,13.62
2025-03-16,CMP_1001,Google_Search_Brand,Search,High Intent / Brand Defense,8304,720,13845.44,159,64,209828.38,19.23,8.67,216.34,15.16
2025-03-17,CMP_1001,Google_Search_Brand,Search,High Intent / Brand Defense,6653,528,10345.54,116,43,180988.51,19.59,7.94,240.59,17.49
2025-03-18,CMP_1001,Google_Search_Brand,Search,High Intent / Brand Defense,8385,722,12448.18,159,66,247234.82,17.24,8.61,188.61,19.86
2025-03-19,CMP_1001,Google_Search_Brand,Search,High Intent / Brand Defense,7493,630,12025.18,130,58,238703.34,19.09,8.41,207.33,19.85
2025-03-20,CMP_1001,Google_Search_Brand,Search,High Intent / Brand Defense,11673,918,16379.61,184,81,298385.56,17.84,7.86,202.22,18.22
2025-03-21,CMP_1001,Google_Search_Brand,Search,High Intent / Brand Defense,6347,601,10383.4,133,57,206288.19,17.28,9.47,182.16,19.87
2025-03-22,CMP_1001,Google_Search_Brand,Search,High Intent / Brand Defense,10138,792,15100.85,173,77,321993.05,19.07,7.81,196.11,21.32
2025-03-23,CMP_1001,Google_Search_Brand,Search,High Intent / Brand Defense,7192,628,12046.19,125,62,252206.51,19.18,8.73,194.29,20.94
2025-03-24,CMP_1001,Google_Search_Brand,Search,High Intent / Brand Defense,9246,720,14358.88,148,64,269381.35,19.94,7.79,224.36,18.76
2025-03-25,CMP_1001,Google_Search_Brand,Search,High Intent / Brand Defense,6158,566,11061.65,113,51,166353.51,19.54,9.19,216.9,15.04
2025-03-26,CMP_1001,Google_Search_Brand,Search,High Intent / Brand Defense,6611,622,12010.49,134,54,189147.96,19.31,9.41,222.42,15.75
2025-03-27,CMP_1001,Google_Search_Brand,Search,High Intent / Brand Defense,7362,694,12093.96,143,60,228210.78,17.43,9.43,201.57,18.87
2025-03-28,CMP_1001,Google_Search_Brand,Search,High Intent / Brand Defense,5807,514,8931.77,104,49,176273.7,17.38,8.85,182.28,19.74
2025-03-29,CMP_1001,Google_Search_Brand,Search,High Intent / Brand Defense,9365,806,15755.35,165,79,271660.2,19.55,8.61,199.43,17.24
2025-03-30,CMP_1001,Google_Search_Brand,Search,High Intent / Brand Defense,9577,758,14490.75,142,62,208741.54,19.12,7.91,233.72,14.41
2025-03-31,CMP_1001,Google_Search_Brand,Search,High Intent / Brand Defense,9480,785,14737.26,156,78,262362.94,18.77,8.28,188.94,17.8
2025-04-01,CMP_1001,Google_Search_Brand,Search,High Intent / Brand Defense,9418,824,15004.71,178,82,253381.63,18.21,8.75,182.98,16.89
2025-04-02,CMP_1001,Google_Search_Brand,Search,High Intent / Brand Defense,7237,614,12148.19,118,56,236479.28,19.79,8.48,216.93,19.47
2025-04-03,CMP_1001,Google_Search_Brand,Search,High Intent / Brand Defense,5219,416,7865.12,77,35,107244.98,18.91,7.97,224.72,13.64
2025-04-04,CMP_1001,Google_Search_Brand,Search,High Intent / Brand Defense,8707,676,11821.76,140,58,194886.24,17.49,7.76,203.82,16.49
2025-04-05,CMP_1001,Google_Search_Brand,Search,High Intent / Brand Defense,8784,688,13074.64,130,57,177825.85,19.0,7.83,229.38,13.6
2025-04-06,CMP_1001,Google_Search_Brand,Search,High Intent / Brand Defense,10789,846,15110.28,157,71,249682.8,17.86,7.84,212.82,16.52
2025-04-07,CMP_1001,Google_Search_Brand,Search,High Intent / Brand Defense,6615,588,10892.7,108,57,213404.84,18.53,8.89,191.1,19.59
2025-04-08,CMP_1001,Google_Search_Brand,Search,High Intent / Brand Defense,6002,556,9604.24,122,46,150261.47,17.27,9.26,208.79,15.65
2025-04-09,CMP_1001,Google_Search_Brand,Search,High Intent / Brand Defense,9523,753,13228.33,148,69,257427.03,17.57,7.91,191.71,19.46
2025-04-10,CMP_1001,Google_Search_Brand,Search,High Intent / Brand Defense,8856,746,13515.02,158,62,200465.48,18.12,8.42,217.98,14.83
2025-04-11,CMP_1001,Google_Search_Brand,Search,High Intent / Brand Defense,8277,709,13153.11,132,64,231319.01,18.55,8.57,205.52,17.59
2025-04-12,CMP_1001,Google_Search_Brand,Search,High Intent / Brand Defense,9702,779,13822.5,153,64,212993.77,17.74,8.03,215.98,15.41
2025-04-13,CMP_1001,Google_Search_Brand,Search,High Intent / Brand Defense,7368,685,11906.85,141,65,257612.74,17.38,9.3,183.18,21.64
2025-04-14,CMP_1001,Google_Search_Brand,Search,High Intent / Brand Defense,6934,531,9836.9,108,49,191286.09,18.53,7.66,200.75,19.45
2025-04-15,CMP_1001,Google_Search_Brand,Search,High Intent / Brand Defense,6751,555,9925.51,115,51,172088.87,17.88,8.22,194.62,17.34
2025-04-16,CMP_1001,Google_Search_Brand,Search,High Intent / Brand Defense,6677,582,11619.32,111,49,151796.53,19.96,8.72,237.13,13.06
2025-04-17,CMP_1001,Google_Search_Brand,Search,High Intent / Brand Defense,7541,608,10698.71,115,60,179947.07,17.6,8.06,178.31,16.82
2025-04-18,CMP_1001,Google_Search_Brand,Search,High Intent / Brand Defense,7129,593,11025.75,131,50,171554.18,18.59,8.32,220.52,15.56
2025-04-19,CMP_1001,Google_Search_Brand,Search,High Intent / Brand Defense,7767,687,12046.46,150,63,231045.78,17.53,8.85,191.21,19.18
2025-04-20,CMP_1001,Google_Search_Brand,Search,High Intent / Brand Defense,9105,824,14710.78,156,73,253207.33,17.85,9.05,201.52,17.21
2025-04-21,CMP_1001,Google_Search_Brand,Search,High Intent / Brand Defense,5764,503,8744.92,97,47,145696.86,17.39,8.73,186.06,16.66
2025-04-22,CMP_1001,Google_Search_Brand,Search,High Intent / Brand Defense,7646,655,12096.17,120,58,178222.63,18.47,8.57,208.55,14.73
2025-04-23,CMP_1001,Google_Search_Brand,Search,High Intent / Brand Defense,8883,788,14012.59,167,73,257788.08,17.78,8.87,191.95,18.4
2025-04-24,CMP_1001,Google_Search_Brand,Search,High Intent / Brand Defense,7251,594,10846.22,130,58,243741.32,18.26,8.19,187.0,22.47
2025-04-25,CMP_1001,Google_Search_Brand,Search,High Intent / Brand Defense,8191,643,12742.29,118,62,227619.57,19.82,7.85,205.52,17.86
2025-04-26,CMP_1001,Google_Search_Brand,Search,High Intent / Brand Defense,7907,614,11992.03,131,53,164966.32,19.53,7.77,226.26,13.76
2025-04-27,CMP_1001,Google_Search_Brand,Search,High Intent / Brand Defense,8611,736,13988.9,144,72,246508.22,19.01,8.55,194.29,17.62
2025-04-28,CMP_1001,Google_Search_Brand,Search,High Intent / Brand Defense,6853,574,11158.03,113,52,171593.44,19.44,8.38,214.58,15.38
2025-04-29,CMP_1001,Google_Search_Brand,Search,High Intent / Brand Defense,7289,679,12036.84,134,63,259736.53,17.73,9.32,191.06,21.58
2025-04-30,CMP_1001,Google_Search_Brand,Search,High Intent / Brand Defense,10533,813,15352.87,179,76,254255.84,18.88,7.72,202.01,16.56
2025-05-01,CMP_1001,Google_Search_Brand,Search,High Intent / Brand Defense,8951,767,14476.99,167,74,229124.56,18.87,8.57,195.64,15.83
2025-05-02,CMP_1001,Google_Search_Brand,Search,High Intent / Brand Defense,9039,722,12969.42,153,60,219903.0,17.96,7.99,216.16,16.96
2025-05-03,CMP_1001,Google_Search_Brand,Search,High Intent / Brand Defense,8934,818,14757.96,152,80,245070.77,18.04,9.16,184.47,16.61
2025-05-04,CMP_1001,Google_Search_Brand,Search,High Intent / Brand Defense,8730,795,14467.32,149,69,267186.18,18.2,9.11,209.67,18.47
2025-05-05,CMP_1001,Google_Search_Brand,Search,High Intent / Brand Defense,9479,814,15539.21,156,72,225862.05,19.09,8.59,215.82,14.53
2025-05-06,CMP_1001,Google_Search_Brand,Search,High Intent / Brand Defense,9653,837,16511.28,166,76,317551.21,19.73,8.67,217.25,19.23
2025-05-07,CMP_1001,Google_Search_Brand,Search,High Intent / Brand Defense,8880,775,14359.94,141,76,315983.75,18.53,8.73,188.95,22.0
2025-05-08,CMP_1001,Google_Search_Brand,Search,High Intent / Brand Defense,6931,617,11549.02,135,59,182749.73,18.72,8.9,195.75,15.82
2025-05-09,CMP_1001,Google_Search_Brand,Search,High Intent / Brand Defense,10698,961,17564.05,211,95,332798.45,18.28,8.98,184.88,18.95
2025-05-10,CMP_1001,Google_Search_Brand,Search,High Intent / Brand Defense,10011,950,16490.84,205,80,331387.6,17.36,9.49,206.14,20.1
2025-05-11,CMP_1001,Google_Search_Brand,Search,High Intent / Brand Defense,8934,741,13911.45,136,65,258822.24,18.77,8.29,214.02,18.6
2025-05-12,CMP_1001,Google_Search_Brand,Search,High Intent / Brand Defense,11494,938,15988.38,185,86,356126.31,17.05,8.16,185.91,22.27
2025-05-13,CMP_1001,Google_Search_Brand,Search,High Intent / Brand Defense,6950,584,11220.08,111,53,163322.97,19.21,8.4,211.7,14.56
2025-05-14,CMP_1001,Google_Search_Brand,Search,High Intent / Brand Defense,7520,639,11209.84,127,63,213119.91,17.54,8.5,177.93,19.01
2025-05-15,CMP_1001,Google_Search_Brand,Search,High Intent / Brand Defense,11603,1025,17497.91,194,102,315402.49,17.07,8.83,171.55,18.03
2025-05-16,CMP_1001,Google_Search_Brand,Search,High Intent / Brand Defense,11484,879,16053.13,195,80,295977.89,18.26,7.65,200.66,18.44
2025-05-17,CMP_1001,Google_Search_Brand,Search,High Intent / Brand Defense,8408,783,13827.86,149,67,196960.41,17.66,9.31,206.39,14.24
2025-05-18,CMP_1001,Google_Search_Brand,Search,High Intent / Brand Defense,8641,746,13751.75,137,72,252466.04,18.43,8.63,191.0,18.36
2025-05-19,CMP_1001,Google_Search_Brand,Search,High Intent / Brand Defense,5404,466,8498.06,87,40,162481.14,18.24,8.62,212.45,19.12
2025-05-20,CMP_1001,Google_Search_Brand,Search,High Intent / Brand Defense,9779,806,15983.01,155,76,261886.76,19.83,8.24,210.3,16.39
2025-05-21,CMP_1001,Google_Search_Brand,Search,High Intent / Brand Defense,11546,916,15671.36,175,87,253762.15,17.11,7.93,180.13,16.19
2025-05-22,CMP_1001,Google_Search_Brand,Search,High Intent / Brand Defense,10349,943,16343.11,178,89,286039.64,17.33,9.11,183.63,17.5
2025-05-23,CMP_1001,Google_Search_Brand,Search,High Intent / Brand Defense,7533,695,13319.35,149,62,235512.94,19.16,9.23,214.83,17.68
2025-05-24,CMP_1001,Google_Search_Brand,Search,High Intent / Brand Defense,9160,740,13050.36,161,61,183383.79,17.64,8.08,213.94,14.05
2025-05-25,CMP_1001,Google_Search_Brand,Search,High Intent / Brand Defense,8504,791,14452.27,170,70,226997.11,18.27,9.3,206.46,15.71
2025-05-26,CMP_1001,Google_Search_Brand,Search,High Intent / Brand Defense,7162,622,11297.77,120,58,199914.39,18.16,8.68,194.79,17.7
2025-05-27,CMP_1001,Google_Search_Brand,Search,High Intent / Brand Defense,5714,538,9636.14,114,45,183200.24,17.91,9.42,214.14,19.01
2025-05-28,CMP_1001,Google_Search_Brand,Search,High Intent / Brand Defense,10005,931,17192.91,199,84,245326.89,18.47,9.31,204.68,14.27
2025-05-29,CMP_1001,Google_Search_Brand,Search,High Intent / Brand Defense,9517,762,14415.6,143,74,312930.24,18.92,8.01,194.81,21.71
2025-05-30,CMP_1001,Google_Search_Brand,Search,High Intent / Brand Defense,7126,558,10379.66,107,46,190138.53,18.6,7.83,225.64,18.32
2025-05-31,CMP_1001,Google_Search_Brand,Search,High Intent / Brand Defense,9232,795,14191.69,165,77,244146.44,17.85,8.61,184.31,17.2
2025-06-01,CMP_1001,Google_Search_Brand,Search,High Intent / Brand Defense,8493,659,11243.25,144,65,240661.32,17.06,7.76,172.97,21.4
2025-06-02,CMP_1001,Google_Search_Brand,Search,High Intent / Brand Defense,9352,874,15330.95,174,78,280466.79,17.54,9.35,196.55,18.29
2025-06-03,CMP_1001,Google_Search_Brand,Search,High Intent / Brand Defense,10448,817,14028.74,173,68,252299.51,17.17,7.82,206.3,17.98
2025-06-04,CMP_1001,Google_Search_Brand,Search,High Intent / Brand Defense,7336,602,10776.96,127,53,193996.45,17.9,8.21,203.34,18.0
2025-06-05,CMP_1001,Google_Search_Brand,Search,High Intent / Brand Defense,5637,498,9186.68,109,47,149568.99,18.45,8.83,195.46,16.28
2025-06-06,CMP_1001,Google_Search_Brand,Search,High Intent / Brand Defense,6737,586,10848.72,114,56,169958.52,18.51,8.7,193.73,15.67
2025-06-07,CMP_1001,Google_Search_Brand,Search,High Intent / Brand Defense,8688,779,13444.02,157,74,257621.02,17.26,8.97,181.68,19.16
2025-06-08,CMP_1001,Google_Search_Brand,Search,High Intent / Brand Defense,8463,753,14615.5,145,70,236664.71,19.41,8.9,208.79,16.19
2025-06-09,CMP_1001,Google_Search_Brand,Search,High Intent / Brand Defense,6715,628,10875.07,117,62,216787.21,17.32,9.35,175.4,19.93
2025-06-10,CMP_1001,Google_Search_Brand,Search,High Intent / Brand Defense,7020,630,12355.4,135,59,226058.27,19.61,8.97,209.41,18.3
2025-06-11,CMP_1001,Google_Search_Brand,Search,High Intent / Brand Defense,5970,477,9329.31,96,41,173562.37,19.56,7.99,227.54,18.6
2025-06-12,CMP_1001,Google_Search_Brand,Search,High Intent / Brand Defense,8473,732,12859.24,160,61,234147.99,17.57,8.64,210.81,18.21
2025-06-13,CMP_1001,Google_Search_Brand,Search,High Intent / Brand Defense,7399,693,12415.38,153,69,243910.26,17.92,9.37,179.93,19.65
2025-06-14,CMP_1001,Google_Search_Brand,Search,High Intent / Brand Defense,8036,737,13256.64,135,69,220994.03,17.99,9.17,192.13,16.67
2025-06-15,CMP_1001,Google_Search_Brand,Search,High Intent / Brand Defense,9990,763,13259.51,160,67,259670.75,17.38,7.64,197.9,19.58
2025-06-16,CMP_1001,Google_Search_Brand,Search,High Intent / Brand Defense,6862,624,11626.26,121,58,237505.92,18.63,9.09,200.45,20.43
2025-06-17,CMP_1001,Google_Search_Brand,Search,High Intent / Brand Defense,7416,590,11120.54,108,58,169297.73,18.85,7.96,191.73,15.22
2025-06-18,CMP_1001,Google_Search_Brand,Search,High Intent / Brand Defense,6740,614,12164.57,136,54,212402.31,19.81,9.11,225.27,17.46
2025-06-19,CMP_1001,Google_Search_Brand,Search,High Intent / Brand Defense,9173,776,14130.96,161,76,321354.87,18.21,8.46,185.93,22.74
2025-06-20,CMP_1001,Google_Search_Brand,Search,High Intent / Brand Defense,6767,608,11108.99,116,51,171986.59,18.27,8.98,217.82,15.48
2025-06-21,CMP_1001,Google_Search_Brand,Search,High Intent / Brand Defense,11144,901,16106.77,172,75,218573.14,17.88,8.09,214.76,13.57
2025-06-22,CMP_1001,Google_Search_Brand,Search,High Intent / Brand Defense,8154,723,13130.63,138,72,285078.9,18.16,8.87,182.37,21.71
2025-06-23,CMP_1001,Google_Search_Brand,Search,High Intent / Brand Defense,8653,721,12468.43,156,72,253847.96,17.29,8.33,173.17,20.36
2025-06-24,CMP_1001,Google_Search_Brand,Search,High Intent / Brand Defense,6136,488,9754.56,107,46,170960.01,19.99,7.95,212.06,17.53
2025-06-25,CMP_1001,Google_Search_Brand,Search,High Intent / Brand Defense,8653,688,12764.82,130,59,185469.81,18.55,7.95,216.35,14.53
2025-06-26,CMP_1001,Google_Search_Brand,Search,High Intent / Brand Defense,6587,623,10725.23,135,62,263070.63,17.22,9.46,172.99,24.53
2025-06-27,CMP_1001,Google_Search_Brand,Search,High Intent / Brand Defense,9881,819,14378.03,174,78,241745.28,17.56,8.29,184.33,16.81
2025-06-28,CMP_1001,Google_Search_Brand,Search,High Intent / Brand Defense,7976,684,12095.55,141,63,189908.59,17.68,8.58,191.99,15.7
2025-06-29,CMP_1001,Google_Search_Brand,Search,High Intent / Brand Defense,9187,737,14465.86,138,73,305847.08,19.63,8.02,198.16,21.14
2025-06-30,CMP_1001,Google_Search_Brand,Search,High Intent / Brand Defense,7705,663,12571.73,123,59,200414.53,18.96,8.6,213.08,15.94
2025-07-01,CMP_1001,Google_Search_Brand,Search,High Intent / Brand Defense,7950,712,12668.91,143,60,191366.95,17.79,8.96,211.15,15.11
2025-07-02,CMP_1001,Google_Search_Brand,Search,High Intent / Brand Defense,6607,561,10964.78,113,52,208601.44,19.55,8.49,210.86,19.02
2025-07-03,CMP_1001,Google_Search_Brand,Search,High Intent / Brand Defense,7773,689,12447.58,141,60,245096.21,18.07,8.86,207.46,19.69
2025-07-04,CMP_1001,Google_Search_Brand,Search,High Intent / Brand Defense,7287,674,13181.31,142,66,253345.04,19.56,9.25,199.72,19.22
2025-07-05,CMP_1001,Google_Search_Brand,Search,High Intent / Brand Defense,9265,810,15417.41,172,69,282070.91,19.03,8.74,223.44,18.3
2025-07-06,CMP_1001,Google_Search_Brand,Search,High Intent / Brand Defense,7936,714,12865.76,134,69,277497.47,18.02,9.0,186.46,21.57
2025-07-07,CMP_1001,Google_Search_Brand,Search,High Intent / Brand Defense,8848,663,12293.43,128,62,261913.62,18.54,7.49,198.28,21.31
2025-07-08,CMP_1001,Google_Search_Brand,Search,High Intent / Brand Defense,5721,491,9280.29,104,41,160924.92,18.9,8.58,226.35,17.34
2025-07-09,CMP_1001,Google_Search_Brand,Search,High Intent / Brand Defense,7665,724,13492.51,141,68,282713.96,18.64,9.45,198.42,20.95
2025-07-10,CMP_1001,Google_Search_Brand,Search,High Intent / Brand Defense,6947,620,11107.13,114,57,191542.85,17.91,8.92,194.86,17.25
2025-07-11,CMP_1001,Google_Search_Brand,Search,High Intent / Brand Defense,8661,656,12388.18,142,66,277706.48,18.88,7.57,187.7,22.42
2025-07-12,CMP_1001,Google_Search_Brand,Search,High Intent / Brand Defense,8326,627,12082.16,114,55,195500.51,19.27,7.53,219.68,16.18
2025-07-13,CMP_1001,Google_Search_Brand,Search,High Intent / Brand Defense,8147,723,13954.42,144,63,267503.63,19.3,8.87,221.5,19.17
2025-07-14,CMP_1001,Google_Search_Brand,Search,High Intent / Brand Defense,5713,520,9103.97,109,45,135091.72,17.51,9.1,202.31,14.84
2025-07-15,CMP_1001,Google_Search_Brand,Search,High Intent / Brand Defense,4526,399,7602.39,77,40,123817.55,19.05,8.82,190.06,16.29
2025-07-16,CMP_1001,Google_Search_Brand,Search,High Intent / Brand Defense,8289,728,13300.4,144,63,266377.2,18.27,8.78,211.12,20.03
2025-07-17,CMP_1001,Google_Search_Brand,Search,High Intent / Brand Defense,6954,647,11801.65,123,56,164211.17,18.24,9.3,210.74,13.91
2025-07-18,CMP_1001,Google_Search_Brand,Search,High Intent / Brand Defense,5742,485,9496.92,107,41,166924.43,19.58,8.45,231.63,17.58
2025-07-19,CMP_1001,Google_Search_Brand,Search,High Intent / Brand Defense,9190,832,16087.53,180,80,299332.77,19.34,9.05,201.09,18.61
2025-07-20,CMP_1001,Google_Search_Brand,Search,High Intent / Brand Defense,8283,701,13593.04,131,59,225519.76,19.39,8.46,230.39,16.59
2025-07-21,CMP_1001,Google_Search_Brand,Search,High Intent / Brand Defense,9291,733,13418.01,148,61,224570.35,18.31,7.89,219.97,16.74
2025-07-22,CMP_1001,Google_Search_Brand,Search,High Intent / Brand Defense,9062,762,13681.29,139,64,219122.64,17.95,8.41,213.77,16.02
2025-07-23,CMP_1001,Google_Search_Brand,Search,High Intent / Brand Defense,6652,579,10694.75,112,55,223287.16,18.47,8.7,194.45,20.88
2025-07-24,CMP_1001,Google_Search_Brand,Search,High Intent / Brand Defense,5972,567,10066.05,106,52,193995.97,17.75,9.49,193.58,19.27
2025-07-25,CMP_1001,Google_Search_Brand,Search,High Intent / Brand Defense,7225,623,11904.58,113,55,197674.83,19.11,8.62,216.45,16.6
2025-07-26,CMP_1001,Google_Search_Brand,Search,High Intent / Brand Defense,9711,742,12705.65,147,63,230696.9,17.12,7.64,201.68,18.16
2025-07-27,CMP_1001,Google_Search_Brand,Search,High Intent / Brand Defense,6803,620,11836.03,117,53,160707.25,19.09,9.11,223.32,13.58
2025-07-28,CMP_1001,Google_Search_Brand,Search,High Intent / Brand Defense,9201,864,14798.71,159,80,308345.78,17.13,9.39,184.98,20.84
2025-07-29,CMP_1001,Google_Search_Brand,Search,High Intent / Brand Defense,7899,706,13849.27,151,62,247886.05,19.62,8.94,223.38,17.9
2025-07-30,CMP_1001,Google_Search_Brand,Search,High Intent / Brand Defense,9064,797,14634.79,162,76,228077.27,18.36,8.79,192.56,15.58
2025-07-31,CMP_1001,Google_Search_Brand,Search,High Intent / Brand Defense,9017,720,12395.2,135,71,226357.3,17.22,7.98,174.58,18.26
2025-08-01,CMP_1001,Google_Search_Brand,Search,High Intent / Brand Defense,8085,687,13045.67,140,65,208045.4,18.99,8.5,200.7,15.95
2025-08-02,CMP_1001,Google_Search_Brand,Search,High Intent / Brand Defense,6368,603,12052.6,125,52,198385.74,19.99,9.47,231.78,16.46
2025-08-03,CMP_1001,Google_Search_Brand,Search,High Intent / Brand Defense,7218,647,12685.25,137,58,194907.35,19.61,8.96,218.71,15.36
2025-08-04,CMP_1001,Google_Search_Brand,Search,High Intent / Brand Defense,5034,478,8662.83,87,47,172818.93,18.12,9.5,184.32,19.95
2025-08-05,CMP_1001,Google_Search_Brand,Search,High Intent / Brand Defense,8983,832,15367.86,181,75,244986.44,18.47,9.26,204.9,15.94
2025-08-06,CMP_1001,Google_Search_Brand,Search,High Intent / Brand Defense,6316,590,11082.23,112,55,206190.7,18.78,9.34,201.5,18.61
2025-08-07,CMP_1001,Google_Search_Brand,Search,High Intent / Brand Defense,6010,561,10748.87,106,48,202132.67,19.16,9.33,223.93,18.81
2025-08-08,CMP_1001,Google_Search_Brand,Search,High Intent / Brand Defense,7893,728,12791.61,147,63,256675.85,17.57,9.22,203.04,20.07
2025-08-09,CMP_1001,Google_Search_Brand,Search,High Intent / Brand Defense,9379,815,14743.4,153,73,307213.26,18.09,8.69,201.96,20.84
2025-08-10,CMP_1001,Google_Search_Brand,Search,High Intent / Brand Defense,4773,421,7502.91,82,40,122719.53,17.82,8.82,187.57,16.36
2025-08-11,CMP_1001,Google_Search_Brand,Search,High Intent / Brand Defense,8794,671,11906.16,126,61,204247.78,17.74,7.63,195.18,17.15
2025-08-12,CMP_1001,Google_Search_Brand,Search,High Intent / Brand Defense,7955,665,12954.08,127,62,238775.45,19.48,8.36,208.94,18.43
2025-08-13,CMP_1001,Google_Search_Brand,Search,High Intent / Brand Defense,7336,659,11302.7,137,60,242284.31,17.15,8.98,188.38,21.44
2025-08-14,CMP_1001,Google_Search_Brand,Search,High Intent / Brand Defense,6709,582,11301.48,126,50,152110.53,19.42,8.67,226.03,13.46
2025-08-15,CMP_1001,Google_Search_Brand,Search,High Intent / Brand Defense,6783,637,11856.8,117,54,189269.5,18.61,9.39,219.57,15.96
2025-08-16,CMP_1001,Google_Search_Brand,Search,High Intent / Brand Defense,8160,663,13125.56,134,55,170046.07,19.8,8.12,238.65,12.96
2025-08-17,CMP_1001,Google_Search_Brand,Search,High Intent / Brand Defense,9587,818,15032.66,165,77,237154.28,18.38,8.53,195.23,15.78
2025-08-18,CMP_1001,Google_Search_Brand,Search,High Intent / Brand Defense,9138,741,12692.98,156,64,243575.56,17.13,8.11,198.33,19.19
2025-08-19,CMP_1001,Google_Search_Brand,Search,High Intent / Brand Defense,6988,548,10752.46,115,53,221257.79,19.62,7.84,202.88,20.58
2025-08-20,CMP_1001,Google_Search_Brand,Search,High Intent / Brand Defense,9783,831,15828.06,172,82,300614.4,19.05,8.49,193.03,18.99
2025-08-21,CMP_1001,Google_Search_Brand,Search,High Intent / Brand Defense,9111,804,14211.05,159,76,230657.46,17.68,8.82,186.99,16.23
2025-08-22,CMP_1001,Google_Search_Brand,Search,High Intent / Brand Defense,7952,757,14374.06,139,76,261698.01,18.99,9.52,189.13,18.21
2025-08-23,CMP_1001,Google_Search_Brand,Search,High Intent / Brand Defense,8234,740,13842.71,161,66,220094.5,18.71,8.99,209.74,15.9
2025-08-24,CMP_1001,Google_Search_Brand,Search,High Intent / Brand Defense,8095,739,14043.84,157,72,250732.32,19.0,9.13,195.05,17.85
2025-08-25,CMP_1001,Google_Search_Brand,Search,High Intent / Brand Defense,8369,627,11699.89,122,56,192012.51,18.66,7.49,208.93,16.41
2025-08-26,CMP_1001,Google_Search_Brand,Search,High Intent / Brand Defense,7760,642,12251.15,128,55,186869.23,19.08,8.27,222.75,15.25
2025-08-27,CMP_1001,Google_Search_Brand,Search,High Intent / Brand Defense,9613,810,15284.03,160,79,284080.15,18.87,8.43,193.47,18.59
2025-08-28,CMP_1001,Google_Search_Brand,Search,High Intent / Brand Defense,10089,760,14019.63,148,68,233403.13,18.45,7.53,206.17,16.65
2025-08-29,CMP_1001,Google_Search_Brand,Search,High Intent / Brand Defense,8251,746,14045.14,160,71,297455.37,18.83,9.04,197.82,21.18
2025-08-30,CMP_1001,Google_Search_Brand,Search,High Intent / Brand Defense,13427,1058,18079.5,193,100,411132.15,17.09,7.88,180.8,22.74
2025-08-31,CMP_1001,Google_Search_Brand,Search,High Intent / Brand Defense,8299,779,13408.4,152,65,230801.06,17.21,9.39,206.28,17.21
2025-09-01,CMP_1001,Google_Search_Brand,Search,High Intent / Brand Defense,8274,667,11874.81,129,65,235511.86,17.8,8.06,182.69,19.83
2025-09-02,CMP_1001,Google_Search_Brand,Search,High Intent / Brand Defense,8984,722,13836.63,143,61,191318.15,19.16,8.04,226.83,13.83
2025-09-03,CMP_1001,Google_Search_Brand,Search,High Intent / Brand Defense,5923,465,8859.0,94,44,133555.52,19.05,7.85,201.34,15.08
2025-09-04,CMP_1001,Google_Search_Brand,Search,High Intent / Brand Defense,5232,443,8814.01,95,41,120910.68,19.9,8.47,214.98,13.72
2025-09-05,CMP_1001,Google_Search_Brand,Search,High Intent / Brand Defense,7228,681,12880.95,140,66,270106.37,18.91,9.42,195.17,20.97
2025-09-06,CMP_1001,Google_Search_Brand,Search,High Intent / Brand Defense,7525,626,11796.02,135,62,208980.49,18.84,8.32,190.26,17.72
2025-09-07,CMP_1001,Google_Search_Brand,Search,High Intent / Brand Defense,7385,670,11874.2,129,65,225308.46,17.72,9.07,182.68,18.97
2025-09-08,CMP_1001,Google_Search_Brand,Search,High Intent / Brand Defense,6713,564,10653.02,116,48,186823.12,18.89,8.4,221.94,17.54
2025-09-09,CMP_1001,Google_Search_Brand,Search,High Intent / Brand Defense,8091,641,12557.99,119,53,199443.31,19.59,7.92,236.94,15.88
2025-09-10,CMP_1001,Google_Search_Brand,Search,High Intent / Brand Defense,9495,786,13927.76,162,72,304803.96,17.72,8.28,193.44,21.88
2025-09-11,CMP_1001,Google_Search_Brand,Search,High Intent / Brand Defense,10586,942,16421.05,187,85,328604.3,17.43,8.9,193.19,20.01
2025-09-12,CMP_1001,Google_Search_Brand,Search,High Intent / Brand Defense,9630,736,13137.97,136,73,230018.59,17.85,7.64,179.97,17.51
2025-09-13,CMP_1001,Google_Search_Brand,Search,High Intent / Brand Defense,11520,915,16456.79,179,76,273290.02,17.99,7.94,216.54,16.61
2025-09-14,CMP_1001,Google_Search_Brand,Search,High Intent / Brand Defense,7902,696,13667.57,141,61,203915.84,19.64,8.81,224.06,14.92
2025-09-15,CMP_1001,Google_Search_Brand,Search,High Intent / Brand Defense,4911,467,8888.21,97,43,166998.44,19.03,9.51,206.7,18.79
2025-09-16,CMP_1001,Google_Search_Brand,Search,High Intent / Brand Defense,5999,566,10589.98,107,54,170816.57,18.71,9.43,196.11,16.13
2025-09-17,CMP_1001,Google_Search_Brand,Search,High Intent / Brand Defense,8310,638,11888.46,127,61,205124.53,18.63,7.68,194.89,17.25
2025-09-18,CMP_1001,Google_Search_Brand,Search,High Intent / Brand Defense,9009,717,14182.62,142,61,258626.43,19.78,7.96,232.5,18.24
2025-09-19,CMP_1001,Google_Search_Brand,Search,High Intent / Brand Defense,7784,668,13218.28,144,61,228022.67,19.79,8.58,216.69,17.25
2025-09-20,CMP_1001,Google_Search_Brand,Search,High Intent / Brand Defense,8510,780,13584.1,166,74,217499.18,17.42,9.17,183.57,16.01
2025-09-21,CMP_1001,Google_Search_Brand,Search,High Intent / Brand Defense,8756,702,12581.77,138,59,245691.5,17.92,8.02,213.25,19.53
2025-09-22,CMP_1001,Google_Search_Brand,Search,High Intent / Brand Defense,5445,457,8327.59,94,42,173895.67,18.22,8.39,198.28,20.88
2025-09-23,CMP_1001,Google_Search_Brand,Search,High Intent / Brand Defense,7396,703,13015.98,152,60,249336.57,18.51,9.51,216.93,19.16
2025-09-24,CMP_1001,Google_Search_Brand,Search,High Intent / Brand Defense,7226,670,12163.66,145,65,257688.69,18.15,9.27,187.13,21.19
2025-09-25,CMP_1001,Google_Search_Brand,Search,High Intent / Brand Defense,8606,658,11802.22,130,56,214767.47,17.94,7.65,210.75,18.2
2025-09-26,CMP_1001,Google_Search_Brand,Search,High Intent / Brand Defense,6955,637,12056.36,119,62,256986.89,18.93,9.16,194.46,21.32
2025-09-27,CMP_1001,Google_Search_Brand,Search,High Intent / Brand Defense,8191,714,13181.76,152,61,217982.88,18.46,8.72,216.09,16.54
2025-09-28,CMP_1001,Google_Search_Brand,Search,High Intent / Brand Defense,8019,611,11069.77,111,52,218391.5,18.12,7.62,212.88,19.73
2025-09-29,CMP_1001,Google_Search_Brand,Search,High Intent / Brand Defense,6454,610,11389.55,121,54,193231.06,18.67,9.45,210.92,16.97
2025-09-30,CMP_1001,Google_Search_Brand,Search,High Intent / Brand Defense,6754,535,10121.33,110,50,154837.69,18.92,7.92,202.43,15.3
2025-10-01,CMP_1001,Google_Search_Brand,Search,High Intent / Brand Defense,10195,925,15911.82,185,77,326712.4,17.2,9.07,206.65,20.53
2025-10-02,CMP_1001,Google_Search_Brand,Search,High Intent / Brand Defense,10379,827,16497.33,155,70,231171.79,19.95,7.97,235.68,14.01
2025-10-03,CMP_1001,Google_Search_Brand,Search,High Intent / Brand Defense,10076,896,15525.83,165,82,348131.63,17.33,8.89,189.34,22.42
2025-10-04,CMP_1001,Google_Search_Brand,Search,High Intent / Brand Defense,10876,952,17073.88,193,86,263827.89,17.93,8.75,198.53,15.45
2025-10-05,CMP_1001,Google_Search_Brand,Search,High Intent / Brand Defense,11253,945,18581.29,179,84,290070.18,19.66,8.4,221.21,15.61
2025-10-06,CMP_1001,Google_Search_Brand,Search,High Intent / Brand Defense,11929,895,17282.93,178,82,239120.32,19.31,7.5,210.77,13.84
2025-10-07,CMP_1001,Google_Search_Brand,Search,High Intent / Brand Defense,11028,996,17718.31,186,92,292806.06,17.79,9.03,192.59,16.53
2025-10-08,CMP_1001,Google_Search_Brand,Search,High Intent / Brand Defense,10839,932,16169.38,186,91,275128.7,17.35,8.6,177.69,17.02
2025-10-09,CMP_1001,Google_Search_Brand,Search,High Intent / Brand Defense,12072,940,17358.58,183,90,318364.62,18.47,7.79,192.87,18.34
2025-10-10,CMP_1001,Google_Search_Brand,Search,High Intent / Brand Defense,8060,732,13456.2,159,73,289093.77,18.38,9.08,184.33,21.48
2025-10-11,CMP_1001,Google_Search_Brand,Search,High Intent / Brand Defense,8127,722,12972.88,144,63,254115.88,17.97,8.88,205.92,19.59
2025-10-12,CMP_1001,Google_Search_Brand,Search,High Intent / Brand Defense,11616,1081,20514.62,224,101,301045.32,18.98,9.31,203.12,14.67
2025-10-13,CMP_1001,Google_Search_Brand,Search,High Intent / Brand Defense,10364,807,14988.57,171,74,282318.12,18.57,7.79,202.55,18.84
2025-10-14,CMP_1001,Google_Search_Brand,Search,High Intent / Brand Defense,11952,897,15469.36,198,86,289856.28,17.25,7.51,179.88,18.74
2025-10-15,CMP_1001,Google_Search_Brand,Search,High Intent / Brand Defense,11289,925,16569.36,197,87,273342.34,17.91,8.19,190.45,16.5
2025-10-16,CMP_1001,Google_Search_Brand,Search,High Intent / Brand Defense,13864,1043,18571.41,193,104,342347.71,17.81,7.52,178.57,18.43
2025-10-17,CMP_1001,Google_Search_Brand,Search,High Intent / Brand Defense,10440,914,17637.91,180,79,241351.76,19.3,8.75,223.26,13.68
2025-10-18,CMP_1001,Google_Search_Brand,Search,High Intent / Brand Defense,11633,996,18856.39,183,100,397625.13,18.93,8.56,188.56,21.09
2025-10-19,CMP_1001,Google_Search_Brand,Search,High Intent / Brand Defense,10201,967,17312.46,199,90,351664.16,17.9,9.48,192.36,20.31
2025-10-20,CMP_1001,Google_Search_Brand,Search,High Intent / Brand Defense,12141,992,17276.59,217,86,292068.66,17.42,8.17,200.89,16.91
2025-10-21,CMP_1001,Google_Search_Brand,Search,High Intent / Brand Defense,11962,1002,18345.01,207,100,321734.21,18.31,8.38,183.45,17.54
2025-10-22,CMP_1001,Google_Search_Brand,Search,High Intent / Brand Defense,9116,802,15757.49,155,78,316794.13,19.65,8.8,202.02,20.1
2025-10-23,CMP_1001,Google_Search_Brand,Search,High Intent / Brand Defense,8562,801,15646.37,154,77,270757.7,19.53,9.36,203.2,17.3
2025-10-24,CMP_1001,Google_Search_Brand,Search,High Intent / Brand Defense,10080,889,17181.95,168,82,346790.37,19.33,8.82,209.54,20.18
2025-10-25,CMP_1001,Google_Search_Brand,Search,High Intent / Brand Defense,11786,892,17669.76,168,76,294677.28,19.81,7.57,232.5,16.68
2025-10-26,CMP_1001,Google_Search_Brand,Search,High Intent / Brand Defense,8885,817,15142.77,173,75,276965.46,18.53,9.2,201.9,18.29
2025-10-27,CMP_1001,Google_Search_Brand,Search,High Intent / Brand Defense,11586,937,17372.73,192,89,362917.01,18.54,8.09,195.2,20.89
2025-10-28,CMP_1001,Google_Search_Brand,Search,High Intent / Brand Defense,12741,1073,18779.51,195,93,360652.88,17.5,8.42,201.93,19.2
2025-10-29,CMP_1001,Google_Search_Brand,Search,High Intent / Brand Defense,11441,879,17546.36,174,85,269236.52,19.96,7.68,206.43,15.34
2025-10-30,CMP_1001,Google_Search_Brand,Search,High Intent / Brand Defense,13174,1036,19539.81,203,100,364374.81,18.86,7.86,195.4,18.65
2025-10-31,CMP_1001,Google_Search_Brand,Search,High Intent / Brand Defense,11038,997,16989.34,183,96,303875.86,17.04,9.03,176.97,17.89
2025-11-01,CMP_1001,Google_Search_Brand,Search,High Intent / Brand Defense,11395,887,15958.1,172,87,369316.28,17.99,7.78,183.43,23.14
2025-11-02,CMP_1001,Google_Search_Brand,Search,High Intent / Brand Defense,11196,940,17039.06,198,93,343778.25,18.13,8.4,183.22,20.18
2025-11-03,CMP_1001,Google_Search_Brand,Search,High Intent / Brand Defense,9350,700,13363.27,145,62,246146.72,19.09,7.49,215.54,18.42
2025-11-04,CMP_1001,Google_Search_Brand,Search,High Intent / Brand Defense,8444,733,12678.38,147,69,205495.86,17.3,8.68,183.74,16.21
2025-11-05,CMP_1001,Google_Search_Brand,Search,High Intent / Brand Defense,11846,1032,19284.22,216,100,325695.62,18.69,8.71,192.84,16.89
2025-11-06,CMP_1001,Google_Search_Brand,Search,High Intent / Brand Defense,12216,1038,20212.19,192,87,290977.08,19.47,8.5,232.32,14.4
2025-11-07,CMP_1001,Google_Search_Brand,Search,High Intent / Brand Defense,10638,908,17592.77,181,77,256898.35,19.38,8.54,228.48,14.6
2025-11-08,CMP_1001,Google_Search_Brand,Search,High Intent / Brand Defense,12909,989,18110.61,188,92,357926.17,18.31,7.66,196.85,19.76
2025-11-09,CMP_1001,Google_Search_Brand,Search,High Intent / Brand Defense,8235,748,14151.63,139,67,270152.78,18.92,9.08,211.22,19.09
2025-11-10,CMP_1001,Google_Search_Brand,Search,High Intent / Brand Defense,12675,1096,19908.19,225,94,317968.18,18.16,8.65,211.79,15.97
2025-11-11,CMP_1001,Google_Search_Brand,Search,High Intent / Brand Defense,9788,920,16481.77,177,83,338383.79,17.91,9.4,198.58,20.53
2025-11-12,CMP_1001,Google_Search_Brand,Search,High Intent / Brand Defense,8244,648,12663.12,139,59,209263.42,19.54,7.86,214.63,16.53
2025-11-13,CMP_1001,Google_Search_Brand,Search,High Intent / Brand Defense,9823,881,16144.97,187,75,278992.97,18.33,8.97,215.27,17.28
2025-11-14,CMP_1001,Google_Search_Brand,Search,High Intent / Brand Defense,12571,1133,19744.5,236,113,337167.47,17.43,9.01,174.73,17.08
2025-11-15,CMP_1001,Google_Search_Brand,Search,High Intent / Brand Defense,11260,899,15999.69,196,78,254268.43,17.8,7.98,205.12,15.89
2025-11-16,CMP_1001,Google_Search_Brand,Search,High Intent / Brand Defense,9752,819,15792.65,174,68,241610.58,19.28,8.4,232.24,15.3
2025-11-17,CMP_1001,Google_Search_Brand,Search,High Intent / Brand Defense,6741,628,11351.52,114,59,247812.77,18.08,9.32,192.4,21.83
2025-11-18,CMP_1001,Google_Search_Brand,Search,High Intent / Brand Defense,10233,961,17968.09,177,86,278968.06,18.7,9.39,208.93,15.53
2025-11-19,CMP_1001,Google_Search_Brand,Search,High Intent / Brand Defense,11698,1010,17788.53,202,101,375477.31,17.61,8.63,176.12,21.11
2025-11-20,CMP_1001,Google_Search_Brand,Search,High Intent / Brand Defense,9827,758,13691.42,142,65,210035.45,18.06,7.71,210.64,15.34
2025-11-21,CMP_1001,Google_Search_Brand,Search,High Intent / Brand Defense,11589,894,16601.14,193,85,253472.46,18.57,7.71,195.31,15.27
2025-11-22,CMP_1001,Google_Search_Brand,Search,High Intent / Brand Defense,11258,967,18497.27,179,88,312328.45,19.13,8.59,210.2,16.89
2025-11-23,CMP_1001,Google_Search_Brand,Search,High Intent / Brand Defense,11153,928,17073.12,193,86,255823.46,18.4,8.32,198.52,14.98
2025-11-24,CMP_1001,Google_Search_Brand,Search,High Intent / Brand Defense,10641,971,18007.87,194,81,320706.41,18.55,9.13,222.32,17.81
2025-11-25,CMP_1001,Google_Search_Brand,Search,High Intent / Brand Defense,10437,851,14908.07,181,78,247153.81,17.52,8.15,191.13,16.58
2025-11-26,CMP_1001,Google_Search_Brand,Search,High Intent / Brand Defense,8022,744,14601.62,161,64,224235.87,19.63,9.27,228.15,15.36
2025-11-27,CMP_1001,Google_Search_Brand,Search,High Intent / Brand Defense,11358,965,17966.22,179,91,364733.49,18.62,8.5,197.43,20.3
2025-11-28,CMP_1001,Google_Search_Brand,Search,High Intent / Brand Defense,9754,884,16044.33,195,76,273731.35,18.15,9.06,211.11,17.06
2025-11-29,CMP_1001,Google_Search_Brand,Search,High Intent / Brand Defense,10974,963,18038.46,206,86,355568.93,18.73,8.78,209.75,19.71
2025-11-30,CMP_1001,Google_Search_Brand,Search,High Intent / Brand Defense,10240,799,14863.71,168,77,255701.28,18.6,7.8,193.04,17.2
2025-12-01,CMP_1001,Google_Search_Brand,Search,High Intent / Brand Defense,8029,747,13130.45,155,63,219796.91,17.58,9.3,208.42,16.74
2025-12-02,CMP_1001,Google_Search_Brand,Search,High Intent / Brand Defense,9006,689,12992.7,150,67,239664.44,18.86,7.65,193.92,18.45
2025-12-03,CMP_1001,Google_Search_Brand,Search,High Intent / Brand Defense,7735,684,13640.72,142,58,237186.46,19.94,8.84,235.18,17.39
2025-12-04,CMP_1001,Google_Search_Brand,Search,High Intent / Brand Defense,10293,804,14704.74,146,74,266937.5,18.29,7.81,198.71,18.15
2025-12-05,CMP_1001,Google_Search_Brand,Search,High Intent / Brand Defense,9651,866,14959.27,164,85,340333.74,17.27,8.97,175.99,22.75
2025-12-06,CMP_1001,Google_Search_Brand,Search,High Intent / Brand Defense,8690,776,14451.59,151,70,280519.83,18.62,8.93,206.45,19.41
2025-12-07,CMP_1001,Google_Search_Brand,Search,High Intent / Brand Defense,5638,517,9556.29,101,44,169766.92,18.48,9.17,217.19,17.76
2025-12-08,CMP_1001,Google_Search_Brand,Search,High Intent / Brand Defense,8405,646,12584.36,123,55,184976.02,19.48,7.69,228.81,14.7
2025-12-09,CMP_1001,Google_Search_Brand,Search,High Intent / Brand Defense,10266,898,17030.75,176,88,310723.65,18.97,8.75,193.53,18.24
2025-12-10,CMP_1001,Google_Search_Brand,Search,High Intent / Brand Defense,7522,660,13155.36,123,62,206592.77,19.93,8.77,212.18,15.7
2025-12-11,CMP_1001,Google_Search_Brand,Search,High Intent / Brand Defense,7945,733,12870.77,140,71,232156.9,17.56,9.23,181.28,18.04
2025-12-12,CMP_1001,Google_Search_Brand,Search,High Intent / Brand Defense,8430,750,14202.32,152,66,209826.96,18.94,8.9,215.19,14.77
2025-12-13,CMP_1001,Google_Search_Brand,Search,High Intent / Brand Defense,8360,756,14827.82,161,71,230323.3,19.61,9.04,208.84,15.53
2025-12-14,CMP_1001,Google_Search_Brand,Search,High Intent / Brand Defense,8114,718,14159.16,147,60,209879.73,19.72,8.85,235.99,14.82
2025-12-15,CMP_1001,Google_Search_Brand,Search,High Intent / Brand Defense,10404,859,16014.16,190,72,249455.94,18.64,8.26,222.42,15.58
2025-12-16,CMP_1001,Google_Search_Brand,Search,High Intent / Brand Defense,8788,790,13559.24,173,69,279956.78,17.16,8.99,196.51,20.65
2025-12-17,CMP_1001,Google_Search_Brand,Search,High Intent / Brand Defense,8441,770,14826.21,140,77,298626.99,19.25,9.12,192.55,20.14
2025-12-18,CMP_1001,Google_Search_Brand,Search,High Intent / Brand Defense,8078,741,13280.91,143,73,222146.98,17.92,9.17,181.93,16.73
2025-12-19,CMP_1001,Google_Search_Brand,Search,High Intent / Brand Defense,10522,839,14534.57,153,76,250778.78,17.32,7.97,191.24,17.25
2025-12-20,CMP_1001,Google_Search_Brand,Search,High Intent / Brand Defense,11500,930,17476.37,180,89,263037.21,18.79,8.09,196.36,15.05
2025-12-21,CMP_1001,Google_Search_Brand,Search,High Intent / Brand Defense,10155,798,15700.62,147,69,273973.23,19.67,7.86,227.55,17.45
2025-12-22,CMP_1001,Google_Search_Brand,Search,High Intent / Brand Defense,11593,1005,17221.23,223,99,356317.45,17.14,8.67,173.95,20.69
2025-12-23,CMP_1001,Google_Search_Brand,Search,High Intent / Brand Defense,7391,690,11945.29,144,67,273722.56,17.31,9.34,178.29,22.91
2025-12-24,CMP_1001,Google_Search_Brand,Search,High Intent / Brand Defense,8927,762,14276.74,152,67,233230.38,18.74,8.54,213.09,16.34
2025-12-25,CMP_1001,Google_Search_Brand,Search,High Intent / Brand Defense,8980,753,14822.41,155,71,262324.28,19.68,8.39,208.77,17.7
2025-12-26,CMP_1001,Google_Search_Brand,Search,High Intent / Brand Defense,10873,866,16547.32,175,73,249144.28,19.11,7.96,226.68,15.06
2025-12-27,CMP_1001,Google_Search_Brand,Search,High Intent / Brand Defense,10499,914,18141.89,194,84,315200.04,19.85,8.71,215.97,17.37
2025-12-28,CMP_1001,Google_Search_Brand,Search,High Intent / Brand Defense,9751,780,13448.23,153,71,209597.84,17.24,8.0,189.41,15.59
2025-12-29,CMP_1001,Google_Search_Brand,Search,High Intent / Brand Defense,7969,650,12941.4,131,56,208357.01,19.91,8.16,231.1,16.1
2025-12-30,CMP_1001,Google_Search_Brand,Search,High Intent / Brand Defense,8794,695,12415.16,141,57,165324.12,17.86,7.9,217.81,13.32
2025-12-31,CMP_1001,Google_Search_Brand,Search,High Intent / Brand Defense,7852,679,13181.58,137,59,245273.92,19.41,8.65,223.42,18.61
2025-01-01,CMP_1002,Google_Search_Generic,Search,Prospecting,18636,638,28239.22,44,18,60471.06,44.26,3.42,1568.85,2.14
2025-01-02,CMP_1002,Google_Search_Generic,Search,Prospecting,20856,831,37380.04,62,23,75063.6,44.98,3.98,1625.22,2.01
2025-01-03,CMP_1002,Google_Search_Generic,Search,Prospecting,19443,725,32106.56,48,24,92666.03,44.28,3.73,1337.77,2.89
2025-01-04,CMP_1002,Google_Search_Generic,Search,Prospecting,13665,576,27294.05,41,16,60088.09,47.39,4.22,1705.88,2.2
2025-01-05,CMP_1002,Google_Search_Generic,Search,Prospecting,26516,949,39675.19,59,30,114712.87,41.81,3.58,1322.51,2.89
2025-01-06,CMP_1002,Google_Search_Generic,Search,Prospecting,18638,686,30657.35,43,20,78232.04,44.69,3.68,1532.87,2.55
2025-01-07,CMP_1002,Google_Search_Generic,Search,Prospecting,19226,657,27544.04,43,22,83583.69,41.92,3.42,1252.0,3.03
2025-01-08,CMP_1002,Google_Search_Generic,Search,Prospecting,17326,581,26548.0,40,19,70738.9,45.69,3.35,1397.26,2.66
2025-01-09,CMP_1002,Google_Search_Generic,Search,Prospecting,20428,818,39054.66,51,27,80469.82,47.74,4.0,1446.47,2.06
2025-01-10,CMP_1002,Google_Search_Generic,Search,Prospecting,16975,633,26281.37,41,19,69824.85,41.52,3.73,1383.23,2.66
2025-01-11,CMP_1002,Google_Search_Generic,Search,Prospecting,24767,856,35742.8,59,25,97041.9,41.76,3.46,1429.71,2.72
2025-01-12,CMP_1002,Google_Search_Generic,Search,Prospecting,23098,863,40047.29,60,25,82664.66,46.4,3.74,1601.89,2.06
2025-01-13,CMP_1002,Google_Search_Generic,Search,Prospecting,19327,725,34135.97,52,23,93294.55,47.08,3.75,1484.17,2.73
2025-01-14,CMP_1002,Google_Search_Generic,Search,Prospecting,18477,716,31328.46,47,22,84691.13,43.75,3.88,1424.02,2.7
2025-01-15,CMP_1002,Google_Search_Generic,Search,Prospecting,21082,777,36054.04,49,23,70930.34,46.4,3.69,1567.57,1.97
2025-01-16,CMP_1002,Google_Search_Generic,Search,Prospecting,21263,716,30459.83,50,22,73770.88,42.54,3.37,1384.54,2.42
2025-01-17,CMP_1002,Google_Search_Generic,Search,Prospecting,23025,856,35898.3,56,27,100274.21,41.94,3.72,1329.57,2.79
2025-01-18,CMP_1002,Google_Search_Generic,Search,Prospecting,15912,598,29028.26,42,17,60356.83,48.54,3.76,1707.54,2.08
2025-01-19,CMP_1002,Google_Search_Generic,Search,Prospecting,20341,774,32237.68,57,23,67689.8,41.65,3.81,1401.64,2.1
2025-01-20,CMP_1002,Google_Search_Generic,Search,Prospecting,22018,741,31558.19,53,22,72234.2,42.59,3.37,1434.46,2.29
2025-01-21,CMP_1002,Google_Search_Generic,Search,Prospecting,18232,629,30149.94,46,18,73768.12,47.93,3.45,1675.0,2.45
2025-01-22,CMP_1002,Google_Search_Generic,Search,Prospecting,21624,780,37865.62,58,23,78528.81,48.55,3.61,1646.33,2.07
2025-01-23,CMP_1002,Google_Search_Generic,Search,Prospecting,20089,771,33848.21,48,24,87041.25,43.9,3.84,1410.34,2.57
2025-01-24,CMP_1002,Google_Search_Generic,Search,Prospecting,21797,789,35190.26,51,22,65304.82,44.6,3.62,1599.56,1.86
2025-01-25,CMP_1002,Google_Search_Generic,Search,Prospecting,23924,859,37704.22,64,26,87419.72,43.89,3.59,1450.16,2.32
2025-01-26,CMP_1002,Google_Search_Generic,Search,Prospecting,17087,669,29836.28,45,20,84832.68,44.6,3.92,1491.81,2.84
2025-01-27,CMP_1002,Google_Search_Generic,Search,Prospecting,17763,695,33196.23,48,22,69603.26,47.76,3.91,1508.92,2.1
2025-01-28,CMP_1002,Google_Search_Generic,Search,Prospecting,17243,662,29673.45,42,22,90790.88,44.82,3.84,1348.79,3.06
2025-01-29,CMP_1002,Google_Search_Generic,Search,Prospecting,17621,675,31470.26,49,19,75336.77,46.62,3.83,1656.33,2.39
2025-01-30,CMP_1002,Google_Search_Generic,Search,Prospecting,18533,768,33345.63,57,22,77423.25,43.42,4.14,1515.71,2.32
2025-01-31,CMP_1002,Google_Search_Generic,Search,Prospecting,16486,624,30284.04,45,19,64608.52,48.53,3.79,1593.9,2.13
2025-02-01,CMP_1002,Google_Search_Generic,Search,Prospecting,17692,654,30671.34,44,20,73501.99,46.9,3.7,1533.57,2.4
2025-02-02,CMP_1002,Google_Search_Generic,Search,Prospecting,15807,670,31931.17,44,22,86454.67,47.66,4.24,1451.42,2.71
2025-02-03,CMP_1002,Google_Search_Generic,Search,Prospecting,23550,811,34778.02,59,24,97005.06,42.88,3.44,1449.08,2.79
2025-02-04,CMP_1002,Google_Search_Generic,Search,Prospecting,19935,678,32447.9,49,20,71683.76,47.86,3.4,1622.4,2.21
2025-02-05,CMP_1002,Google_Search_Generic,Search,Prospecting,22466,849,35279.5,60,27,103459.79,41.55,3.78,1306.65,2.93
2025-02-06,CMP_1002,Google_Search_Generic,Search,Prospecting,21509,778,32973.68,51,25,81727.84,42.38,3.62,1318.95,2.48
2025-02-07,CMP_1002,Google_Search_Generic,Search,Prospecting,25141,844,36765.63,60,27,105220.28,43.56,3.36,1361.69,2.86
2025-02-08,CMP_1002,Google_Search_Generic,Search,Prospecting,22078,890,37765.43,63,28,110093.69,42.43,4.03,1348.77,2.92
2025-02-09,CMP_1002,Google_Search_Generic,Search,Prospecting,23200,879,36957.24,54,26,89535.29,42.04,3.79,1421.43,2.42
2025-02-10,CMP_1002,Google_Search_Generic,Search,Prospecting,24330,891,37350.75,56,29,121186.82,41.92,3.66,1287.96,3.24
2025-02-11,CMP_1002,Google_Search_Generic,Search,Prospecting,14129,537,22531.93,38,17,50291.23,41.96,3.8,1325.41,2.23
2025-02-12,CMP_1002,Google_Search_Generic,Search,Prospecting,21231,788,33066.47,51,23,75259.82,41.96,3.71,1437.67,2.28
2025-02-13,CMP_1002,Google_Search_Generic,Search,Prospecting,21860,826,36147.37,53,26,109756.77,43.76,3.78,1390.28,3.04
2025-02-14,CMP_1002,Google_Search_Generic,Search,Prospecting,18472,678,31030.87,47,19,77872.95,45.77,3.67,1633.2,2.51
2025-02-15,CMP_1002,Google_Search_Generic,Search,Prospecting,11242,440,20102.44,27,14,45066.38,45.69,3.91,1435.89,2.24
2025-02-16,CMP_1002,Google_Search_Generic,Search,Prospecting,18953,776,36119.25,56,24,86338.35,46.55,4.09,1504.97,2.39
2025-02-17,CMP_1002,Google_Search_Generic,Search,Prospecting,20621,783,33962.08,51,22,82416.37,43.37,3.8,1543.73,2.43
2025-02-18,CMP_1002,Google_Search_Generic,Search,Prospecting,17483,704,29455.18,46,19,68117.58,41.84,4.03,1550.27,2.31
2025-02-19,CMP_1002,Google_Search_Generic,Search,Prospecting,19088,639,30360.53,41,20,66402.55,47.51,3.35,1518.03,2.19
2025-02-20,CMP_1002,Google_Search_Generic,Search,Prospecting,21157,777,32775.95,50,25,82903.83,42.18,3.67,1311.04,2.53
2025-02-21,CMP_1002,Google_Search_Generic,Search,Prospecting,17921,748,33312.81,49,25,75285.84,44.54,4.17,1332.51,2.26
2025-02-22,CMP_1002,Google_Search_Generic,Search,Prospecting,20556,780,36167.95,52,24,92333.9,46.37,3.79,1507.0,2.55
2025-02-23,CMP_1002,Google_Search_Generic,Search,Prospecting,20480,827,40026.99,61,26,85679.13,48.4,4.04,1539.5,2.14
2025-02-24,CMP_1002,Google_Search_Generic,Search,Prospecting,22306,905,38180.65,63,25,84491.72,42.19,4.06,1527.23,2.21
2025-02-25,CMP_1002,Google_Search_Generic,Search,Prospecting,19088,718,32002.64,46,21,71251.87,44.57,3.76,1523.94,2.23
2025-02-26,CMP_1002,Google_Search_Generic,Search,Prospecting,20697,837,35006.03,56,27,109254.78,41.82,4.04,1296.52,3.12
2025-02-27,CMP_1002,Google_Search_Generic,Search,Prospecting,18882,783,35111.04,50,25,92913.57,44.84,4.15,1404.44,2.65
2025-02-28,CMP_1002,Google_Search_Generic,Search,Prospecting,17413,604,26305.83,42,19,63065.81,43.55,3.47,1384.52,2.4
2025-03-01,CMP_1002,Google_Search_Generic,Search,Prospecting,17812,628,29252.94,46,18,61023.4,46.58,3.53,1625.16,2.09
2025-03-02,CMP_1002,Google_Search_Generic,Search,Prospecting,30124,1038,43413.36,71,30,120787.59,41.82,3.45,1447.11,2.78
2025-03-03,CMP_1002,Google_Search_Generic,Search,Prospecting,18477,686,30857.0,47,21,60973.42,44.98,3.71,1469.38,1.98
2025-03-04,CMP_1002,Google_Search_Generic,Search,Prospecting,14303,604,27028.25,41,19,62968.56,44.75,4.22,1422.54,2.33
2025-03-05,CMP_1002,Google_Search_Generic,Search,Prospecting,18587,787,35576.91,49,22,86623.13,45.21,4.23,1617.13,2.43
2025-03-06,CMP_1002,Google_Search_Generic,Search,Prospecting,21803,753,35590.93,48,21,69066.89,47.27,3.45,1694.81,1.94
2025-03-07,CMP_1002,Google_Search_Generic,Search,Prospecting,20092,740,32509.28,45,22,82922.05,43.93,3.68,1477.69,2.55
2025-03-08,CMP_1002,Google_Search_Generic,Search,Prospecting,21547,887,42945.1,54,29,114699.35,48.42,4.12,1480.87,2.67
2025-03-09,CMP_1002,Google_Search_Generic,Search,Prospecting,21241,769,34083.99,47,22,70958.38,44.32,3.62,1549.27,2.08
2025-03-10,CMP_1002,Google_Search_Generic,Search,Prospecting,21810,878,39449.32,59,24,100622.26,44.93,4.03,1643.72,2.55
2025-03-11,CMP_1002,Google_Search_Generic,Search,Prospecting,19455,664,32104.43,44,19,59970.33,48.35,3.41,1689.71,1.87
2025-03-12,CMP_1002,Google_Search_Generic,Search,Prospecting,19966,781,33153.5,56,24,74156.86,42.45,3.91,1381.4,2.24
2025-03-13,CMP_1002,Google_Search_Generic,Search,Prospecting,19702,780,34491.11,50,23,95168.96,44.22,3.96,1499.61,2.76
2025-03-14,CMP_1002,Google_Search_Generic,Search,Prospecting,22954,866,37700.75,63,27,80314.1,43.53,3.77,1396.32,2.13
2025-03-15,CMP_1002,Google_Search_Generic,Search,Prospecting,17355,732,31024.29,50,21,74987.24,42.38,4.22,1477.35,2.42
2025-03-16,CMP_1002,Google_Search_Generic,Search,Prospecting,28885,986,45647.69,64,32,112484.62,46.3,3.41,1426.49,2.46
2025-03-17,CMP_1002,Google_Search_Generic,Search,Prospecting,14334,501,20940.69,33,14,41411.6,41.8,3.5,1495.76,1.98
2025-03-18,CMP_1002,Google_Search_Generic,Search,Prospecting,19698,835,39667.17,60,27,86915.4,47.51,4.24,1469.15,2.19
2025-03-19,CMP_1002,Google_Search_Generic,Search,Prospecting,13846,538,24009.38,33,17,71814.83,44.63,3.89,1412.32,2.99
2025-03-20,CMP_1002,Google_Search_Generic,Search,Prospecting,19720,802,34310.86,59,27,113286.18,42.78,4.07,1270.77,3.3
2025-03-21,CMP_1002,Google_Search_Generic,Search,Prospecting,20850,728,34129.44,49,23,74206.81,46.88,3.49,1483.89,2.17
2025-03-22,CMP_1002,Google_Search_Generic,Search,Prospecting,19408,767,35295.74,48,24,94545.9,46.02,3.95,1470.66,2.68
2025-03-23,CMP_1002,Google_Search_Generic,Search,Prospecting,22100,811,33634.71,60,23,86312.9,41.47,3.67,1462.38,2.57
2025-03-24,CMP_1002,Google_Search_Generic,Search,Prospecting,20454,744,31996.46,54,24,72473.83,43.01,3.64,1333.19,2.27
2025-03-25,CMP_1002,Google_Search_Generic,Search,Prospecting,16818,664,29816.4,41,19,65190.1,44.9,3.95,1569.28,2.19
2025-03-26,CMP_1002,Google_Search_Generic,Search,Prospecting,15506,659,31669.34,40,21,71306.44,48.06,4.25,1508.06,2.25
2025-03-27,CMP_1002,Google_Search_Generic,Search,Prospecting,19329,814,39098.02,56,24,95065.6,48.03,4.21,1629.08,2.43
2025-03-28,CMP_1002,Google_Search_Generic,Search,Prospecting,17390,671,28997.88,44,21,67555.79,43.22,3.86,1380.85,2.33
2025-03-29,CMP_1002,Google_Search_Generic,Search,Prospecting,24263,820,35271.37,50,23,93582.58,43.01,3.38,1533.54,2.65
2025-03-30,CMP_1002,Google_Search_Generic,Search,Prospecting,16623,700,30430.3,48,21,77257.34,43.47,4.21,1449.06,2.54
2025-03-31,CMP_1002,Google_Search_Generic,Search,Prospecting,25150,922,40086.06,67,31,127220.25,43.48,3.67,1293.1,3.17
2025-04-01,CMP_1002,Google_Search_Generic,Search,Prospecting,18048,732,32521.78,49,22,69704.03,44.43,4.06,1478.26,2.14
2025-04-02,CMP_1002,Google_Search_Generic,Search,Prospecting,14234,587,25738.03,37,16,47741.61,43.85,4.12,1608.63,1.85
2025-04-03,CMP_1002,Google_Search_Generic,Search,Prospecting,18443,702,33818.16,47,23,92614.64,48.17,3.81,1470.35,2.74
2025-04-04,CMP_1002,Google_Search_Generic,Search,Prospecting,20629,813,38178.91,51,27,97825.55,46.96,3.94,1414.03,2.56
2025-04-05,CMP_1002,Google_Search_Generic,Search,Prospecting,18409,687,29844.73,42,19,74691.73,43.44,3.73,1570.78,2.5
2025-04-06,CMP_1002,Google_Search_Generic,Search,Prospecting,18505,657,31821.46,43,19,60863.97,48.43,3.55,1674.81,1.91
2025-04-07,CMP_1002,Google_Search_Generic,Search,Prospecting,19355,776,32170.76,57,22,83418.37,41.46,4.01,1462.31,2.59
2025-04-08,CMP_1002,Google_Search_Generic,Search,Prospecting,21932,794,35331.56,52,25,100020.5,44.5,3.62,1413.26,2.83
2025-04-09,CMP_1002,Google_Search_Generic,Search,Prospecting,21807,803,34312.96,59,26,109964.59,42.73,3.68,1319.73,3.2
2025-04-10,CMP_1002,Google_Search_Generic,Search,Prospecting,16088,635,29012.45,39,19,73238.85,45.69,3.95,1526.97,2.52
2025-04-11,CMP_1002,Google_Search_Generic,Search,Prospecting,22633,918,39111.85,63,31,91378.52,42.61,4.06,1261.67,2.34
2025-04-12,CMP_1002,Google_Search_Generic,Search,Prospecting,22099,883,38452.25,63,25,89721.05,43.55,4.0,1538.09,2.33
2025-04-13,CMP_1002,Google_Search_Generic,Search,Prospecting,16681,614,27684.6,45,20,76764.1,45.09,3.68,1384.23,2.77
2025-04-14,CMP_1002,Google_Search_Generic,Search,Prospecting,15889,632,30396.66,45,21,68517.48,48.1,3.98,1447.46,2.25
2025-04-15,CMP_1002,Google_Search_Generic,Search,Prospecting,24616,867,40976.06,57,25,105519.87,47.26,3.52,1639.04,2.58
2025-04-16,CMP_1002,Google_Search_Generic,Search,Prospecting,19006,733,34197.51,54,22,74965.09,46.65,3.86,1554.43,2.19
2025-04-17,CMP_1002,Google_Search_Generic,Search,Prospecting,20758,843,35894.68,60,25,73106.58,42.58,4.06,1435.79,2.04
2025-04-18,CMP_1002,Google_Search_Generic,Search,Prospecting,12838,525,24410.63,36,17,50324.58,46.5,4.09,1435.92,2.06
2025-04-19,CMP_1002,Google_Search_Generic,Search,Prospecting,18528,741,33414.85,54,21,83538.1,45.09,4.0,1591.18,2.5
2025-04-20,CMP_1002,Google_Search_Generic,Search,Prospecting,13936,576,24433.29,36,17,55835.85,42.42,4.13,1437.25,2.29
2025-04-21,CMP_1002,Google_Search_Generic,Search,Prospecting,19860,786,37485.76,56,23,86016.06,47.69,3.96,1629.82,2.29
2025-04-22,CMP_1002,Google_Search_Generic,Search,Prospecting,23665,794,38059.72,56,22,80001.85,47.93,3.36,1729.99,2.1
2025-04-23,CMP_1002,Google_Search_Generic,Search,Prospecting,21138,766,33306.25,50,24,80263.39,43.48,3.62,1387.76,2.41
2025-04-24,CMP_1002,Google_Search_Generic,Search,Prospecting,16950,688,28853.68,44,21,80266.28,41.94,4.06,1373.98,2.78
2025-04-25,CMP_1002,Google_Search_Generic,Search,Prospecting,26652,905,39668.64,60,30,112882.76,43.83,3.4,1322.29,2.85
2025-04-26,CMP_1002,Google_Search_Generic,Search,Prospecting,25553,952,40786.99,68,27,88232.75,42.84,3.73,1510.63,2.16
2025-04-27,CMP_1002,Google_Search_Generic,Search,Prospecting,26163,978,42442.5,73,27,97076.7,43.4,3.74,1571.94,2.29
2025-04-28,CMP_1002,Google_Search_Generic,Search,Prospecting,16555,660,30848.0,44,19,65184.3,46.74,3.99,1623.58,2.11
2025-04-29,CMP_1002,Google_Search_Generic,Search,Prospecting,17897,632,27378.83,42,18,59057.06,43.32,3.53,1521.05,2.16
2025-04-30,CMP_1002,Google_Search_Generic,Search,Prospecting,21146,722,33036.34,45,24,79063.57,45.76,3.41,1376.51,2.39
2025-05-01,CMP_1002,Google_Search_Generic,Search,Prospecting,22697,883,37146.72,61,28,91102.67,42.07,3.89,1326.67,2.45
2025-05-02,CMP_1002,Google_Search_Generic,Search,Prospecting,22510,878,40856.98,57,25,92570.72,46.53,3.9,1634.28,2.27
2025-05-03,CMP_1002,Google_Search_Generic,Search,Prospecting,15496,652,31058.68,40,18,75147.14,47.64,4.21,1725.48,2.42
2025-05-04,CMP_1002,Google_Search_Generic,Search,Prospecting,23763,922,39557.38,65,29,99907.5,42.9,3.88,1364.05,2.53
2025-05-05,CMP_1002,Google_Search_Generic,Search,Prospecting,23918,927,38502.95,60,28,117384.69,41.54,3.88,1375.11,3.05
2025-05-06,CMP_1002,Google_Search_Generic,Search,Prospecting,25067,992,42421.77,74,28,81236.82,42.76,3.96,1515.06,1.91
2025-05-07,CMP_1002,Google_Search_Generic,Search,Prospecting,23013,789,35129.61,56,26,90486.98,44.52,3.43,1351.14,2.58
2025-05-08,CMP_1002,Google_Search_Generic,Search,Prospecting,22134,742,34616.18,51,23,86416.89,46.65,3.35,1505.05,2.5
2025-05-09,CMP_1002,Google_Search_Generic,Search,Prospecting,16669,666,28767.11,41,19,77583.83,43.19,4.0,1514.06,2.7
2025-05-10,CMP_1002,Google_Search_Generic,Search,Prospecting,21233,758,32881.17,47,23,89389.9,43.38,3.57,1429.62,2.72
2025-05-11,CMP_1002,Google_Search_Generic,Search,Prospecting,18394,728,33347.29,45,24,96728.37,45.81,3.96,1389.47,2.9
2025-05-12,CMP_1002,Google_Search_Generic,Search,Prospecting,21248,816,39298.43,52,25,97507.97,48.16,3.84,1571.94,2.48
2025-05-13,CMP_1002,Google_Search_Generic,Search,Prospecting,21939,838,39160.01,52,25,103556.06,46.73,3.82,1566.4,2.64
2025-05-14,CMP_1002,Google_Search_Generic,Search,Prospecting,26412,972,42164.89,71,31,122786.24,43.38,3.68,1360.16,2.91
2025-05-15,CMP_1002,Google_Search_Generic,Search,Prospecting,22379,877,48619.36,56,28,97203.06,55.44,3.92,1736.41,2.0
2025-05-16,CMP_1002,Google_Search_Generic,Search,Prospecting,28538,971,46762.58,70,28,97824.45,48.16,3.4,1670.09,2.09
2025-05-17,CMP_1002,Google_Search_Generic,Search,Prospecting,21914,793,32966.72,54,22,78273.58,41.57,3.62,1498.49,2.37
2025-05-18,CMP_1002,Google_Search_Generic,Search,Prospecting,20774,744,34334.39,47,21,62703.25,46.15,3.58,1634.97,1.83
2025-05-19,CMP_1002,Google_Search_Generic,Search,Prospecting,26052,1029,44018.16,75,33,126118.83,42.78,3.95,1333.88,2.87
2025-05-20,CMP_1002,Google_Search_Generic,Search,Prospecting,22536,805,35143.46,55,25,84384.12,43.66,3.57,1405.74,2.4
2025-05-21,CMP_1002,Google_Search_Generic,Search,Prospecting,18708,767,33738.82,55,22,90920.55,43.99,4.1,1533.58,2.69
2025-05-22,CMP_1002,Google_Search_Generic,Search,Prospecting,21628,823,36172.73,61,27,81796.3,43.95,3.81,1339.73,2.26
2025-05-23,CMP_1002,Google_Search_Generic,Search,Prospecting,22579,869,38439.4,59,25,101449.77,44.23,3.85,1537.58,2.64
2025-05-24,CMP_1002,Google_Search_Generic,Search,Prospecting,21606,870,41409.01,58,27,83918.62,47.6,4.03,1533.67,2.03
2025-05-25,CMP_1002,Google_Search_Generic,Search,Prospecting,24148,847,39213.44,60,24,73196.87,46.3,3.51,1633.89,1.87
2025-05-26,CMP_1002,Google_Search_Generic,Search,Prospecting,26438,923,41679.08,57,25,77885.44,45.16,3.49,1667.16,1.87
2025-05-27,CMP_1002,Google_Search_Generic,Search,Prospecting,24268,865,41392.27,57,24,76617.87,47.85,3.56,1724.68,1.85
2025-05-28,CMP_1002,Google_Search_Generic,Search,Prospecting,26849,912,48933.58,60,26,82903.43,53.66,3.4,1882.06,1.69
2025-05-29,CMP_1002,Google_Search_Generic,Search,Prospecting,20634,806,38964.8,55,24,83360.74,48.34,3.91,1623.53,2.14
2025-05-30,CMP_1002,Google_Search_Generic,Search,Prospecting,28366,993,46154.83,67,30,122217.5,46.48,3.5,1538.49,2.65
2025-05-31,CMP_1002,Google_Search_Generic,Search,Prospecting,22012,843,38748.07,53,26,79284.33,45.96,3.83,1490.31,2.05
2025-06-01,CMP_1002,Google_Search_Generic,Search,Prospecting,18742,662,30723.27,44,22,69693.15,46.41,3.53,1396.51,2.27
2025-06-02,CMP_1002,Google_Search_Generic,Search,Prospecting,17818,664,29959.5,40,21,62661.95,45.12,3.73,1426.64,2.09
2025-06-03,CMP_1002,Google_Search_Generic,Search,Prospecting,24722,982,45103.97,63,27,104594.85,45.93,3.97,1670.52,2.32
2025-06-04,CMP_1002,Google_Search_Generic,Search,Prospecting,14221,584,26440.16,42,19,67444.85,45.27,4.11,1391.59,2.55
2025-06-05,CMP_1002,Google_Search_Generic,Search,Prospecting,23894,839,37482.35,61,27,95152.89,44.68,3.51,1388.24,2.54
2025-06-06,CMP_1002,Google_Search_Generic,Search,Prospecting,18606,688,28871.61,49,23,72834.63,41.96,3.7,1255.29,2.52
2025-06-07,CMP_1002,Google_Search_Generic,Search,Prospecting,23937,815,39442.15,57,23,78214.67,48.4,3.4,1714.88,1.98
2025-06-08,CMP_1002,Google_Search_Generic,Search,Prospecting,13558,507,23965.55,38,15,49901.71,47.27,3.74,1597.7,2.08
2025-06-09,CMP_1002,Google_Search_Generic,Search,Prospecting,19168,653,28823.19,43,20,77458.47,44.14,3.41,1441.16,2.69
2025-06-10,CMP_1002,Google_Search_Generic,Search,Prospecting,14133,564,26051.67,34,16,60638.25,46.19,3.99,1628.23,2.33
2025-06-11,CMP_1002,Google_Search_Generic,Search,Prospecting,16202,656,30992.54,45,18,70784.29,47.24,4.05,1721.81,2.28
2025-06-12,CMP_1002,Google_Search_Generic,Search,Prospecting,17253,700,31967.39,50,23,82673.29,45.67,4.06,1389.89,2.59
2025-06-13,CMP_1002,Google_Search_Generic,Search,Prospecting,18453,742,34048.81,47,21,86120.1,45.89,4.02,1621.37,2.53
2025-06-14,CMP_1002,Google_Search_Generic,Search,Prospecting,15818,660,30894.56,47,20,75592.41,46.81,4.17,1544.73,2.45
2025-06-15,CMP_1002,Google_Search_Generic,Search,Prospecting,22542,786,36153.18,53,25,81462.05,46.0,3.49,1446.13,2.25
2025-06-16,CMP_1002,Google_Search_Generic,Search,Prospecting,23579,856,36706.55,55,25,86694.93,42.88,3.63,1468.26,2.36
2025-06-17,CMP_1002,Google_Search_Generic,Search,Prospecting,21967,750,32078.09,53,22,88169.18,42.77,3.41,1458.1,2.75
2025-06-18,CMP_1002,Google_Search_Generic,Search,Prospecting,19434,791,36511.39,51,25,81228.11,46.16,4.07,1460.46,2.22
2025-06-19,CMP_1002,Google_Search_Generic,Search,Prospecting,20920,751,32859.2,48,24,76498.88,43.75,3.59,1369.13,2.33
2025-06-20,CMP_1002,Google_Search_Generic,Search,Prospecting,21197,760,34766.26,53,25,98702.86,45.75,3.59,1390.65,2.84
2025-06-21,CMP_1002,Google_Search_Generic,Search,Prospecting,18937,754,31716.14,50,23,67444.34,42.06,3.98,1378.96,2.13
2025-06-22,CMP_1002,Google_Search_Generic,Search,Prospecting,26076,880,38110.13,64,25,91199.46,43.31,3.37,1524.41,2.39
2025-06-23,CMP_1002,Google_Search_Generic,Search,Prospecting,17824,742,32476.72,54,22,90536.75,43.77,4.16,1476.21,2.79
2025-06-24,CMP_1002,Google_Search_Generic,Search,Prospecting,15402,631,30682.76,46,18,66137.67,48.63,4.1,1704.6,2.16
2025-06-25,CMP_1002,Google_Search_Generic,Search,Prospecting,17678,752,35783.94,48,21,72433.63,47.59,4.25,1704.0,2.02
2025-06-26,CMP_1002,Google_Search_Generic,Search,Prospecting,24610,828,35062.34,54,27,98820.15,42.35,3.36,1298.61,2.82
2025-06-27,CMP_1002,Google_Search_Generic,Search,Prospecting,25855,868,37408.83,62,27,106021.75,43.1,3.36,1385.51,2.83
2025-06-28,CMP_1002,Google_Search_Generic,Search,Prospecting,16725,687,28638.9,47,21,78528.98,41.69,4.11,1363.76,2.74
2025-06-29,CMP_1002,Google_Search_Generic,Search,Prospecting,18811,799,36446.54,57,24,92449.44,45.62,4.25,1518.61,2.54
2025-06-30,CMP_1002,Google_Search_Generic,Search,Prospecting,23700,842,37225.44,58,28,116301.63,44.21,3.55,1329.48,3.12
2025-07-01,CMP_1002,Google_Search_Generic,Search,Prospecting,18532,788,33838.25,58,25,99600.08,42.94,4.25,1353.53,2.94
2025-07-02,CMP_1002,Google_Search_Generic,Search,Prospecting,11866,461,21499.87,28,14,53307.93,46.64,3.89,1535.7,2.48
2025-07-03,CMP_1002,Google_Search_Generic,Search,Prospecting,15843,554,26705.46,37,17,65247.78,48.2,3.5,1570.91,2.44
2025-07-04,CMP_1002,Google_Search_Generic,Search,Prospecting,23782,855,39408.32,54,27,100036.37,46.09,3.6,1459.57,2.54
2025-07-05,CMP_1002,Google_Search_Generic,Search,Prospecting,21502,850,38014.4,61,24,69984.89,44.72,3.95,1583.93,1.84
2025-07-06,CMP_1002,Google_Search_Generic,Search,Prospecting,16794,655,30800.93,46,21,83618.28,47.02,3.9,1466.71,2.71
2025-07-07,CMP_1002,Google_Search_Generic,Search,Prospecting,19323,717,32217.57,45,22,71868.21,44.93,3.71,1464.44,2.23
2025-07-08,CMP_1002,Google_Search_Generic,Search,Prospecting,18679,724,34790.7,50,21,62174.82,48.05,3.88,1656.7,1.79
2025-07-09,CMP_1002,Google_Search_Generic,Search,Prospecting,19294,752,31630.26,55,25,94657.54,42.06,3.9,1265.21,2.99
2025-07-10,CMP_1002,Google_Search_Generic,Search,Prospecting,16751,692,29741.7,50,20,77857.99,42.98,4.13,1487.08,2.62
2025-07-11,CMP_1002,Google_Search_Generic,Search,Prospecting,22246,750,36476.78,55,23,96917.41,48.64,3.37,1585.95,2.66
2025-07-12,CMP_1002,Google_Search_Generic,Search,Prospecting,17392,716,32042.11,44,21,62603.99,44.75,4.12,1525.81,1.95
2025-07-13,CMP_1002,Google_Search_Generic,Search,Prospecting,23047,815,34170.7,52,25,81381.11,41.93,3.54,1366.83,2.38
2025-07-14,CMP_1002,Google_Search_Generic,Search,Prospecting,19160,670,28267.11,42,22,86298.03,42.19,3.5,1284.87,3.05
2025-07-15,CMP_1002,Google_Search_Generic,Search,Prospecting,17927,730,31691.18,48,21,67330.37,43.41,4.07,1509.1,2.12
2025-07-16,CMP_1002,Google_Search_Generic,Search,Prospecting,22694,812,34397.21,53,26,77352.29,42.36,3.58,1322.97,2.25
2025-07-17,CMP_1002,Google_Search_Generic,Search,Prospecting,22507,823,34975.15,60,23,69058.01,42.5,3.66,1520.66,1.97
2025-07-18,CMP_1002,Google_Search_Generic,Search,Prospecting,17956,650,29212.88,44,21,64606.96,44.94,3.62,1391.09,2.21
2025-07-19,CMP_1002,Google_Search_Generic,Search,Prospecting,21747,851,36119.17,55,26,78049.15,42.44,3.91,1389.2,2.16
2025-07-20,CMP_1002,Google_Search_Generic,Search,Prospecting,24203,877,48665.17,63,24,83023.34,55.49,3.62,2027.72,1.71
2025-07-21,CMP_1002,Google_Search_Generic,Search,Prospecting,22593,893,40694.26,64,29,96189.25,45.57,3.95,1403.25,2.36
2025-07-22,CMP_1002,Google_Search_Generic,Search,Prospecting,16325,671,30393.79,50,22,74694.3,45.3,4.11,1381.54,2.46
2025-07-23,CMP_1002,Google_Search_Generic,Search,Prospecting,17900,679,31755.51,46,22,74393.2,46.77,3.79,1443.43,2.34
2025-07-24,CMP_1002,Google_Search_Generic,Search,Prospecting,14104,524,24974.05,34,16,62830.85,47.66,3.72,1560.88,2.52
2025-07-25,CMP_1002,Google_Search_Generic,Search,Prospecting,18178,637,30783.08,44,20,71117.79,48.33,3.5,1539.15,2.31
2025-07-26,CMP_1002,Google_Search_Generic,Search,Prospecting,20570,731,33700.81,50,22,83377.08,46.1,3.55,1531.85,2.47
2025-07-27,CMP_1002,Google_Search_Generic,Search,Prospecting,23595,849,36283.88,54,24,96311.21,42.74,3.6,1511.83,2.65
2025-07-28,CMP_1002,Google_Search_Generic,Search,Prospecting,14560,610,26513.49,45,19,58605.15,43.46,4.19,1395.45,2.21
2025-07-29,CMP_1002,Google_Search_Generic,Search,Prospecting,25238,864,38089.8,59,28,111228.88,44.09,3.42,1360.35,2.92
2025-07-30,CMP_1002,Google_Search_Generic,Search,Prospecting,17409,689,29434.02,44,20,81574.75,42.72,3.96,1471.7,2.77
2025-07-31,CMP_1002,Google_Search_Generic,Search,Prospecting,16215,671,27807.07,48,21,82117.59,41.44,4.14,1324.15,2.95
2025-08-01,CMP_1002,Google_Search_Generic,Search,Prospecting,17224,648,27566.6,42,18,63920.47,42.54,3.76,1531.48,2.32
2025-08-02,CMP_1002,Google_Search_Generic,Search,Prospecting,16944,707,30517.47,47,21,82412.04,43.16,4.17,1453.21,2.7
2025-08-03,CMP_1002,Google_Search_Generic,Search,Prospecting,19770,749,31861.1,50,23,97736.16,42.54,3.79,1385.27,3.07
2025-08-04,CMP_1002,Google_Search_Generic,Search,Prospecting,17715,620,29368.76,38,18,60353.27,47.37,3.5,1631.6,2.06
2025-08-05,CMP_1002,Google_Search_Generic,Search,Prospecting,22099,863,38941.69,63,26,92865.11,45.12,3.91,1497.76,2.38
2025-08-06,CMP_1002,Google_Search_Generic,Search,Prospecting,13006,454,21579.44,28,13,41768.62,47.53,3.49,1659.96,1.94
2025-08-07,CMP_1002,Google_Search_Generic,Search,Prospecting,24270,972,40623.48,61,30,98166.83,41.79,4.0,1354.12,2.42
2025-08-08,CMP_1002,Google_Search_Generic,Search,Prospecting,17127,634,29919.03,45,18,70937.44,47.19,3.7,1662.17,2.37
2025-08-09,CMP_1002,Google_Search_Generic,Search,Prospecting,17290,685,29549.65,47,23,78585.45,43.14,3.96,1284.77,2.66
2025-08-10,CMP_1002,Google_Search_Generic,Search,Prospecting,21333,759,35690.34,50,21,88150.22,47.02,3.56,1699.54,2.47
2025-08-11,CMP_1002,Google_Search_Generic,Search,Prospecting,19832,832,38479.36,54,26,99131.76,46.25,4.2,1479.98,2.58
2025-08-12,CMP_1002,Google_Search_Generic,Search,Prospecting,18140,753,36345.77,53,22,72005.95,48.27,4.15,1652.08,1.98
2025-08-13,CMP_1002,Google_Search_Generic,Search,Prospecting,18309,614,29722.3,43,19,71000.3,48.41,3.35,1564.33,2.39
2025-08-14,CMP_1002,Google_Search_Generic,Search,Prospecting,18117,649,28980.1,42,21,87407.44,44.65,3.58,1380.0,3.02
2025-08-15,CMP_1002,Google_Search_Generic,Search,Prospecting,19572,721,30852.26,53,20,60312.21,42.79,3.68,1542.61,1.95
2025-08-16,CMP_1002,Google_Search_Generic,Search,Prospecting,20487,866,36820.29,58,26,83861.85,42.52,4.23,1416.16,2.28
2025-08-17,CMP_1002,Google_Search_Generic,Search,Prospecting,16642,657,29461.54,47,21,77194.57,44.84,3.95,1402.93,2.62
2025-08-18,CMP_1002,Google_Search_Generic,Search,Prospecting,14816,615,27255.42,45,20,66337.48,44.32,4.15,1362.77,2.43
2025-08-19,CMP_1002,Google_Search_Generic,Search,Prospecting,24445,878,40736.82,56,25,83881.66,46.4,3.59,1629.47,2.06
2025-08-20,CMP_1002,Google_Search_Generic,Search,Prospecting,22445,901,38115.42,61,26,92566.1,42.3,4.01,1465.98,2.43
2025-08-21,CMP_1002,Google_Search_Generic,Search,Prospecting,18108,704,30705.73,47,20,60971.06,43.62,3.89,1535.29,1.99
2025-08-22,CMP_1002,Google_Search_Generic,Search,Prospecting,20760,833,36556.81,58,28,112182.96,43.89,4.01,1305.6,3.07
2025-08-23,CMP_1002,Google_Search_Generic,Search,Prospecting,19907,785,35728.77,57,23,76692.14,45.51,3.94,1553.42,2.15
2025-08-24,CMP_1002,Google_Search_Generic,Search,Prospecting,20147,759,34586.46,47,25,79549.66,45.57,3.77,1383.46,2.3
2025-08-25,CMP_1002,Google_Search_Generic,Search,Prospecting,19940,775,32466.86,55,21,79502.98,41.89,3.89,1546.04,2.45
2025-08-26,CMP_1002,Google_Search_Generic,Search,Prospecting,16519,638,27240.41,41,21,84073.22,42.7,3.86,1297.16,3.09
2025-08-27,CMP_1002,Google_Search_Generic,Search,Prospecting,18654,668,32387.4,49,20,67252.51,48.48,3.58,1619.37,2.08
2025-08-28,CMP_1002,Google_Search_Generic,Search,Prospecting,17802,695,29931.97,45,21,70949.0,43.07,3.9,1425.33,2.37
2025-08-29,CMP_1002,Google_Search_Generic,Search,Prospecting,21380,875,41438.44,59,26,87960.11,47.36,4.09,1593.79,2.12
2025-08-30,CMP_1002,Google_Search_Generic,Search,Prospecting,21980,752,32282.0,50,23,92773.62,42.93,3.42,1403.57,2.87
2025-08-31,CMP_1002,Google_Search_Generic,Search,Prospecting,25437,939,40391.89,67,30,102392.13,43.02,3.69,1346.4,2.53
2025-09-01,CMP_1002,Google_Search_Generic,Search,Prospecting,13614,470,22651.29,34,15,54194.07,48.19,3.45,1510.09,2.39
2025-09-02,CMP_1002,Google_Search_Generic,Search,Prospecting,19085,721,30057.4,48,20,75654.34,41.69,3.78,1502.87,2.52
2025-09-03,CMP_1002,Google_Search_Generic,Search,Prospecting,20343,693,32294.92,46,19,70744.64,46.6,3.41,1699.73,2.19
2025-09-04,CMP_1002,Google_Search_Generic,Search,Prospecting,17985,710,34234.36,44,21,76416.95,48.22,3.95,1630.21,2.23
2025-09-05,CMP_1002,Google_Search_Generic,Search,Prospecting,20476,799,37795.37,53,23,69781.75,47.3,3.9,1643.28,1.85
2025-09-06,CMP_1002,Google_Search_Generic,Search,Prospecting,20479,762,33518.73,53,24,71648.33,43.99,3.72,1396.61,2.14
2025-09-07,CMP_1002,Google_Search_Generic,Search,Prospecting,16737,686,29189.25,42,20,62375.14,42.55,4.1,1459.46,2.14
2025-09-08,CMP_1002,Google_Search_Generic,Search,Prospecting,16303,628,30021.6,40,19,73811.61,47.81,3.85,1580.08,2.46
2025-09-09,CMP_1002,Google_Search_Generic,Search,Prospecting,19424,721,33126.32,51,22,83848.95,45.94,3.71,1505.74,2.53
2025-09-10,CMP_1002,Google_Search_Generic,Search,Prospecting,19869,797,35463.61,57,22,88501.26,44.5,4.01,1611.98,2.5
2025-09-11,CMP_1002,Google_Search_Generic,Search,Prospecting,23118,853,38002.66,63,25,100953.22,44.55,3.69,1520.11,2.66
2025-09-12,CMP_1002,Google_Search_Generic,Search,Prospecting,19093,728,32701.8,47,22,73310.32,44.92,3.81,1486.45,2.24
2025-09-13,CMP_1002,Google_Search_Generic,Search,Prospecting,20331,744,34727.71,52,24,100262.12,46.68,3.66,1446.99,2.89
2025-09-14,CMP_1002,Google_Search_Generic,Search,Prospecting,20747,842,37298.05,54,28,81901.31,44.3,4.06,1332.07,2.2
2025-09-15,CMP_1002,Google_Search_Generic,Search,Prospecting,25131,868,40247.4,64,25,93423.62,46.37,3.45,1609.9,2.32
2025-09-16,CMP_1002,Google_Search_Generic,Search,Prospecting,23950,868,37353.05,59,26,80805.58,43.03,3.62,1436.66,2.16
2025-09-17,CMP_1002,Google_Search_Generic,Search,Prospecting,15613,650,30495.7,40,19,57500.35,46.92,4.16,1605.04,1.89
2025-09-18,CMP_1002,Google_Search_Generic,Search,Prospecting,15832,625,25952.62,43,18,57743.74,41.52,3.95,1441.81,2.22
2025-09-19,CMP_1002,Google_Search_Generic,Search,Prospecting,19212,716,34456.04,44,20,73411.44,48.12,3.73,1722.8,2.13
2025-09-20,CMP_1002,Google_Search_Generic,Search,Prospecting,22402,755,33409.85,52,21,83177.34,44.25,3.37,1590.95,2.49
2025-09-21,CMP_1002,Google_Search_Generic,Search,Prospecting,20530,761,34753.83,56,23,75079.48,45.67,3.71,1511.04,2.16
2025-09-22,CMP_1002,Google_Search_Generic,Search,Prospecting,19044,684,31812.15,50,20,72756.42,46.51,3.59,1590.61,2.29
2025-09-23,CMP_1002,Google_Search_Generic,Search,Prospecting,16279,664,31504.53,42,19,76029.17,47.45,4.08,1658.13,2.41
2025-09-24,CMP_1002,Google_Search_Generic,Search,Prospecting,17546,602,28985.9,40,18,73334.45,48.15,3.43,1610.33,2.53
2025-09-25,CMP_1002,Google_Search_Generic,Search,Prospecting,10745,398,17465.06,27,11,40347.06,43.88,3.7,1587.73,2.31
2025-09-26,CMP_1002,Google_Search_Generic,Search,Prospecting,15802,638,30125.89,40,18,58584.91,47.22,4.04,1673.66,1.94
2025-09-27,CMP_1002,Google_Search_Generic,Search,Prospecting,18700,635,29428.19,39,19,72924.71,46.34,3.4,1548.85,2.48
2025-09-28,CMP_1002,Google_Search_Generic,Search,Prospecting,15703,617,26440.86,40,20,82162.77,42.85,3.93,1322.04,3.11
2025-09-29,CMP_1002,Google_Search_Generic,Search,Prospecting,17062,608,26988.91,42,20,76108.11,44.39,3.56,1349.45,2.82
2025-09-30,CMP_1002,Google_Search_Generic,Search,Prospecting,16081,596,28237.82,37,19,64224.66,47.38,3.71,1486.2,2.27
2025-10-01,CMP_1002,Google_Search_Generic,Search,Prospecting,20850,886,37216.06,56,30,126573.02,42.0,4.25,1240.54,3.4
2025-10-02,CMP_1002,Google_Search_Generic,Search,Prospecting,25624,1011,47668.49,70,33,108360.05,47.15,3.95,1444.5,2.27
2025-10-03,CMP_1002,Google_Search_Generic,Search,Prospecting,25442,950,54608.26,62,29,117356.66,57.48,3.73,1883.04,2.15
2025-10-04,CMP_1002,Google_Search_Generic,Search,Prospecting,22305,936,40111.79,66,30,109392.58,42.85,4.2,1337.06,2.73
2025-10-05,CMP_1002,Google_Search_Generic,Search,Prospecting,22910,819,38438.42,59,23,70409.88,46.93,3.57,1671.24,1.83
2025-10-06,CMP_1002,Google_Search_Generic,Search,Prospecting,20739,821,39815.02,59,24,91440.43,48.5,3.96,1658.96,2.3
2025-10-07,CMP_1002,Google_Search_Generic,Search,Prospecting,22694,878,51536.12,59,25,98381.77,58.7,3.87,2061.44,1.91
2025-10-08,CMP_1002,Google_Search_Generic,Search,Prospecting,23569,937,50816.19,60,29,113274.77,54.23,3.98,1752.28,2.23
2025-10-09,CMP_1002,Google_Search_Generic,Search,Prospecting,27739,939,44618.76,67,28,99142.36,47.52,3.39,1593.53,2.22
2025-10-10,CMP_1002,Google_Search_Generic,Search,Prospecting,21800,795,38260.63,53,22,66021.43,48.13,3.65,1739.12,1.73
2025-10-11,CMP_1002,Google_Search_Generic,Search,Prospecting,23806,834,37845.74,54,26,109273.1,45.38,3.5,1455.61,2.89
2025-10-12,CMP_1002,Google_Search_Generic,Search,Prospecting,23772,988,52757.1,68,31,110681.74,53.4,4.16,1701.84,2.1
2025-10-13,CMP_1002,Google_Search_Generic,Search,Prospecting,19543,726,34857.0,45,23,75646.1,48.01,3.71,1515.52,2.17
2025-10-14,CMP_1002,Google_Search_Generic,Search,Prospecting,21756,866,48493.64,63,28,106675.83,56.0,3.98,1731.92,2.2
2025-10-15,CMP_1002,Google_Search_Generic,Search,Prospecting,30911,1034,45038.1,67,30,113702.85,43.56,3.35,1501.27,2.52
2025-10-16,CMP_1002,Google_Search_Generic,Search,Prospecting,24605,956,43940.45,58,30,99900.04,45.96,3.89,1464.68,2.27
2025-10-17,CMP_1002,Google_Search_Generic,Search,Prospecting,30576,1060,46527.08,66,35,144865.72,43.89,3.47,1329.35,3.11
2025-10-18,CMP_1002,Google_Search_Generic,Search,Prospecting,26088,897,52906.09,59,29,114566.14,58.98,3.44,1824.35,2.17
2025-10-19,CMP_1002,Google_Search_Generic,Search,Prospecting,26610,893,38618.63,61,29,121578.99,43.25,3.36,1331.68,3.15
2025-10-20,CMP_1002,Google_Search_Generic,Search,Prospecting,22999,877,49977.21,54,27,91982.83,56.99,3.81,1851.01,1.84
2025-10-21,CMP_1002,Google_Search_Generic,Search,Prospecting,23902,820,35392.53,53,23,72003.34,43.16,3.43,1538.81,2.03
2025-10-22,CMP_1002,Google_Search_Generic,Search,Prospecting,22139,830,50717.1,56,27,114587.29,61.1,3.75,1878.41,2.26
2025-10-23,CMP_1002,Google_Search_Generic,Search,Prospecting,25035,907,49584.83,60,29,110715.64,54.67,3.62,1709.82,2.23
2025-10-24,CMP_1002,Google_Search_Generic,Search,Prospecting,29635,1027,44890.12,71,29,106625.74,43.71,3.47,1547.94,2.38
2025-10-25,CMP_1002,Google_Search_Generic,Search,Prospecting,20241,838,48704.11,57,27,100766.02,58.12,4.14,1803.86,2.07
2025-10-26,CMP_1002,Google_Search_Generic,Search,Prospecting,27201,916,48506.85,59,28,104419.39,52.96,3.37,1732.39,2.15
2025-10-27,CMP_1002,Google_Search_Generic,Search,Prospecting,23160,978,41392.69,61,30,110591.0,42.32,4.22,1379.76,2.67
2025-10-28,CMP_1002,Google_Search_Generic,Search,Prospecting,29189,999,45282.23,62,28,103219.18,45.33,3.42,1617.22,2.28
2025-10-29,CMP_1002,Google_Search_Generic,Search,Prospecting,18817,770,35455.2,47,23,88031.63,46.05,4.09,1541.53,2.48
2025-10-30,CMP_1002,Google_Search_Generic,Search,Prospecting,28388,1029,44489.88,71,34,135710.91,43.24,3.62,1308.53,3.05
2025-10-31,CMP_1002,Google_Search_Generic,Search,Prospecting,23418,920,51149.19,62,26,99953.47,55.6,3.93,1967.28,1.95
2025-11-01,CMP_1002,Google_Search_Generic,Search,Prospecting,27621,1014,46070.36,74,28,92944.64,45.43,3.67,1645.37,2.02
2025-11-02,CMP_1002,Google_Search_Generic,Search,Prospecting,22185,822,38068.15,58,25,86267.51,46.31,3.71,1522.73,2.27
2025-11-03,CMP_1002,Google_Search_Generic,Search,Prospecting,23007,822,49350.0,51,25,105206.94,60.04,3.57,1974.0,2.13
2025-11-04,CMP_1002,Google_Search_Generic,Search,Prospecting,24097,917,40230.94,58,29,123161.24,43.87,3.81,1387.27,3.06
2025-11-05,CMP_1002,Google_Search_Generic,Search,Prospecting,25848,948,42371.84,63,27,110463.81,44.7,3.67,1569.33,2.61
2025-11-06,CMP_1002,Google_Search_Generic,Search,Prospecting,19775,741,34230.54,52,20,79933.27,46.2,3.75,1711.53,2.34
2025-11-07,CMP_1002,Google_Search_Generic,Search,Prospecting,19208,756,36422.76,56,21,74325.01,48.18,3.94,1734.42,2.04
2025-11-08,CMP_1002,Google_Search_Generic,Search,Prospecting,24806,906,50454.64,57,27,84002.91,55.69,3.65,1868.69,1.66
2025-11-09,CMP_1002,Google_Search_Generic,Search,Prospecting,24869,879,52235.98,54,27,99886.84,59.43,3.53,1934.67,1.91
2025-11-10,CMP_1002,Google_Search_Generic,Search,Prospecting,24728,1008,44262.87,69,28,102467.59,43.91,4.08,1580.82,2.31
2025-11-11,CMP_1002,Google_Search_Generic,Search,Prospecting,21967,814,48334.93,53,23,71207.22,59.38,3.71,2101.52,1.47
2025-11-12,CMP_1002,Google_Search_Generic,Search,Prospecting,23495,987,53062.71,70,31,124516.97,53.76,4.2,1711.7,2.35
2025-11-13,CMP_1002,Google_Search_Generic,Search,Prospecting,22863,864,36270.06,60,28,110754.52,41.98,3.78,1295.36,3.05
2025-11-14,CMP_1002,Google_Search_Generic,Search,Prospecting,25204,1044,44177.41,77,30,116160.3,42.32,4.14,1472.58,2.63
2025-11-15,CMP_1002,Google_Search_Generic,Search,Prospecting,27573,1024,42705.77,70,32,133211.99,41.7,3.71,1334.56,3.12
2025-11-16,CMP_1002,Google_Search_Generic,Search,Prospecting,21159,891,42087.63,54,30,90214.19,47.24,4.21,1402.92,2.14
2025-11-17,CMP_1002,Google_Search_Generic,Search,Prospecting,24446,880,53434.31,55,26,97910.3,60.72,3.6,2055.17,1.83
2025-11-18,CMP_1002,Google_Search_Generic,Search,Prospecting,21214,884,40449.42,58,25,87297.63,45.76,4.17,1617.98,2.16
2025-11-19,CMP_1002,Google_Search_Generic,Search,Prospecting,24851,1017,42464.87,73,32,107847.04,41.76,4.09,1327.03,2.54
2025-11-20,CMP_1002,Google_Search_Generic,Search,Prospecting,23954,939,44462.84,67,29,100143.72,47.35,3.92,1533.2,2.25
2025-11-21,CMP_1002,Google_Search_Generic,Search,Prospecting,21576,828,50122.66,57,24,89781.24,60.53,3.84,2088.44,1.79
2025-11-22,CMP_1002,Google_Search_Generic,Search,Prospecting,22540,878,36758.46,63,27,86357.09,41.87,3.9,1361.42,2.35
2025-11-23,CMP_1002,Google_Search_Generic,Search,Prospecting,28269,966,44663.58,65,27,84803.34,46.24,3.42,1654.21,1.9
2025-11-24,CMP_1002,Google_Search_Generic,Search,Prospecting,26357,977,40811.77,66,30,102317.59,41.77,3.71,1360.39,2.51
2025-11-25,CMP_1002,Google_Search_Generic,Search,Prospecting,22378,778,36924.32,53,22,65708.98,47.46,3.48,1678.38,1.78
2025-11-26,CMP_1002,Google_Search_Generic,Search,Prospecting,22165,854,51678.61,63,24,72558.97,60.51,3.85,2153.28,1.4
2025-11-27,CMP_1002,Google_Search_Generic,Search,Prospecting,28152,989,52686.44,68,31,91511.87,53.27,3.51,1699.56,1.74
2025-11-28,CMP_1002,Google_Search_Generic,Search,Prospecting,27747,960,40927.26,60,29,93506.22,42.63,3.46,1411.28,2.28
2025-11-29,CMP_1002,Google_Search_Generic,Search,Prospecting,22536,957,42106.73,67,32,98684.06,44.0,4.25,1315.84,2.34
2025-11-30,CMP_1002,Google_Search_Generic,Search,Prospecting,27719,928,48089.08,65,29,100011.51,51.82,3.35,1658.24,2.08
2025-12-01,CMP_1002,Google_Search_Generic,Search,Prospecting,15686,584,26271.77,36,17,53224.14,44.99,3.72,1545.4,2.03
2025-12-02,CMP_1002,Google_Search_Generic,Search,Prospecting,27467,1017,44450.98,65,28,87737.52,43.71,3.7,1587.54,1.97
2025-12-03,CMP_1002,Google_Search_Generic,Search,Prospecting,21479,851,40124.64,58,26,107757.28,47.15,3.96,1543.26,2.69
2025-12-04,CMP_1002,Google_Search_Generic,Search,Prospecting,20135,817,35884.25,61,24,97897.39,43.92,4.06,1495.18,2.73
2025-12-05,CMP_1002,Google_Search_Generic,Search,Prospecting,20823,739,35016.63,49,22,92848.36,47.38,3.55,1591.66,2.65
2025-12-06,CMP_1002,Google_Search_Generic,Search,Prospecting,22365,897,39301.2,60,28,112625.86,43.81,4.01,1403.61,2.87
2025-12-07,CMP_1002,Google_Search_Generic,Search,Prospecting,17488,723,34132.0,44,23,70848.81,47.21,4.13,1484.0,2.08
2025-12-08,CMP_1002,Google_Search_Generic,Search,Prospecting,25537,975,43197.59,73,28,106641.37,44.31,3.82,1542.77,2.47
2025-12-09,CMP_1002,Google_Search_Generic,Search,Prospecting,16766,581,25715.91,36,19,77638.9,44.26,3.47,1353.47,3.02
2025-12-10,CMP_1002,Google_Search_Generic,Search,Prospecting,19364,733,33891.09,49,22,81345.92,46.24,3.79,1540.5,2.4
2025-12-11,CMP_1002,Google_Search_Generic,Search,Prospecting,19448,679,30930.6,46,21,76977.39,45.55,3.49,1472.89,2.49
2025-12-12,CMP_1002,Google_Search_Generic,Search,Prospecting,26338,966,40194.73,69,30,97355.43,41.61,3.67,1339.82,2.42
2025-12-13,CMP_1002,Google_Search_Generic,Search,Prospecting,18257,705,32737.99,50,22,81834.43,46.44,3.86,1488.09,2.5
2025-12-14,CMP_1002,Google_Search_Generic,Search,Prospecting,19349,721,31242.1,50,22,72202.48,43.33,3.73,1420.1,2.31
2025-12-15,CMP_1002,Google_Search_Generic,Search,Prospecting,23257,883,36620.87,57,28,81831.87,41.47,3.8,1307.89,2.23
2025-12-16,CMP_1002,Google_Search_Generic,Search,Prospecting,24826,937,40002.71,58,29,105522.97,42.69,3.77,1379.4,2.64
2025-12-17,CMP_1002,Google_Search_Generic,Search,Prospecting,22070,843,37415.39,62,24,70096.51,44.38,3.82,1558.97,1.87
2025-12-18,CMP_1002,Google_Search_Generic,Search,Prospecting,20393,793,37945.37,57,24,93835.43,47.85,3.89,1581.06,2.47
2025-12-19,CMP_1002,Google_Search_Generic,Search,Prospecting,22737,879,42171.59,56,25,79003.92,47.98,3.87,1686.86,1.87
2025-12-20,CMP_1002,Google_Search_Generic,Search,Prospecting,18555,720,32723.12,48,22,66020.72,45.45,3.88,1487.41,2.02
2025-12-21,CMP_1002,Google_Search_Generic,Search,Prospecting,21367,748,31468.83,51,21,68780.6,42.07,3.5,1498.52,2.19
2025-12-22,CMP_1002,Google_Search_Generic,Search,Prospecting,26319,1036,42997.92,73,34,141390.5,41.5,3.94,1264.64,3.29
2025-12-23,CMP_1002,Google_Search_Generic,Search,Prospecting,24051,838,34818.85,61,25,91446.08,41.55,3.48,1392.75,2.63
2025-12-24,CMP_1002,Google_Search_Generic,Search,Prospecting,21042,895,43096.17,63,26,106248.04,48.15,4.25,1657.54,2.47
2025-12-25,CMP_1002,Google_Search_Generic,Search,Prospecting,28637,1018,42532.2,74,30,95702.56,41.78,3.55,1417.74,2.25
2025-12-26,CMP_1002,Google_Search_Generic,Search,Prospecting,27036,1091,47049.06,78,32,110352.91,43.12,4.04,1470.28,2.35
2025-12-27,CMP_1002,Google_Search_Generic,Search,Prospecting,20237,857,36803.41,60,28,92472.92,42.94,4.23,1314.41,2.51
2025-12-28,CMP_1002,Google_Search_Generic,Search,Prospecting,20546,868,40264.28,57,24,91284.58,46.39,4.22,1677.68,2.27
2025-12-29,CMP_1002,Google_Search_Generic,Search,Prospecting,22412,867,40473.19,55,26,86179.03,46.68,3.87,1556.66,2.13
2025-12-30,CMP_1002,Google_Search_Generic,Search,Prospecting,27813,989,46288.84,66,29,91644.03,46.8,3.56,1596.17,1.98
2025-12-31,CMP_1002,Google_Search_Generic,Search,Prospecting,16318,681,32060.54,45,22,90418.1,47.08,4.17,1457.3,2.82
2025-01-01,CMP_1003,Meta_Ads_Prospecting,Social,Prospecting / Discovery,65389,1396,35965.27,71,30,106535.89,25.76,2.13,1198.84,2.96
2025-01-02,CMP_1003,Meta_Ads_Prospecting,Social,Prospecting / Discovery,86444,1787,40220.37,90,45,183629.91,22.51,2.07,893.79,4.57
2025-01-03,CMP_1003,Meta_Ads_Prospecting,Social,Prospecting / Discovery,71888,1682,42697.24,82,41,171184.54,25.38,2.34,1041.4,4.01
2025-01-04,CMP_1003,Meta_Ads_Prospecting,Social,Prospecting / Discovery,75174,1587,39213.25,83,39,139790.65,24.71,2.11,1005.47,3.56
2025-01-05,CMP_1003,Meta_Ads_Prospecting,Social,Prospecting / Discovery,65876,1575,39639.76,77,41,136825.15,25.17,2.39,966.82,3.45
2025-01-06,CMP_1003,Meta_Ads_Prospecting,Social,Prospecting / Discovery,58509,1365,33631.54,76,35,116044.97,24.64,2.33,960.9,3.45
2025-01-07,CMP_1003,Meta_Ads_Prospecting,Social,Prospecting / Discovery,86457,1789,44176.74,101,40,118517.73,24.69,2.07,1104.42,2.68
2025-01-08,CMP_1003,Meta_Ads_Prospecting,Social,Prospecting / Discovery,79559,1740,43233.89,98,40,124754.36,24.85,2.19,1080.85,2.89
2025-01-09,CMP_1003,Meta_Ads_Prospecting,Social,Prospecting / Discovery,73952,1713,39072.17,90,41,144189.69,22.81,2.32,952.98,3.69
2025-01-10,CMP_1003,Meta_Ads_Prospecting,Social,Prospecting / Discovery,75652,1796,45375.29,98,39,157202.81,25.26,2.37,1163.47,3.46
2025-01-11,CMP_1003,Meta_Ads_Prospecting,Social,Prospecting / Discovery,87157,2092,49109.17,115,46,158450.59,23.47,2.4,1067.59,3.23
2025-01-12,CMP_1003,Meta_Ads_Prospecting,Social,Prospecting / Discovery,96332,1889,48144.21,108,46,172438.88,25.49,1.96,1046.61,3.58
2025-01-13,CMP_1003,Meta_Ads_Prospecting,Social,Prospecting / Discovery,60377,1264,32502.07,70,29,89302.18,25.71,2.09,1120.76,2.75
2025-01-14,CMP_1003,Meta_Ads_Prospecting,Social,Prospecting / Discovery,67015,1490,32978.48,86,34,114776.57,22.13,2.22,969.96,3.48
2025-01-15,CMP_1003,Meta_Ads_Prospecting,Social,Prospecting / Discovery,69524,1669,39686.06,88,40,123127.41,23.78,2.4,992.15,3.1
2025-01-16,CMP_1003,Meta_Ads_Prospecting,Social,Prospecting / Discovery,47098,974,25204.43,47,24,88792.76,25.88,2.07,1050.18,3.52
2025-01-17,CMP_1003,Meta_Ads_Prospecting,Social,Prospecting / Discovery,55017,1122,28171.83,63,27,93414.57,25.11,2.04,1043.4,3.32
2025-01-18,CMP_1003,Meta_Ads_Prospecting,Social,Prospecting / Discovery,62900,1303,31081.75,72,31,103117.23,23.85,2.07,1002.64,3.32
2025-01-19,CMP_1003,Meta_Ads_Prospecting,Social,Prospecting / Discovery,101226,1989,46559.05,98,46,146680.36,23.41,1.96,1012.15,3.15
2025-01-20,CMP_1003,Meta_Ads_Prospecting,Social,Prospecting / Discovery,69736,1687,37267.66,95,42,130965.57,22.09,2.42,887.33,3.51
2025-01-21,CMP_1003,Meta_Ads_Prospecting,Social,Prospecting / Discovery,84146,1682,39930.07,89,39,132590.71,23.74,2.0,1023.85,3.32
2025-01-22,CMP_1003,Meta_Ads_Prospecting,Social,Prospecting / Discovery,68840,1594,39008.36,77,34,144237.83,24.47,2.32,1147.3,3.7
2025-01-23,CMP_1003,Meta_Ads_Prospecting,Social,Prospecting / Discovery,89609,1945,45517.06,106,46,186832.04,23.4,2.17,989.5,4.1
2025-01-24,CMP_1003,Meta_Ads_Prospecting,Social,Prospecting / Discovery,71552,1389,35310.65,77,33,139749.16,25.42,1.94,1070.02,3.96
2025-01-25,CMP_1003,Meta_Ads_Prospecting,Social,Prospecting / Discovery,84652,1750,43732.49,93,46,186587.11,24.99,2.07,950.71,4.27
2025-01-26,CMP_1003,Meta_Ads_Prospecting,Social,Prospecting / Discovery,80468,1858,41733.45,95,40,137549.36,22.46,2.31,1043.34,3.3
2025-01-27,CMP_1003,Meta_Ads_Prospecting,Social,Prospecting / Discovery,75686,1796,41988.22,85,41,131937.37,23.38,2.37,1024.1,3.14
2025-01-28,CMP_1003,Meta_Ads_Prospecting,Social,Prospecting / Discovery,76521,1509,34682.47,74,36,118305.04,22.98,1.97,963.4,3.41
2025-01-29,CMP_1003,Meta_Ads_Prospecting,Social,Prospecting / Discovery,43951,1061,27013.13,55,24,72845.97,25.46,2.41,1125.55,2.7
2025-01-30,CMP_1003,Meta_Ads_Prospecting,Social,Prospecting / Discovery,60422,1189,30629.34,60,27,89795.14,25.76,1.97,1134.42,2.93
2025-01-31,CMP_1003,Meta_Ads_Prospecting,Social,Prospecting / Discovery,79604,1808,40786.22,88,39,160946.14,22.56,2.27,1045.8,3.95
2025-02-01,CMP_1003,Meta_Ads_Prospecting,Social,Prospecting / Discovery,71192,1687,38496.69,89,37,155008.15,22.82,2.37,1040.45,4.03
2025-02-02,CMP_1003,Meta_Ads_Prospecting,Social,Prospecting / Discovery,83498,1993,45316.99,94,47,185012.77,22.74,2.39,964.19,4.08
2025-02-03,CMP_1003,Meta_Ads_Prospecting,Social,Prospecting / Discovery,57241,1383,35525.52,77,35,110632.86,25.69,2.42,1015.01,3.11
2025-02-04,CMP_1003,Meta_Ads_Prospecting,Social,Prospecting / Discovery,63489,1361,32039.85,72,30,114902.86,23.54,2.14,1067.99,3.59
2025-02-05,CMP_1003,Meta_Ads_Prospecting,Social,Prospecting / Discovery,66862,1404,31904.73,74,35,136348.74,22.72,2.1,911.56,4.27
2025-02-06,CMP_1003,Meta_Ads_Prospecting,Social,Prospecting / Discovery,66795,1324,32036.82,68,31,91268.45,24.2,1.98,1033.45,2.85
2025-02-07,CMP_1003,Meta_Ads_Prospecting,Social,Prospecting / Discovery,71745,1751,40521.15,100,40,117944.65,23.14,2.44,1013.03,2.91
2025-02-08,CMP_1003,Meta_Ads_Prospecting,Social,Prospecting / Discovery,76197,1532,39413.92,85,33,139408.84,25.73,2.01,1194.36,3.54
2025-02-09,CMP_1003,Meta_Ads_Prospecting,Social,Prospecting / Discovery,62805,1473,34695.82,75,36,113441.11,23.55,2.35,963.77,3.27
2025-02-10,CMP_1003,Meta_Ads_Prospecting,Social,Prospecting / Discovery,95467,2017,45091.35,102,49,165331.03,22.36,2.11,920.23,3.67
2025-02-11,CMP_1003,Meta_Ads_Prospecting,Social,Prospecting / Discovery,80188,1805,40885.45,101,42,128935.19,22.65,2.25,973.46,3.15
2025-02-12,CMP_1003,Meta_Ads_Prospecting,Social,Prospecting / Discovery,64911,1477,34314.06,79,36,121788.1,23.23,2.28,953.17,3.55
2025-02-13,CMP_1003,Meta_Ads_Prospecting,Social,Prospecting / Discovery,65369,1336,33741.27,70,33,103455.52,25.26,2.04,1022.46,3.07
2025-02-14,CMP_1003,Meta_Ads_Prospecting,Social,Prospecting / Discovery,89725,2064,45776.38,104,45,167370.54,22.18,2.3,1017.25,3.66
2025-02-15,CMP_1003,Meta_Ads_Prospecting,Social,Prospecting / Discovery,71394,1528,35157.06,73,34,112038.47,23.01,2.14,1034.03,3.19
2025-02-16,CMP_1003,Meta_Ads_Prospecting,Social,Prospecting / Discovery,88207,1851,41757.73,106,41,172344.81,22.56,2.1,1018.48,4.13
2025-02-17,CMP_1003,Meta_Ads_Prospecting,Social,Prospecting / Discovery,68913,1604,36706.34,85,41,149380.66,22.88,2.33,895.28,4.07
2025-02-18,CMP_1003,Meta_Ads_Prospecting,Social,Prospecting / Discovery,53927,1305,29658.67,66,30,117700.81,22.73,2.42,988.62,3.97
2025-02-19,CMP_1003,Meta_Ads_Prospecting,Social,Prospecting / Discovery,68274,1665,38946.57,92,40,163520.7,23.39,2.44,973.66,4.2
2025-02-20,CMP_1003,Meta_Ads_Prospecting,Social,Prospecting / Discovery,47700,1155,28803.8,60,26,109140.43,24.94,2.42,1107.84,3.79
2025-02-21,CMP_1003,Meta_Ads_Prospecting,Social,Prospecting / Discovery,70503,1547,36822.32,79,40,146551.18,23.8,2.19,920.56,3.98
2025-02-22,CMP_1003,Meta_Ads_Prospecting,Social,Prospecting / Discovery,90716,1964,45957.15,110,45,178638.83,23.4,2.16,1021.27,3.89
2025-02-23,CMP_1003,Meta_Ads_Prospecting,Social,Prospecting / Discovery,77790,1762,45295.43,97,44,177727.17,25.71,2.27,1029.44,3.92
2025-02-24,CMP_1003,Meta_Ads_Prospecting,Social,Prospecting / Discovery,64012,1467,34663.29,76,36,121517.86,23.63,2.29,962.87,3.51
2025-02-25,CMP_1003,Meta_Ads_Prospecting,Social,Prospecting / Discovery,74615,1518,37219.64,84,36,114030.99,24.52,2.03,1033.88,3.06
2025-02-26,CMP_1003,Meta_Ads_Prospecting,Social,Prospecting / Discovery,89753,1840,44056.83,106,46,192818.36,23.94,2.05,957.76,4.38
2025-02-27,CMP_1003,Meta_Ads_Prospecting,Social,Prospecting / Discovery,63470,1388,32930.35,79,33,127112.68,23.73,2.19,997.89,3.86
2025-02-28,CMP_1003,Meta_Ads_Prospecting,Social,Prospecting / Discovery,77857,1592,35921.44,75,34,143449.6,22.56,2.04,1056.51,3.99
2025-03-01,CMP_1003,Meta_Ads_Prospecting,Social,Prospecting / Discovery,61061,1396,32130.6,78,33,102243.13,23.02,2.29,973.65,3.18
2025-03-02,CMP_1003,Meta_Ads_Prospecting,Social,Prospecting / Discovery,78593,1841,45829.19,106,44,147603.8,24.89,2.34,1041.57,3.22
2025-03-03,CMP_1003,Meta_Ads_Prospecting,Social,Prospecting / Discovery,97305,1919,47168.19,109,42,140106.38,24.58,1.97,1123.05,2.97
2025-03-04,CMP_1003,Meta_Ads_Prospecting,Social,Prospecting / Discovery,78088,1707,40274.92,96,39,158836.22,23.59,2.19,1032.69,3.94
2025-03-05,CMP_1003,Meta_Ads_Prospecting,Social,Prospecting / Discovery,86269,2024,45381.33,114,45,156387.21,22.42,2.35,1008.47,3.45
2025-03-06,CMP_1003,Meta_Ads_Prospecting,Social,Prospecting / Discovery,74930,1702,41091.77,84,38,111964.58,24.14,2.27,1081.36,2.72
2025-03-07,CMP_1003,Meta_Ads_Prospecting,Social,Prospecting / Discovery,63408,1415,32994.31,80,35,121874.86,23.32,2.23,942.69,3.69
2025-03-08,CMP_1003,Meta_Ads_Prospecting,Social,Prospecting / Discovery,92876,1824,42095.85,100,40,132070.97,23.08,1.96,1052.4,3.14
2025-03-09,CMP_1003,Meta_Ads_Prospecting,Social,Prospecting / Discovery,86078,1923,46413.04,103,43,146477.04,24.14,2.23,1079.37,3.16
2025-03-10,CMP_1003,Meta_Ads_Prospecting,Social,Prospecting / Discovery,66484,1611,40085.37,89,39,122894.92,24.88,2.42,1027.83,3.07
2025-03-11,CMP_1003,Meta_Ads_Prospecting,Social,Prospecting / Discovery,69002,1563,38520.19,84,37,133532.0,24.65,2.27,1041.09,3.47
2025-03-12,CMP_1003,Meta_Ads_Prospecting,Social,Prospecting / Discovery,73142,1727,39457.29,85,38,132365.19,22.85,2.36,1038.35,3.35
2025-03-13,CMP_1003,Meta_Ads_Prospecting,Social,Prospecting / Discovery,47805,1036,25507.41,52,25,84048.08,24.62,2.17,1020.3,3.3
2025-03-14,CMP_1003,Meta_Ads_Prospecting,Social,Prospecting / Discovery,52572,1028,25609.5,54,23,95264.36,24.91,1.96,1113.46,3.72
2025-03-15,CMP_1003,Meta_Ads_Prospecting,Social,Prospecting / Discovery,85103,1896,41970.75,104,45,135276.67,22.14,2.23,932.68,3.22
2025-03-16,CMP_1003,Meta_Ads_Prospecting,Social,Prospecting / Discovery,83166,1714,41908.1,90,40,119674.33,24.45,2.06,1047.7,2.86
2025-03-17,CMP_1003,Meta_Ads_Prospecting,Social,Prospecting / Discovery,76318,1815,40835.78,90,40,143067.18,22.5,2.38,1020.89,3.5
2025-03-18,CMP_1003,Meta_Ads_Prospecting,Social,Prospecting / Discovery,73529,1444,32090.04,81,32,94444.99,22.22,1.96,1002.81,2.94
2025-03-19,CMP_1003,Meta_Ads_Prospecting,Social,Prospecting / Discovery,69238,1649,39192.08,82,38,111883.2,23.77,2.38,1031.37,2.85
2025-03-20,CMP_1003,Meta_Ads_Prospecting,Social,Prospecting / Discovery,99501,2101,51019.62,106,46,155886.9,24.28,2.11,1109.12,3.06
2025-03-21,CMP_1003,Meta_Ads_Prospecting,Social,Prospecting / Discovery,56007,1311,29457.9,75,34,138260.89,22.47,2.34,866.41,4.69
2025-03-22,CMP_1003,Meta_Ads_Prospecting,Social,Prospecting / Discovery,97706,2217,51391.23,116,53,207790.53,23.18,2.27,969.65,4.04
2025-03-23,CMP_1003,Meta_Ads_Prospecting,Social,Prospecting / Discovery,95630,2012,46612.77,115,44,156220.36,23.17,2.1,1059.38,3.35
2025-03-24,CMP_1003,Meta_Ads_Prospecting,Social,Prospecting / Discovery,78438,1622,39228.55,82,41,149672.0,24.19,2.07,956.79,3.82
2025-03-25,CMP_1003,Meta_Ads_Prospecting,Social,Prospecting / Discovery,89008,1770,42595.27,84,46,156524.25,24.07,1.99,925.98,3.67
2025-03-26,CMP_1003,Meta_Ads_Prospecting,Social,Prospecting / Discovery,55962,1359,33571.66,72,30,110434.24,24.7,2.43,1119.06,3.29
2025-03-27,CMP_1003,Meta_Ads_Prospecting,Social,Prospecting / Discovery,72631,1562,39087.51,88,38,156293.18,25.02,2.15,1028.62,4.0
2025-03-28,CMP_1003,Meta_Ads_Prospecting,Social,Prospecting / Discovery,67905,1387,32294.54,79,35,133346.56,23.28,2.04,922.7,4.13
2025-03-29,CMP_1003,Meta_Ads_Prospecting,Social,Prospecting / Discovery,92515,1881,43711.13,104,44,140671.25,23.24,2.03,993.43,3.22
2025-03-30,CMP_1003,Meta_Ads_Prospecting,Social,Prospecting / Discovery,76761,1676,39124.34,82,44,139672.39,23.34,2.18,889.19,3.57
2025-03-31,CMP_1003,Meta_Ads_Prospecting,Social,Prospecting / Discovery,83779,1712,38678.84,95,40,146358.63,22.59,2.04,966.97,3.78
2025-04-01,CMP_1003,Meta_Ads_Prospecting,Social,Prospecting / Discovery,90827,1800,45867.0,95,46,157211.58,25.48,1.98,997.11,3.43
2025-04-02,CMP_1003,Meta_Ads_Prospecting,Social,Prospecting / Discovery,72261,1450,36654.09,83,36,150127.73,25.28,2.01,1018.17,4.1
2025-04-03,CMP_1003,Meta_Ads_Prospecting,Social,Prospecting / Discovery,58707,1222,31408.28,62,30,117924.91,25.7,2.08,1046.94,3.75
2025-04-04,CMP_1003,Meta_Ads_Prospecting,Social,Prospecting / Discovery,88692,1813,46523.03,101,45,133954.23,25.66,2.04,1033.85,2.88
2025-04-05,CMP_1003,Meta_Ads_Prospecting,Social,Prospecting / Discovery,57433,1410,32798.67,76,35,147637.0,23.26,2.46,937.1,4.5
2025-04-06,CMP_1003,Meta_Ads_Prospecting,Social,Prospecting / Discovery,66839,1577,37126.98,82,40,125427.77,23.54,2.36,928.17,3.38
2025-04-07,CMP_1003,Meta_Ads_Prospecting,Social,Prospecting / Discovery,84266,1902,44876.18,99,47,150424.93,23.59,2.26,954.81,3.35
2025-04-08,CMP_1003,Meta_Ads_Prospecting,Social,Prospecting / Discovery,71334,1494,33335.77,78,33,111293.3,22.31,2.09,1010.17,3.34
2025-04-09,CMP_1003,Meta_Ads_Prospecting,Social,Prospecting / Discovery,58761,1412,34354.12,69,34,128997.54,24.33,2.4,1010.42,3.75
2025-04-10,CMP_1003,Meta_Ads_Prospecting,Social,Prospecting / Discovery,68034,1569,37176.13,81,37,107300.01,23.69,2.31,1004.76,2.89
2025-04-11,CMP_1003,Meta_Ads_Prospecting,Social,Prospecting / Discovery,93783,1998,44422.19,115,47,167914.35,22.23,2.13,945.15,3.78
2025-04-12,CMP_1003,Meta_Ads_Prospecting,Social,Prospecting / Discovery,83466,1932,49431.35,103,49,199211.37,25.59,2.31,1008.8,4.03
2025-04-13,CMP_1003,Meta_Ads_Prospecting,Social,Prospecting / Discovery,56695,1387,32686.54,76,30,121908.75,23.57,2.45,1089.55,3.73
2025-04-14,CMP_1003,Meta_Ads_Prospecting,Social,Prospecting / Discovery,47051,928,22215.62,49,21,85758.52,23.94,1.97,1057.89,3.86
2025-04-15,CMP_1003,Meta_Ads_Prospecting,Social,Prospecting / Discovery,86470,1699,41159.22,98,40,131423.7,24.23,1.96,1028.98,3.19
2025-04-16,CMP_1003,Meta_Ads_Prospecting,Social,Prospecting / Discovery,61575,1471,35135.54,74,33,101162.72,23.89,2.39,1064.71,2.88
2025-04-17,CMP_1003,Meta_Ads_Prospecting,Social,Prospecting / Discovery,89392,1838,43918.26,90,42,175068.48,23.89,2.06,1045.67,3.99
2025-04-18,CMP_1003,Meta_Ads_Prospecting,Social,Prospecting / Discovery,58631,1441,33728.16,75,32,131262.42,23.41,2.46,1054.01,3.89
2025-04-19,CMP_1003,Meta_Ads_Prospecting,Social,Prospecting / Discovery,103796,2037,52680.45,98,51,166937.38,25.86,1.96,1032.95,3.17
2025-04-20,CMP_1003,Meta_Ads_Prospecting,Social,Prospecting / Discovery,89125,1744,39742.73,83,44,135204.5,22.79,1.96,903.24,3.4
2025-04-21,CMP_1003,Meta_Ads_Prospecting,Social,Prospecting / Discovery,112546,2195,52094.45,122,47,184530.0,23.73,1.95,1108.39,3.54
2025-04-22,CMP_1003,Meta_Ads_Prospecting,Social,Prospecting / Discovery,61029,1321,33703.74,70,31,105999.04,25.51,2.16,1087.22,3.15
2025-04-23,CMP_1003,Meta_Ads_Prospecting,Social,Prospecting / Discovery,71113,1738,44583.8,91,41,134030.0,25.65,2.44,1087.41,3.01
2025-04-24,CMP_1003,Meta_Ads_Prospecting,Social,Prospecting / Discovery,55185,1110,28606.11,59,25,81736.28,25.77,2.01,1144.24,2.86
2025-04-25,CMP_1003,Meta_Ads_Prospecting,Social,Prospecting / Discovery,85547,1726,38663.21,90,41,132920.26,22.4,2.02,943.01,3.44
2025-04-26,CMP_1003,Meta_Ads_Prospecting,Social,Prospecting / Discovery,82394,1633,38042.11,82,42,175341.69,23.3,1.98,905.76,4.61
2025-04-27,CMP_1003,Meta_Ads_Prospecting,Social,Prospecting / Discovery,93901,1821,46587.06,102,47,141667.54,25.58,1.94,991.21,3.04
2025-04-28,CMP_1003,Meta_Ads_Prospecting,Social,Prospecting / Discovery,48377,1182,26843.98,62,25,81009.49,22.71,2.44,1073.76,3.02
2025-04-29,CMP_1003,Meta_Ads_Prospecting,Social,Prospecting / Discovery,80151,1973,49139.88,99,47,169920.04,24.91,2.46,1045.53,3.46
2025-04-30,CMP_1003,Meta_Ads_Prospecting,Social,Prospecting / Discovery,73321,1485,35109.4,85,38,135573.85,23.64,2.03,923.93,3.86
2025-05-01,CMP_1003,Meta_Ads_Prospecting,Social,Prospecting / Discovery,63701,1467,35459.58,77,38,141414.14,24.17,2.3,933.15,3.99
2025-05-02,CMP_1003,Meta_Ads_Prospecting,Social,Prospecting / Discovery,84951,1991,46819.41,98,46,154645.75,23.52,2.34,1017.81,3.3
2025-05-03,CMP_1003,Meta_Ads_Prospecting,Social,Prospecting / Discovery,92771,2185,52310.52,117,50,199578.55,23.94,2.36,1046.21,3.82
2025-05-04,CMP_1003,Meta_Ads_Prospecting,Social,Prospecting / Discovery,88051,1809,41616.19,95,41,118996.69,23.01,2.05,1015.03,2.86
2025-05-05,CMP_1003,Meta_Ads_Prospecting,Social,Prospecting / Discovery,76760,1878,44685.77,100,48,147823.31,23.79,2.45,930.95,3.31
2025-05-06,CMP_1003,Meta_Ads_Prospecting,Social,Prospecting / Discovery,78854,1888,56877.34,101,47,159611.02,30.13,2.39,1210.16,2.81
2025-05-07,CMP_1003,Meta_Ads_Prospecting,Social,Prospecting / Discovery,76363,1828,43149.76,91,47,197074.19,23.6,2.39,918.08,4.57
2025-05-08,CMP_1003,Meta_Ads_Prospecting,Social,Prospecting / Discovery,78593,1666,38373.38,94,43,150202.32,23.03,2.12,892.4,3.91
2025-05-09,CMP_1003,Meta_Ads_Prospecting,Social,Prospecting / Discovery,88348,1838,45445.38,101,40,118281.62,24.73,2.08,1136.13,2.6
2025-05-10,CMP_1003,Meta_Ads_Prospecting,Social,Prospecting / Discovery,63411,1346,31726.81,68,32,106438.33,23.57,2.12,991.46,3.35
2025-05-11,CMP_1003,Meta_Ads_Prospecting,Social,Prospecting / Discovery,72129,1553,40109.37,81,37,156411.71,25.83,2.15,1084.04,3.9
2025-05-12,CMP_1003,Meta_Ads_Prospecting,Social,Prospecting / Discovery,71742,1647,37900.47,90,40,120418.66,23.01,2.3,947.51,3.18
2025-05-13,CMP_1003,Meta_Ads_Prospecting,Social,Prospecting / Discovery,72211,1680,40954.2,83,43,126045.09,24.38,2.33,952.42,3.08
2025-05-14,CMP_1003,Meta_Ads_Prospecting,Social,Prospecting / Discovery,81182,1769,44814.13,88,39,163273.41,25.33,2.18,1149.08,3.64
2025-05-15,CMP_1003,Meta_Ads_Prospecting,Social,Prospecting / Discovery,105226,2107,50939.65,106,47,149479.66,24.18,2.0,1083.82,2.93
2025-05-16,CMP_1003,Meta_Ads_Prospecting,Social,Prospecting / Discovery,63222,1459,34536.99,72,34,116336.02,23.67,2.31,1015.79,3.37
2025-05-17,CMP_1003,Meta_Ads_Prospecting,Social,Prospecting / Discovery,84913,1786,39919.85,89,42,165803.82,22.35,2.1,950.47,4.15
2025-05-18,CMP_1003,Meta_Ads_Prospecting,Social,Prospecting / Discovery,79552,1895,48091.73,97,47,155826.36,25.38,2.38,1023.23,3.24
2025-05-19,CMP_1003,Meta_Ads_Prospecting,Social,Prospecting / Discovery,93724,2017,44626.96,102,50,196604.69,22.13,2.15,892.54,4.41
2025-05-20,CMP_1003,Meta_Ads_Prospecting,Social,Prospecting / Discovery,75786,1792,41680.68,90,42,162907.3,23.26,2.36,992.4,3.91
2025-05-21,CMP_1003,Meta_Ads_Prospecting,Social,Prospecting / Discovery,80854,1956,47788.17,96,49,179479.42,24.43,2.42,975.27,3.76
2025-05-22,CMP_1003,Meta_Ads_Prospecting,Social,Prospecting / Discovery,72673,1589,36777.85,81,38,155763.55,23.15,2.19,967.84,4.24
2025-05-23,CMP_1003,Meta_Ads_Prospecting,Social,Prospecting / Discovery,117217,2301,55390.06,115,55,182155.6,24.07,1.96,1007.09,3.29
2025-05-24,CMP_1003,Meta_Ads_Prospecting,Social,Prospecting / Discovery,99355,2188,49850.65,111,49,172529.99,22.78,2.2,1017.36,3.46
2025-05-25,CMP_1003,Meta_Ads_Prospecting,Social,Prospecting / Discovery,87437,2051,46125.28,114,51,155294.67,22.49,2.35,904.42,3.37
2025-05-26,CMP_1003,Meta_Ads_Prospecting,Social,Prospecting / Discovery,82220,1954,47995.24,104,48,168641.97,24.56,2.38,999.9,3.51
2025-05-27,CMP_1003,Meta_Ads_Prospecting,Social,Prospecting / Discovery,83476,1652,40546.21,86,38,138007.72,24.54,1.98,1067.01,3.4
2025-05-28,CMP_1003,Meta_Ads_Prospecting,Social,Prospecting / Discovery,84391,1942,43894.44,108,43,130370.23,22.6,2.3,1020.8,2.97
2025-05-29,CMP_1003,Meta_Ads_Prospecting,Social,Prospecting / Discovery,57482,1310,29470.04,74,33,123467.34,22.5,2.28,893.03,4.19
2025-05-30,CMP_1003,Meta_Ads_Prospecting,Social,Prospecting / Discovery,125341,2501,55952.42,120,57,175246.48,22.37,2.0,981.62,3.13
2025-05-31,CMP_1003,Meta_Ads_Prospecting,Social,Prospecting / Discovery,68193,1540,39582.33,86,38,115634.16,25.7,2.26,1041.64,2.92
2025-06-01,CMP_1003,Meta_Ads_Prospecting,Social,Prospecting / Discovery,64047,1333,33203.97,72,30,127405.03,24.91,2.08,1106.8,3.84
2025-06-02,CMP_1003,Meta_Ads_Prospecting,Social,Prospecting / Discovery,65161,1270,32595.97,69,31,124851.72,25.67,1.95,1051.48,3.83
2025-06-03,CMP_1003,Meta_Ads_Prospecting,Social,Prospecting / Discovery,50874,1247,32214.8,60,31,116838.43,25.83,2.45,1039.19,3.63
2025-06-04,CMP_1003,Meta_Ads_Prospecting,Social,Prospecting / Discovery,54221,1331,32724.3,76,31,91274.21,24.59,2.45,1055.62,2.79
2025-06-05,CMP_1003,Meta_Ads_Prospecting,Social,Prospecting / Discovery,71996,1708,40091.57,93,40,118597.52,23.47,2.37,1002.29,2.96
2025-06-06,CMP_1003,Meta_Ads_Prospecting,Social,Prospecting / Discovery,54253,1234,31649.36,62,29,86415.22,25.65,2.27,1091.36,2.73
2025-06-07,CMP_1003,Meta_Ads_Prospecting,Social,Prospecting / Discovery,48821,1038,26811.63,54,24,91637.18,25.83,2.13,1117.15,3.42
2025-06-08,CMP_1003,Meta_Ads_Prospecting,Social,Prospecting / Discovery,101489,2134,49332.42,104,52,153094.45,23.12,2.1,948.7,3.1
2025-06-09,CMP_1003,Meta_Ads_Prospecting,Social,Prospecting / Discovery,74774,1791,43675.22,101,42,147615.43,24.39,2.4,1039.89,3.38
2025-06-10,CMP_1003,Meta_Ads_Prospecting,Social,Prospecting / Discovery,75489,1559,39360.11,81,39,159232.47,25.25,2.07,1009.23,4.05
2025-06-11,CMP_1003,Meta_Ads_Prospecting,Social,Prospecting / Discovery,67543,1504,34630.65,74,33,136261.09,23.03,2.23,1049.41,3.93
2025-06-12,CMP_1003,Meta_Ads_Prospecting,Social,Prospecting / Discovery,77892,1855,41311.32,96,43,156227.94,22.27,2.38,960.73,3.78
2025-06-13,CMP_1003,Meta_Ads_Prospecting,Social,Prospecting / Discovery,80325,1876,42081.38,100,42,132131.82,22.43,2.34,1001.94,3.14
2025-06-14,CMP_1003,Meta_Ads_Prospecting,Social,Prospecting / Discovery,112035,2198,48698.03,117,56,186724.43,22.16,1.96,869.61,3.83
2025-06-15,CMP_1003,Meta_Ads_Prospecting,Social,Prospecting / Discovery,82634,1860,43579.46,93,40,155596.43,23.43,2.25,1089.49,3.57
2025-06-16,CMP_1003,Meta_Ads_Prospecting,Social,Prospecting / Discovery,78952,1810,45131.58,89,42,128583.41,24.93,2.29,1074.56,2.85
2025-06-17,CMP_1003,Meta_Ads_Prospecting,Social,Prospecting / Discovery,94808,2174,49096.17,123,57,213439.47,22.58,2.29,861.34,4.35
2025-06-18,CMP_1003,Meta_Ads_Prospecting,Social,Prospecting / Discovery,69530,1633,39939.11,89,41,121624.49,24.46,2.35,974.12,3.05
2025-06-19,CMP_1003,Meta_Ads_Prospecting,Social,Prospecting / Discovery,76763,1831,45702.9,92,45,149276.72,24.96,2.39,1015.62,3.27
2025-06-20,CMP_1003,Meta_Ads_Prospecting,Social,Prospecting / Discovery,61216,1242,30832.86,62,29,119891.09,24.83,2.03,1063.2,3.89
2025-06-21,CMP_1003,Meta_Ads_Prospecting,Social,Prospecting / Discovery,94425,1900,43514.82,105,45,185851.25,22.9,2.01,967.0,4.27
2025-06-22,CMP_1003,Meta_Ads_Prospecting,Social,Prospecting / Discovery,95206,1922,44172.53,105,46,180162.01,22.98,2.02,960.27,4.08
2025-06-23,CMP_1003,Meta_Ads_Prospecting,Social,Prospecting / Discovery,63796,1386,32254.59,71,36,118348.51,23.27,2.17,895.96,3.67
2025-06-24,CMP_1003,Meta_Ads_Prospecting,Social,Prospecting / Discovery,64226,1329,32247.33,75,30,123249.28,24.26,2.07,1074.91,3.82
2025-06-25,CMP_1003,Meta_Ads_Prospecting,Social,Prospecting / Discovery,58221,1329,29884.95,75,29,122000.82,22.49,2.28,1030.52,4.08
2025-06-26,CMP_1003,Meta_Ads_Prospecting,Social,Prospecting / Discovery,81088,1699,41946.58,84,39,117643.64,24.69,2.1,1075.55,2.8
2025-06-27,CMP_1003,Meta_Ads_Prospecting,Social,Prospecting / Discovery,83364,1660,37582.81,86,42,129455.83,22.64,1.99,894.83,3.44
2025-06-28,CMP_1003,Meta_Ads_Prospecting,Social,Prospecting / Discovery,96652,1921,43890.05,94,50,200360.05,22.85,1.99,877.8,4.57
2025-06-29,CMP_1003,Meta_Ads_Prospecting,Social,Prospecting / Discovery,68046,1553,36413.02,82,38,145100.45,23.45,2.28,958.24,3.98
2025-06-30,CMP_1003,Meta_Ads_Prospecting,Social,Prospecting / Discovery,61289,1334,29672.79,75,32,128705.66,22.24,2.18,927.27,4.34
2025-07-01,CMP_1003,Meta_Ads_Prospecting,Social,Prospecting / Discovery,81289,1644,42583.16,90,40,168909.58,25.9,2.02,1064.58,3.97
2025-07-02,CMP_1003,Meta_Ads_Prospecting,Social,Prospecting / Discovery,80359,1887,42454.75,107,44,164897.22,22.5,2.35,964.88,3.88
2025-07-03,CMP_1003,Meta_Ads_Prospecting,Social,Prospecting / Discovery,66447,1440,34174.47,73,36,149875.2,23.73,2.17,949.29,4.39
2025-07-04,CMP_1003,Meta_Ads_Prospecting,Social,Prospecting / Discovery,88459,1744,40221.27,87,45,168800.53,23.06,1.97,893.81,4.2
2025-07-05,CMP_1003,Meta_Ads_Prospecting,Social,Prospecting / Discovery,87992,1823,45305.88,100,39,132617.04,24.85,2.07,1161.69,2.93
2025-07-06,CMP_1003,Meta_Ads_Prospecting,Social,Prospecting / Discovery,68783,1417,35766.39,77,33,122120.44,25.24,2.06,1083.83,3.41
2025-07-07,CMP_1003,Meta_Ads_Prospecting,Social,Prospecting / Discovery,91777,1785,40160.99,101,40,160190.43,22.5,1.94,1004.02,3.99
2025-07-08,CMP_1003,Meta_Ads_Prospecting,Social,Prospecting / Discovery,69062,1671,43114.81,88,42,129133.8,25.8,2.42,1026.54,3.0
2025-07-09,CMP_1003,Meta_Ads_Prospecting,Social,Prospecting / Discovery,48462,1185,30624.9,58,27,81707.69,25.84,2.45,1134.26,2.67
2025-07-10,CMP_1003,Meta_Ads_Prospecting,Social,Prospecting / Discovery,91845,1821,42853.52,93,47,176079.38,23.53,1.98,911.78,4.11
2025-07-11,CMP_1003,Meta_Ads_Prospecting,Social,Prospecting / Discovery,71939,1456,34493.27,84,37,121093.94,23.69,2.02,932.25,3.51
2025-07-12,CMP_1003,Meta_Ads_Prospecting,Social,Prospecting / Discovery,76332,1678,43056.82,94,39,150293.27,25.66,2.2,1104.02,3.49
2025-07-13,CMP_1003,Meta_Ads_Prospecting,Social,Prospecting / Discovery,71109,1442,35892.8,74,35,104515.16,24.89,2.03,1025.51,2.91
2025-07-14,CMP_1003,Meta_Ads_Prospecting,Social,Prospecting / Discovery,72854,1593,41274.72,89,37,147004.38,25.91,2.19,1115.53,3.56
2025-07-15,CMP_1003,Meta_Ads_Prospecting,Social,Prospecting / Discovery,42593,1024,24970.57,53,25,93670.64,24.39,2.4,998.82,3.75
2025-07-16,CMP_1003,Meta_Ads_Prospecting,Social,Prospecting / Discovery,72038,1401,31447.15,79,31,98507.12,22.45,1.94,1014.42,3.13
2025-07-17,CMP_1003,Meta_Ads_Prospecting,Social,Prospecting / Discovery,69549,1464,36477.94,77,32,134248.13,24.92,2.1,1139.94,3.68
2025-07-18,CMP_1003,Meta_Ads_Prospecting,Social,Prospecting / Discovery,106206,2061,46651.67,98,50,175466.85,22.64,1.94,933.03,3.76
2025-07-19,CMP_1003,Meta_Ads_Prospecting,Social,Prospecting / Discovery,82889,1608,38725.75,83,40,139682.54,24.08,1.94,968.14,3.61
2025-07-20,CMP_1003,Meta_Ads_Prospecting,Social,Prospecting / Discovery,64405,1447,36476.02,71,32,119811.89,25.21,2.25,1139.88,3.28
2025-07-21,CMP_1003,Meta_Ads_Prospecting,Social,Prospecting / Discovery,78266,1687,42630.78,84,43,163408.81,25.27,2.16,991.41,3.83
2025-07-22,CMP_1003,Meta_Ads_Prospecting,Social,Prospecting / Discovery,65418,1483,33924.62,76,39,138178.93,22.88,2.27,869.86,4.07
2025-07-23,CMP_1003,Meta_Ads_Prospecting,Social,Prospecting / Discovery,38303,856,20514.46,48,21,73574.27,23.97,2.23,976.88,3.59
2025-07-24,CMP_1003,Meta_Ads_Prospecting,Social,Prospecting / Discovery,85593,1744,41823.95,91,39,161233.23,23.98,2.04,1072.41,3.86
2025-07-25,CMP_1003,Meta_Ads_Prospecting,Social,Prospecting / Discovery,83688,2041,47697.8,108,50,181419.95,23.37,2.44,953.96,3.8
2025-07-26,CMP_1003,Meta_Ads_Prospecting,Social,Prospecting / Discovery,78413,1776,39908.22,92,44,140352.95,22.47,2.26,907.0,3.52
2025-07-27,CMP_1003,Meta_Ads_Prospecting,Social,Prospecting / Discovery,73981,1591,36153.86,91,39,134929.71,22.72,2.15,927.02,3.73
2025-07-28,CMP_1003,Meta_Ads_Prospecting,Social,Prospecting / Discovery,55510,1270,32862.98,64,31,94205.78,25.88,2.29,1060.1,2.87
2025-07-29,CMP_1003,Meta_Ads_Prospecting,Social,Prospecting / Discovery,73017,1481,38213.4,80,33,127574.15,25.8,2.03,1157.98,3.34
2025-07-30,CMP_1003,Meta_Ads_Prospecting,Social,Prospecting / Discovery,71617,1724,42156.61,83,39,125879.17,24.45,2.41,1080.94,2.99
2025-07-31,CMP_1003,Meta_Ads_Prospecting,Social,Prospecting / Discovery,80547,1725,44635.0,95,42,133494.08,25.88,2.14,1062.74,2.99
2025-08-01,CMP_1003,Meta_Ads_Prospecting,Social,Prospecting / Discovery,68164,1404,33223.18,67,36,151316.26,23.66,2.06,922.87,4.55
2025-08-02,CMP_1003,Meta_Ads_Prospecting,Social,Prospecting / Discovery,72964,1543,36099.62,73,38,152478.73,23.4,2.11,949.99,4.22
2025-08-03,CMP_1003,Meta_Ads_Prospecting,Social,Prospecting / Discovery,71548,1618,40654.77,77,39,129095.0,25.13,2.26,1042.43,3.18
2025-08-04,CMP_1003,Meta_Ads_Prospecting,Social,Prospecting / Discovery,66853,1566,36810.83,87,36,150412.61,23.51,2.34,1022.52,4.09
2025-08-05,CMP_1003,Meta_Ads_Prospecting,Social,Prospecting / Discovery,80501,1940,46441.61,110,42,174872.5,23.94,2.41,1105.75,3.77
2025-08-06,CMP_1003,Meta_Ads_Prospecting,Social,Prospecting / Discovery,59010,1389,35095.29,68,35,141616.32,25.27,2.35,1002.72,4.04
2025-08-07,CMP_1003,Meta_Ads_Prospecting,Social,Prospecting / Discovery,85750,1728,38487.67,91,42,158230.97,22.27,2.02,916.37,4.11
2025-08-08,CMP_1003,Meta_Ads_Prospecting,Social,Prospecting / Discovery,69789,1705,37772.64,81,37,107635.21,22.15,2.44,1020.88,2.85
2025-08-09,CMP_1003,Meta_Ads_Prospecting,Social,Prospecting / Discovery,78975,1872,46136.96,89,45,158175.25,24.65,2.37,1025.27,3.43
2025-08-10,CMP_1003,Meta_Ads_Prospecting,Social,Prospecting / Discovery,89609,1769,42470.79,96,42,165085.3,24.01,1.97,1011.21,3.89
2025-08-11,CMP_1003,Meta_Ads_Prospecting,Social,Prospecting / Discovery,61962,1256,30866.22,71,30,93113.92,24.58,2.03,1028.87,3.02
2025-08-12,CMP_1003,Meta_Ads_Prospecting,Social,Prospecting / Discovery,66162,1462,37700.72,70,35,113202.27,25.79,2.21,1077.16,3.0
2025-08-13,CMP_1003,Meta_Ads_Prospecting,Social,Prospecting / Discovery,72285,1591,41113.23,83,40,122806.4,25.84,2.2,1027.83,2.99
2025-08-14,CMP_1003,Meta_Ads_Prospecting,Social,Prospecting / Discovery,76154,1694,40974.83,82,39,157968.23,24.19,2.22,1050.64,3.86
2025-08-15,CMP_1003,Meta_Ads_Prospecting,Social,Prospecting / Discovery,71754,1438,36584.5,79,31,115861.49,25.44,2.0,1180.15,3.17
2025-08-16,CMP_1003,Meta_Ads_Prospecting,Social,Prospecting / Discovery,71326,1678,39358.69,83,41,131631.66,23.46,2.35,959.97,3.34
2025-08-17,CMP_1003,Meta_Ads_Prospecting,Social,Prospecting / Discovery,84810,2030,45831.67,109,45,156215.56,22.58,2.39,1018.48,3.41
2025-08-18,CMP_1003,Meta_Ads_Prospecting,Social,Prospecting / Discovery,76980,1775,40305.21,98,39,139555.66,22.71,2.31,1033.47,3.46
2025-08-19,CMP_1003,Meta_Ads_Prospecting,Social,Prospecting / Discovery,80871,1734,41873.53,97,41,144803.28,24.15,2.14,1021.31,3.46
2025-08-20,CMP_1003,Meta_Ads_Prospecting,Social,Prospecting / Discovery,66719,1590,38116.29,89,37,123701.65,23.97,2.38,1030.17,3.25
2025-08-21,CMP_1003,Meta_Ads_Prospecting,Social,Prospecting / Discovery,100670,2371,54531.31,124,55,166940.21,23.0,2.36,991.48,3.06
2025-08-22,CMP_1003,Meta_Ads_Prospecting,Social,Prospecting / Discovery,64499,1572,36166.34,79,35,123078.02,23.01,2.44,1033.32,3.4
2025-08-23,CMP_1003,Meta_Ads_Prospecting,Social,Prospecting / Discovery,86947,1847,44717.11,96,48,163353.31,24.21,2.12,931.61,3.65
2025-08-24,CMP_1003,Meta_Ads_Prospecting,Social,Prospecting / Discovery,63161,1304,30103.77,68,32,101444.61,23.09,2.06,940.74,3.37
2025-08-25,CMP_1003,Meta_Ads_Prospecting,Social,Prospecting / Discovery,89136,1991,46563.83,98,50,148054.98,23.39,2.23,931.28,3.18
2025-08-26,CMP_1003,Meta_Ads_Prospecting,Social,Prospecting / Discovery,68556,1399,35483.39,79,32,123931.19,25.36,2.04,1108.86,3.49
2025-08-27,CMP_1003,Meta_Ads_Prospecting,Social,Prospecting / Discovery,91121,1850,41765.64,97,40,126261.32,22.58,2.03,1044.14,3.02
2025-08-28,CMP_1003,Meta_Ads_Prospecting,Social,Prospecting / Discovery,57636,1413,36322.96,72,36,130714.62,25.71,2.45,1008.97,3.6
2025-08-29,CMP_1003,Meta_Ads_Prospecting,Social,Prospecting / Discovery,71961,1769,43541.05,89,43,127312.35,24.61,2.46,1012.58,2.92
2025-08-30,CMP_1003,Meta_Ads_Prospecting,Social,Prospecting / Discovery,81318,1576,35496.26,91,40,158397.73,22.52,1.94,887.41,4.46
2025-08-31,CMP_1003,Meta_Ads_Prospecting,Social,Prospecting / Discovery,64132,1338,30332.1,68,33,119590.02,22.67,2.09,919.15,3.94
2025-09-01,CMP_1003,Meta_Ads_Prospecting,Social,Prospecting / Discovery,88562,1723,38557.88,83,40,166365.69,22.38,1.95,963.95,4.31
2025-09-02,CMP_1003,Meta_Ads_Prospecting,Social,Prospecting / Discovery,88624,1885,44998.22,91,48,189844.69,23.87,2.13,937.46,4.22
2025-09-03,CMP_1003,Meta_Ads_Prospecting,Social,Prospecting / Discovery,82121,1812,41185.85,95,44,183779.82,22.73,2.21,936.04,4.46
2025-09-04,CMP_1003,Meta_Ads_Prospecting,Social,Prospecting / Discovery,102782,2024,45089.41,100,44,171642.24,22.28,1.97,1024.76,3.81
2025-09-05,CMP_1003,Meta_Ads_Prospecting,Social,Prospecting / Discovery,104291,2094,52061.92,117,46,151781.54,24.86,2.01,1131.78,2.92
2025-09-06,CMP_1003,Meta_Ads_Prospecting,Social,Prospecting / Discovery,74470,1634,37677.92,84,43,127540.57,23.06,2.19,876.23,3.39
2025-09-07,CMP_1003,Meta_Ads_Prospecting,Social,Prospecting / Discovery,75818,1489,33696.66,80,32,128881.86,22.63,1.96,1053.02,3.82
2025-09-08,CMP_1003,Meta_Ads_Prospecting,Social,Prospecting / Discovery,92883,1882,56461.16,93,43,158977.67,30.0,2.03,1313.05,2.82
2025-09-09,CMP_1003,Meta_Ads_Prospecting,Social,Prospecting / Discovery,100930,2016,46160.7,116,43,171211.74,22.9,2.0,1073.5,3.71
2025-09-10,CMP_1003,Meta_Ads_Prospecting,Social,Prospecting / Discovery,74519,1500,33911.72,82,37,146317.76,22.61,2.01,916.53,4.31
2025-09-11,CMP_1003,Meta_Ads_Prospecting,Social,Prospecting / Discovery,74087,1705,43806.96,83,38,153344.57,25.69,2.3,1152.81,3.5
2025-09-12,CMP_1003,Meta_Ads_Prospecting,Social,Prospecting / Discovery,57121,1302,33369.37,63,34,110215.69,25.63,2.28,981.45,3.3
2025-09-13,CMP_1003,Meta_Ads_Prospecting,Social,Prospecting / Discovery,102448,2201,51457.12,105,52,159001.08,23.38,2.15,989.56,3.09
2025-09-14,CMP_1003,Meta_Ads_Prospecting,Social,Prospecting / Discovery,53557,1264,31668.97,62,29,98535.05,25.05,2.36,1092.03,3.11
2025-09-15,CMP_1003,Meta_Ads_Prospecting,Social,Prospecting / Discovery,58534,1380,31279.72,75,31,105051.0,22.67,2.36,1009.02,3.36
2025-09-16,CMP_1003,Meta_Ads_Prospecting,Social,Prospecting / Discovery,71481,1756,39607.06,97,41,150750.72,22.56,2.46,966.03,3.81
2025-09-17,CMP_1003,Meta_Ads_Prospecting,Social,Prospecting / Discovery,57974,1292,33058.79,63,30,121100.31,25.59,2.23,1101.96,3.66
2025-09-18,CMP_1003,Meta_Ads_Prospecting,Social,Prospecting / Discovery,75331,1814,46106.68,103,40,145200.45,25.42,2.41,1152.67,3.15
2025-09-19,CMP_1003,Meta_Ads_Prospecting,Social,Prospecting / Discovery,78564,1835,45756.47,98,41,162954.17,24.94,2.34,1116.01,3.56
2025-09-20,CMP_1003,Meta_Ads_Prospecting,Social,Prospecting / Discovery,80824,1639,39108.74,83,35,120205.7,23.86,2.03,1117.39,3.07
2025-09-21,CMP_1003,Meta_Ads_Prospecting,Social,Prospecting / Discovery,78961,1787,43231.33,97,45,143236.33,24.19,2.26,960.7,3.31
2025-09-22,CMP_1003,Meta_Ads_Prospecting,Social,Prospecting / Discovery,73965,1470,38018.89,74,36,121176.34,25.86,1.99,1056.08,3.19
2025-09-23,CMP_1003,Meta_Ads_Prospecting,Social,Prospecting / Discovery,89767,1769,45379.94,94,43,162441.54,25.65,1.97,1055.35,3.58
2025-09-24,CMP_1003,Meta_Ads_Prospecting,Social,Prospecting / Discovery,64985,1325,33561.37,74,32,125650.4,25.33,2.04,1048.79,3.74
2025-09-25,CMP_1003,Meta_Ads_Prospecting,Social,Prospecting / Discovery,59054,1208,29992.34,64,31,107808.02,24.83,2.05,967.49,3.59
2025-09-26,CMP_1003,Meta_Ads_Prospecting,Social,Prospecting / Discovery,77744,1665,37690.86,95,38,154683.31,22.64,2.14,991.86,4.1
2025-09-27,CMP_1003,Meta_Ads_Prospecting,Social,Prospecting / Discovery,82983,1760,44818.54,85,44,145800.9,25.47,2.12,1018.6,3.25
2025-09-28,CMP_1003,Meta_Ads_Prospecting,Social,Prospecting / Discovery,71205,1671,40033.27,86,39,132663.14,23.96,2.35,1026.49,3.31
2025-09-29,CMP_1003,Meta_Ads_Prospecting,Social,Prospecting / Discovery,89804,1988,46716.53,111,46,165737.38,23.5,2.21,1015.58,3.55
2025-09-30,CMP_1003,Meta_Ads_Prospecting,Social,Prospecting / Discovery,54799,1331,30812.2,73,32,120668.78,23.15,2.43,962.88,3.92
2025-10-01,CMP_1003,Meta_Ads_Prospecting,Social,Prospecting / Discovery,91011,2059,56622.48,108,49,165562.0,27.5,2.26,1155.56,2.92
2025-10-02,CMP_1003,Meta_Ads_Prospecting,Social,Prospecting / Discovery,107952,2120,50611.19,101,53,191955.86,23.87,1.96,954.93,3.79
2025-10-03,CMP_1003,Meta_Ads_Prospecting,Social,Prospecting / Discovery,110251,2276,54700.63,126,50,157415.56,24.03,2.06,1094.01,2.88
2025-10-04,CMP_1003,Meta_Ads_Prospecting,Social,Prospecting / Discovery,77261,1759,40526.14,95,44,152155.68,23.04,2.28,921.05,3.75
2025-10-05,CMP_1003,Meta_Ads_Prospecting,Social,Prospecting / Discovery,105984,2205,49319.46,127,53,204327.85,22.37,2.08,930.56,4.14
2025-10-06,CMP_1003,Meta_Ads_Prospecting,Social,Prospecting / Discovery,103283,2310,51352.7,132,60,217509.1,22.23,2.24,855.88,4.24
2025-10-07,CMP_1003,Meta_Ads_Prospecting,Social,Prospecting / Discovery,85914,2092,49873.9,114,45,158552.41,23.84,2.43,1108.31,3.18
2025-10-08,CMP_1003,Meta_Ads_Prospecting,Social,Prospecting / Discovery,93876,2106,50184.45,108,47,168027.75,23.83,2.24,1067.75,3.35
2025-10-09,CMP_1003,Meta_Ads_Prospecting,Social,Prospecting / Discovery,72159,1650,41703.63,84,43,177615.9,25.27,2.29,969.85,4.26
2025-10-10,CMP_1003,Meta_Ads_Prospecting,Social,Prospecting / Discovery,89698,2158,55686.0,116,52,152248.92,25.8,2.41,1070.88,2.73
2025-10-11,CMP_1003,Meta_Ads_Prospecting,Social,Prospecting / Discovery,108689,2368,54530.61,128,57,222299.14,23.03,2.18,956.68,4.08
2025-10-12,CMP_1003,Meta_Ads_Prospecting,Social,Prospecting / Discovery,112373,2421,54294.57,134,60,254236.45,22.43,2.15,904.91,4.68
2025-10-13,CMP_1003,Meta_Ads_Prospecting,Social,Prospecting / Discovery,80807,1777,41146.38,90,42,170328.99,23.15,2.2,979.68,4.14
2025-10-14,CMP_1003,Meta_Ads_Prospecting,Social,Prospecting / Discovery,101579,2435,55674.38,117,62,206927.5,22.86,2.4,897.97,3.72
2025-10-15,CMP_1003,Meta_Ads_Prospecting,Social,Prospecting / Discovery,103925,2293,53406.99,131,50,168451.71,23.29,2.21,1068.14,3.15
2025-10-16,CMP_1003,Meta_Ads_Prospecting,Social,Prospecting / Discovery,100217,2165,49468.87,111,56,219868.92,22.85,2.16,883.37,4.44
2025-10-17,CMP_1003,Meta_Ads_Prospecting,Social,Prospecting / Discovery,78238,1923,57581.47,100,42,136361.11,29.94,2.46,1370.99,2.37
2025-10-18,CMP_1003,Meta_Ads_Prospecting,Social,Prospecting / Discovery,73433,1719,44226.46,86,42,162589.18,25.73,2.34,1053.01,3.68
2025-10-19,CMP_1003,Meta_Ads_Prospecting,Social,Prospecting / Discovery,80990,1945,49981.98,103,49,179071.33,25.7,2.4,1020.04,3.58
2025-10-20,CMP_1003,Meta_Ads_Prospecting,Social,Prospecting / Discovery,90675,2009,45338.46,101,43,166541.64,22.57,2.22,1054.38,3.67
2025-10-21,CMP_1003,Meta_Ads_Prospecting,Social,Prospecting / Discovery,104296,2347,52115.55,124,61,216460.32,22.21,2.25,854.35,4.15
2025-10-22,CMP_1003,Meta_Ads_Prospecting,Social,Prospecting / Discovery,83091,2046,51807.11,106,47,193783.28,25.32,2.46,1102.28,3.74
2025-10-23,CMP_1003,Meta_Ads_Prospecting,Social,Prospecting / Discovery,91112,2060,47018.49,106,44,147941.74,22.82,2.26,1068.6,3.15
2025-10-24,CMP_1003,Meta_Ads_Prospecting,Social,Prospecting / Discovery,85486,1776,56634.92,99,38,137630.09,31.89,2.08,1490.39,2.43
2025-10-25,CMP_1003,Meta_Ads_Prospecting,Social,Prospecting / Discovery,82085,1994,44569.49,110,49,196514.45,22.35,2.43,909.58,4.41
2025-10-26,CMP_1003,Meta_Ads_Prospecting,Social,Prospecting / Discovery,87698,2126,52789.95,112,47,169591.12,24.83,2.42,1123.19,3.21
2025-10-27,CMP_1003,Meta_Ads_Prospecting,Social,Prospecting / Discovery,101963,2293,51768.71,120,56,162605.18,22.58,2.25,924.44,3.14
2025-10-28,CMP_1003,Meta_Ads_Prospecting,Social,Prospecting / Discovery,92773,1984,51060.63,103,49,181846.75,25.74,2.14,1042.05,3.56
2025-10-29,CMP_1003,Meta_Ads_Prospecting,Social,Prospecting / Discovery,85697,1845,42874.56,91,48,147247.81,23.24,2.15,893.22,3.43
2025-10-30,CMP_1003,Meta_Ads_Prospecting,Social,Prospecting / Discovery,92372,2169,49754.28,107,47,166157.05,22.94,2.35,1058.6,3.34
2025-10-31,CMP_1003,Meta_Ads_Prospecting,Social,Prospecting / Discovery,116117,2300,50882.2,128,58,239806.15,22.12,1.98,877.28,4.71
2025-11-01,CMP_1003,Meta_Ads_Prospecting,Social,Prospecting / Discovery,102964,2419,53916.03,136,61,218473.42,22.29,2.35,883.87,4.05
2025-11-02,CMP_1003,Meta_Ads_Prospecting,Social,Prospecting / Discovery,83237,1983,56363.04,109,52,161290.58,28.42,2.38,1083.9,2.86
2025-11-03,CMP_1003,Meta_Ads_Prospecting,Social,Prospecting / Discovery,92200,1876,47145.9,90,49,143263.82,25.13,2.03,962.16,3.04
2025-11-04,CMP_1003,Meta_Ads_Prospecting,Social,Prospecting / Discovery,87932,1872,47345.76,105,45,185229.83,25.29,2.13,1052.13,3.91
2025-11-05,CMP_1003,Meta_Ads_Prospecting,Social,Prospecting / Discovery,85238,2050,50554.29,107,50,157317.99,24.66,2.41,1011.09,3.11
2025-11-06,CMP_1003,Meta_Ads_Prospecting,Social,Prospecting / Discovery,81209,1987,50031.69,100,47,141334.54,25.18,2.45,1064.5,2.82
2025-11-07,CMP_1003,Meta_Ads_Prospecting,Social,Prospecting / Discovery,106111,2302,52124.11,117,55,202756.94,22.64,2.17,947.71,3.89
2025-11-08,CMP_1003,Meta_Ads_Prospecting,Social,Prospecting / Discovery,99366,2323,68809.04,127,54,159947.62,29.62,2.34,1274.24,2.32
2025-11-09,CMP_1003,Meta_Ads_Prospecting,Social,Prospecting / Discovery,91447,2049,46703.28,100,47,180383.07,22.79,2.24,993.69,3.86
2025-11-10,CMP_1003,Meta_Ads_Prospecting,Social,Prospecting / Discovery,85839,1837,44531.62,95,44,127510.95,24.24,2.14,1012.08,2.86
2025-11-11,CMP_1003,Meta_Ads_Prospecting,Social,Prospecting / Discovery,98801,2054,52611.96,105,49,200367.09,25.61,2.08,1073.71,3.81
2025-11-12,CMP_1003,Meta_Ads_Prospecting,Social,Prospecting / Discovery,81324,1892,48622.08,91,46,158608.6,25.7,2.33,1057.0,3.26
2025-11-13,CMP_1003,Meta_Ads_Prospecting,Social,Prospecting / Discovery,88425,2081,47487.54,108,47,160376.5,22.82,2.35,1010.37,3.38
2025-11-14,CMP_1003,Meta_Ads_Prospecting,Social,Prospecting / Discovery,86340,2013,51052.24,101,44,142239.57,25.36,2.33,1160.28,2.79
2025-11-15,CMP_1003,Meta_Ads_Prospecting,Social,Prospecting / Discovery,96095,2163,52196.74,111,55,198091.81,24.13,2.25,949.03,3.8
2025-11-16,CMP_1003,Meta_Ads_Prospecting,Social,Prospecting / Discovery,123843,2482,55924.5,132,64,211798.97,22.53,2.0,873.82,3.79
2025-11-17,CMP_1003,Meta_Ads_Prospecting,Social,Prospecting / Discovery,118709,2321,53462.36,112,58,183369.95,23.03,1.96,921.76,3.43
2025-11-18,CMP_1003,Meta_Ads_Prospecting,Social,Prospecting / Discovery,105002,2311,54325.73,127,51,175575.57,23.51,2.2,1065.21,3.23
2025-11-19,CMP_1003,Meta_Ads_Prospecting,Social,Prospecting / Discovery,100560,2038,68913.95,114,50,182299.22,33.81,2.03,1378.28,2.65
2025-11-20,CMP_1003,Meta_Ads_Prospecting,Social,Prospecting / Discovery,84093,1811,44860.03,88,44,158556.39,24.77,2.15,1019.55,3.53
2025-11-21,CMP_1003,Meta_Ads_Prospecting,Social,Prospecting / Discovery,74706,1678,42913.17,81,39,152827.13,25.57,2.25,1100.34,3.56
2025-11-22,CMP_1003,Meta_Ads_Prospecting,Social,Prospecting / Discovery,84518,1857,58515.46,105,42,144833.4,31.51,2.2,1393.23,2.48
2025-11-23,CMP_1003,Meta_Ads_Prospecting,Social,Prospecting / Discovery,84757,2028,56216.24,103,45,144699.43,27.72,2.39,1249.25,2.57
2025-11-24,CMP_1003,Meta_Ads_Prospecting,Social,Prospecting / Discovery,109879,2273,53843.34,115,50,164640.02,23.69,2.07,1076.87,3.06
2025-11-25,CMP_1003,Meta_Ads_Prospecting,Social,Prospecting / Discovery,76133,1774,41537.97,101,44,147026.92,23.41,2.33,944.04,3.54
2025-11-26,CMP_1003,Meta_Ads_Prospecting,Social,Prospecting / Discovery,97557,1967,63435.54,96,45,179481.38,32.25,2.02,1409.68,2.83
2025-11-27,CMP_1003,Meta_Ads_Prospecting,Social,Prospecting / Discovery,80693,1787,43284.83,97,40,162623.52,24.22,2.21,1082.12,3.76
2025-11-28,CMP_1003,Meta_Ads_Prospecting,Social,Prospecting / Discovery,103843,2391,55644.82,114,55,185257.89,23.27,2.3,1011.72,3.33
2025-11-29,CMP_1003,Meta_Ads_Prospecting,Social,Prospecting / Discovery,90541,1857,46644.75,101,47,171745.18,25.12,2.05,992.44,3.68
2025-11-30,CMP_1003,Meta_Ads_Prospecting,Social,Prospecting / Discovery,90878,2077,51773.78,106,52,171121.28,24.93,2.29,995.65,3.31
2025-12-01,CMP_1003,Meta_Ads_Prospecting,Social,Prospecting / Discovery,107688,2257,53142.41,118,57,236817.54,23.55,2.1,932.32,4.46
2025-12-02,CMP_1003,Meta_Ads_Prospecting,Social,Prospecting / Discovery,84060,1921,46440.13,109,42,134636.33,24.17,2.29,1105.72,2.9
2025-12-03,CMP_1003,Meta_Ads_Prospecting,Social,Prospecting / Discovery,89319,1925,48847.39,93,45,144170.96,25.38,2.16,1085.5,2.95
2025-12-04,CMP_1003,Meta_Ads_Prospecting,Social,Prospecting / Discovery,86442,2026,47021.42,97,51,177053.13,23.21,2.34,921.99,3.77
2025-12-05,CMP_1003,Meta_Ads_Prospecting,Social,Prospecting / Discovery,83797,1662,38869.43,95,42,147634.22,23.39,1.98,925.46,3.8
2025-12-06,CMP_1003,Meta_Ads_Prospecting,Social,Prospecting / Discovery,80449,1954,44830.85,99,43,157203.85,22.94,2.43,1042.58,3.51
2025-12-07,CMP_1003,Meta_Ads_Prospecting,Social,Prospecting / Discovery,85286,2099,50205.19,114,46,195051.58,23.92,2.46,1091.42,3.89
2025-12-08,CMP_1003,Meta_Ads_Prospecting,Social,Prospecting / Discovery,91055,1901,44961.82,101,43,129326.04,23.65,2.09,1045.62,2.88
2025-12-09,CMP_1003,Meta_Ads_Prospecting,Social,Prospecting / Discovery,83594,1745,45237.02,88,39,121411.93,25.92,2.09,1159.92,2.68
2025-12-10,CMP_1003,Meta_Ads_Prospecting,Social,Prospecting / Discovery,93178,2194,50859.87,125,57,182737.09,23.18,2.35,892.28,3.59
2025-12-11,CMP_1003,Meta_Ads_Prospecting,Social,Prospecting / Discovery,77148,1848,41616.88,100,41,142457.39,22.52,2.4,1015.05,3.42
2025-12-12,CMP_1003,Meta_Ads_Prospecting,Social,Prospecting / Discovery,89633,2084,48324.81,109,54,160080.47,23.19,2.33,894.9,3.31
2025-12-13,CMP_1003,Meta_Ads_Prospecting,Social,Prospecting / Discovery,83269,1751,42051.19,96,45,187499.62,24.02,2.1,934.47,4.46
2025-12-14,CMP_1003,Meta_Ads_Prospecting,Social,Prospecting / Discovery,50773,1211,30492.54,64,30,99082.96,25.18,2.39,1016.42,3.25
2025-12-15,CMP_1003,Meta_Ads_Prospecting,Social,Prospecting / Discovery,68047,1420,33907.91,81,32,96746.9,23.88,2.09,1059.62,2.85
2025-12-16,CMP_1003,Meta_Ads_Prospecting,Social,Prospecting / Discovery,80716,1587,38270.31,77,35,123253.07,24.11,1.97,1093.44,3.22
2025-12-17,CMP_1003,Meta_Ads_Prospecting,Social,Prospecting / Discovery,96293,2081,51879.37,106,48,189246.4,24.93,2.16,1080.82,3.65
2025-12-18,CMP_1003,Meta_Ads_Prospecting,Social,Prospecting / Discovery,96717,1879,41878.24,105,44,134991.93,22.29,1.94,951.78,3.22
2025-12-19,CMP_1003,Meta_Ads_Prospecting,Social,Prospecting / Discovery,87482,1934,46289.79,111,50,159138.3,23.93,2.21,925.8,3.44
2025-12-20,CMP_1003,Meta_Ads_Prospecting,Social,Prospecting / Discovery,93620,1910,48138.05,95,47,161717.67,25.2,2.04,1024.21,3.36
2025-12-21,CMP_1003,Meta_Ads_Prospecting,Social,Prospecting / Discovery,94518,1908,48753.78,98,46,142911.74,25.55,2.02,1059.86,2.93
2025-12-22,CMP_1003,Meta_Ads_Prospecting,Social,Prospecting / Discovery,70235,1699,43839.18,83,37,111227.75,25.8,2.42,1184.84,2.54
2025-12-23,CMP_1003,Meta_Ads_Prospecting,Social,Prospecting / Discovery,74168,1464,35715.77,73,38,156766.63,24.4,1.97,939.89,4.39
2025-12-24,CMP_1003,Meta_Ads_Prospecting,Social,Prospecting / Discovery,62736,1221,30632.19,62,30,97927.76,25.09,1.95,1021.07,3.2
2025-12-25,CMP_1003,Meta_Ads_Prospecting,Social,Prospecting / Discovery,83569,2019,45137.77,116,44,159016.44,22.36,2.42,1025.86,3.52
2025-12-26,CMP_1003,Meta_Ads_Prospecting,Social,Prospecting / Discovery,96528,2069,48098.33,102,50,209642.6,23.25,2.14,961.97,4.36
2025-12-27,CMP_1003,Meta_Ads_Prospecting,Social,Prospecting / Discovery,74540,1577,38590.76,89,37,116633.69,24.47,2.12,1042.99,3.02
2025-12-28,CMP_1003,Meta_Ads_Prospecting,Social,Prospecting / Discovery,81856,1917,43737.64,96,48,152160.32,22.82,2.34,911.2,3.48
2025-12-29,CMP_1003,Meta_Ads_Prospecting,Social,Prospecting / Discovery,66310,1610,41405.29,80,37,114447.78,25.72,2.43,1119.06,2.76
2025-12-30,CMP_1003,Meta_Ads_Prospecting,Social,Prospecting / Discovery,60756,1324,31844.22,75,34,115996.16,24.05,2.18,936.59,3.64
2025-12-31,CMP_1003,Meta_Ads_Prospecting,Social,Prospecting / Discovery,101396,1965,49483.44,100,46,147311.05,25.18,1.94,1075.73,2.98
2025-01-01,CMP_1004,Meta_Ads_Retargeting,Social,Retargeting,13122,560,14949.75,82,34,100680.53,26.7,4.27,439.7,6.73
2025-01-02,CMP_1004,Meta_Ads_Retargeting,Social,Retargeting,11818,565,16719.83,79,40,126510.72,29.59,4.78,418.0,7.57
2025-01-03,CMP_1004,Meta_Ads_Retargeting,Social,Retargeting,11030,503,13467.54,67,31,127990.77,26.77,4.56,434.44,9.5
2025-01-04,CMP_1004,Meta_Ads_Retargeting,Social,Retargeting,10234,438,13125.57,59,28,104360.24,29.97,4.28,468.77,7.95
2025-01-05,CMP_1004,Meta_Ads_Retargeting,Social,Retargeting,17191,806,20920.42,118,54,202924.99,25.96,4.69,387.42,9.7
2025-01-06,CMP_1004,Meta_Ads_Retargeting,Social,Retargeting,11092,485,13428.36,75,31,102965.65,27.69,4.37,433.17,7.67
2025-01-07,CMP_1004,Meta_Ads_Retargeting,Social,Retargeting,10213,490,14306.22,67,33,134287.79,29.2,4.8,433.52,9.39
2025-01-08,CMP_1004,Meta_Ads_Retargeting,Social,Retargeting,9817,501,14183.32,66,30,122705.8,28.31,5.1,472.78,8.65
2025-01-09,CMP_1004,Meta_Ads_Retargeting,Social,Retargeting,11628,592,15311.88,84,38,110186.75,25.86,5.09,402.94,7.2
2025-01-10,CMP_1004,Meta_Ads_Retargeting,Social,Retargeting,9771,489,13794.22,72,34,122829.16,28.21,5.0,405.71,8.9
2025-01-11,CMP_1004,Meta_Ads_Retargeting,Social,Retargeting,13113,698,19247.46,102,43,131665.63,27.58,5.32,447.62,6.84
2025-01-12,CMP_1004,Meta_Ads_Retargeting,Social,Retargeting,11287,538,15472.44,72,35,104038.51,28.76,4.77,442.07,6.72
2025-01-13,CMP_1004,Meta_Ads_Retargeting,Social,Retargeting,13082,635,17554.06,89,43,172687.05,27.64,4.85,408.23,9.84
2025-01-14,CMP_1004,Meta_Ads_Retargeting,Social,Retargeting,9911,514,15413.51,78,32,111169.57,29.99,5.19,481.67,7.21
2025-01-15,CMP_1004,Meta_Ads_Retargeting,Social,Retargeting,9397,414,11544.96,53,29,93303.7,27.89,4.41,398.1,8.08
2025-01-16,CMP_1004,Meta_Ads_Retargeting,Social,Retargeting,9853,482,14432.23,71,33,110881.43,29.94,4.89,437.34,7.68
2025-01-17,CMP_1004,Meta_Ads_Retargeting,Social,Retargeting,12017,513,14645.61,68,35,137648.17,28.55,4.27,418.45,9.4
2025-01-18,CMP_1004,Meta_Ads_Retargeting,Social,Retargeting,11268,476,13401.09,64,29,93689.05,28.15,4.22,462.11,6.99
2025-01-19,CMP_1004,Meta_Ads_Retargeting,Social,Retargeting,9524,433,12742.82,58,28,113883.76,29.43,4.55,455.1,8.94
2025-01-20,CMP_1004,Meta_Ads_Retargeting,Social,Retargeting,10441,531,14551.87,76,36,151021.63,27.4,5.09,404.22,10.38
2025-01-21,CMP_1004,Meta_Ads_Retargeting,Social,Retargeting,10204,502,14724.99,71,29,122631.66,29.33,4.92,507.76,8.33
2025-01-22,CMP_1004,Meta_Ads_Retargeting,Social,Retargeting,9425,429,12360.9,62,28,97893.39,28.81,4.55,441.46,7.92
2025-01-23,CMP_1004,Meta_Ads_Retargeting,Social,Retargeting,10553,478,14115.79,67,31,117568.42,29.53,4.53,455.35,8.33
2025-01-24,CMP_1004,Meta_Ads_Retargeting,Social,Retargeting,10915,480,13770.11,74,30,116464.47,28.69,4.4,459.0,8.46
2025-01-25,CMP_1004,Meta_Ads_Retargeting,Social,Retargeting,17173,766,19820.14,109,53,191174.55,25.87,4.46,373.96,9.65
2025-01-26,CMP_1004,Meta_Ads_Retargeting,Social,Retargeting,13457,587,16426.96,89,36,148085.03,27.98,4.36,456.3,9.01
2025-01-27,CMP_1004,Meta_Ads_Retargeting,Social,Retargeting,10676,567,16937.79,81,38,150053.7,29.87,5.31,445.73,8.86
2025-01-28,CMP_1004,Meta_Ads_Retargeting,Social,Retargeting,12611,605,15682.8,80,36,121912.73,25.92,4.8,435.63,7.77
2025-01-29,CMP_1004,Meta_Ads_Retargeting,Social,Retargeting,9126,451,12504.47,59,29,91012.74,27.73,4.94,431.19,7.28
2025-01-30,CMP_1004,Meta_Ads_Retargeting,Social,Retargeting,13774,699,19750.67,96,47,163492.47,28.26,5.07,420.23,8.28
2025-01-31,CMP_1004,Meta_Ads_Retargeting,Social,Retargeting,12634,628,17557.64,81,42,156713.58,27.96,4.97,418.04,8.93
2025-02-01,CMP_1004,Meta_Ads_Retargeting,Social,Retargeting,10912,577,15117.06,85,34,114754.88,26.2,5.29,444.62,7.59
2025-02-02,CMP_1004,Meta_Ads_Retargeting,Social,Retargeting,10758,558,15865.12,72,34,139401.99,28.43,5.19,466.62,8.79
2025-02-03,CMP_1004,Meta_Ads_Retargeting,Social,Retargeting,13182,567,15283.49,73,34,139019.9,26.96,4.3,449.51,9.1
2025-02-04,CMP_1004,Meta_Ads_Retargeting,Social,Retargeting,11555,584,16147.49,90,37,116555.08,27.65,5.05,436.42,7.22
2025-02-05,CMP_1004,Meta_Ads_Retargeting,Social,Retargeting,13651,587,17246.67,87,38,156717.7,29.38,4.3,453.86,9.09
2025-02-06,CMP_1004,Meta_Ads_Retargeting,Social,Retargeting,11840,573,15094.24,88,36,127638.47,26.34,4.84,419.28,8.46
2025-02-07,CMP_1004,Meta_Ads_Retargeting,Social,Retargeting,10070,535,14579.04,73,34,129301.12,27.25,5.31,428.8,8.87
2025-02-08,CMP_1004,Meta_Ads_Retargeting,Social,Retargeting,12373,592,15684.97,88,41,153410.22,26.49,4.78,382.56,9.78
2025-02-09,CMP_1004,Meta_Ads_Retargeting,Social,Retargeting,11012,482,14472.77,72,29,120630.91,30.03,4.38,499.06,8.34
2025-02-10,CMP_1004,Meta_Ads_Retargeting,Social,Retargeting,10780,549,15917.04,74,35,130557.91,28.99,5.09,454.77,8.2
2025-02-11,CMP_1004,Meta_Ads_Retargeting,Social,Retargeting,8953,470,14150.6,64,32,115037.46,30.11,5.25,442.21,8.13
2025-02-12,CMP_1004,Meta_Ads_Retargeting,Social,Retargeting,12188,559,15579.02,81,38,131057.01,27.87,4.59,409.97,8.41
2025-02-13,CMP_1004,Meta_Ads_Retargeting,Social,Retargeting,15009,643,18619.49,98,41,133122.32,28.96,4.28,454.13,7.15
2025-02-14,CMP_1004,Meta_Ads_Retargeting,Social,Retargeting,13513,646,17346.6,99,40,156385.08,26.85,4.78,433.66,9.02
2025-02-15,CMP_1004,Meta_Ads_Retargeting,Social,Retargeting,10583,541,16363.05,72,35,112270.54,30.25,5.11,467.52,6.86
2025-02-16,CMP_1004,Meta_Ads_Retargeting,Social,Retargeting,10033,514,14193.97,77,31,128470.94,27.61,5.12,457.87,9.05
2025-02-17,CMP_1004,Meta_Ads_Retargeting,Social,Retargeting,7742,381,10674.34,55,24,85841.01,28.02,4.92,444.76,8.04
2025-02-18,CMP_1004,Meta_Ads_Retargeting,Social,Retargeting,13371,690,18334.71,99,41,161210.92,26.57,5.16,447.19,8.79
2025-02-19,CMP_1004,Meta_Ads_Retargeting,Social,Retargeting,10313,449,12622.04,69,27,87311.56,28.11,4.35,467.48,6.92
2025-02-20,CMP_1004,Meta_Ads_Retargeting,Social,Retargeting,10974,512,14145.45,77,32,99911.83,27.63,4.67,442.05,7.06
2025-02-21,CMP_1004,Meta_Ads_Retargeting,Social,Retargeting,11646,574,15170.93,83,38,158280.57,26.43,4.93,399.24,10.43
2025-02-22,CMP_1004,Meta_Ads_Retargeting,Social,Retargeting,7640,406,12133.83,55,24,79226.31,29.89,5.31,505.58,6.53
2025-02-23,CMP_1004,Meta_Ads_Retargeting,Social,Retargeting,13287,629,16237.58,81,41,137367.77,25.81,4.73,396.04,8.46
2025-02-24,CMP_1004,Meta_Ads_Retargeting,Social,Retargeting,12007,592,16531.98,90,39,135731.95,27.93,4.93,423.9,8.21
2025-02-25,CMP_1004,Meta_Ads_Retargeting,Social,Retargeting,13136,562,15217.54,83,39,121350.36,27.08,4.28,390.19,7.97
2025-02-26,CMP_1004,Meta_Ads_Retargeting,Social,Retargeting,8104,422,12409.64,65,26,107103.78,29.41,5.21,477.29,8.63
2025-02-27,CMP_1004,Meta_Ads_Retargeting,Social,Retargeting,14738,630,16389.85,94,40,129542.31,26.02,4.27,409.75,7.9
2025-02-28,CMP_1004,Meta_Ads_Retargeting,Social,Retargeting,7686,384,10237.64,49,26,77942.27,26.66,5.0,393.76,7.61
2025-03-01,CMP_1004,Meta_Ads_Retargeting,Social,Retargeting,11871,550,15380.1,75,39,146739.39,27.96,4.63,394.36,9.54
2025-03-02,CMP_1004,Meta_Ads_Retargeting,Social,Retargeting,11017,520,13462.98,79,32,96595.09,25.89,4.72,420.72,7.17
2025-03-03,CMP_1004,Meta_Ads_Retargeting,Social,Retargeting,13533,580,16448.37,76,38,120560.34,28.36,4.29,432.85,7.33
2025-03-04,CMP_1004,Meta_Ads_Retargeting,Social,Retargeting,13624,661,18530.07,90,46,185644.55,28.03,4.85,402.83,10.02
2025-03-05,CMP_1004,Meta_Ads_Retargeting,Social,Retargeting,11165,535,14040.31,71,38,118012.33,26.24,4.79,369.48,8.41
2025-03-06,CMP_1004,Meta_Ads_Retargeting,Social,Retargeting,11930,554,15505.7,81,33,114682.6,27.99,4.64,469.87,7.4
2025-03-07,CMP_1004,Meta_Ads_Retargeting,Social,Retargeting,11996,633,16426.05,96,39,154573.98,25.95,5.28,421.18,9.41
2025-03-08,CMP_1004,Meta_Ads_Retargeting,Social,Retargeting,11334,605,15671.42,86,37,125175.19,25.9,5.34,423.55,7.99
2025-03-09,CMP_1004,Meta_Ads_Retargeting,Social,Retargeting,11359,604,16768.02,81,39,138294.17,27.76,5.32,429.95,8.25
2025-03-10,CMP_1004,Meta_Ads_Retargeting,Social,Retargeting,11412,491,14202.88,65,30,116816.55,28.93,4.3,473.43,8.22
2025-03-11,CMP_1004,Meta_Ads_Retargeting,Social,Retargeting,11310,590,15770.02,91,38,128027.32,26.73,5.22,415.0,8.12
2025-03-12,CMP_1004,Meta_Ads_Retargeting,Social,Retargeting,10230,438,11742.89,59,29,104855.85,26.81,4.28,404.93,8.93
2025-03-13,CMP_1004,Meta_Ads_Retargeting,Social,Retargeting,10589,507,14654.79,72,31,108770.72,28.9,4.79,472.74,7.42
2025-03-14,CMP_1004,Meta_Ads_Retargeting,Social,Retargeting,11730,591,16477.84,91,37,109053.53,27.88,5.04,445.35,6.62
2025-03-15,CMP_1004,Meta_Ads_Retargeting,Social,Retargeting,14097,719,24245.75,112,50,157903.21,33.72,5.1,484.92,6.51
2025-03-16,CMP_1004,Meta_Ads_Retargeting,Social,Retargeting,10604,534,15854.56,75,34,137545.51,29.69,5.04,466.31,8.68
2025-03-17,CMP_1004,Meta_Ads_Retargeting,Social,Retargeting,6746,330,9239.47,44,23,87558.57,28.0,4.89,401.72,9.48
2025-03-18,CMP_1004,Meta_Ads_Retargeting,Social,Retargeting,11340,492,14097.48,71,29,86913.84,28.65,4.34,486.12,6.17
2025-03-19,CMP_1004,Meta_Ads_Retargeting,Social,Retargeting,7234,313,8911.72,44,19,80416.67,28.47,4.33,469.04,9.02
2025-03-20,CMP_1004,Meta_Ads_Retargeting,Social,Retargeting,11782,591,16710.41,81,35,147601.45,28.27,5.02,477.44,8.83
2025-03-21,CMP_1004,Meta_Ads_Retargeting,Social,Retargeting,11075,471,13507.76,71,30,98051.26,28.68,4.25,450.26,7.26
2025-03-22,CMP_1004,Meta_Ads_Retargeting,Social,Retargeting,10700,472,12313.83,72,31,100125.86,26.09,4.41,397.22,8.13
2025-03-23,CMP_1004,Meta_Ads_Retargeting,Social,Retargeting,12750,598,16960.77,83,36,136824.17,28.36,4.69,471.13,8.07
2025-03-24,CMP_1004,Meta_Ads_Retargeting,Social,Retargeting,10459,463,13949.93,67,29,101427.4,30.13,4.43,481.03,7.27
2025-03-25,CMP_1004,Meta_Ads_Retargeting,Social,Retargeting,12391,601,16802.49,82,36,108246.17,27.96,4.85,466.74,6.44
2025-03-26,CMP_1004,Meta_Ads_Retargeting,Social,Retargeting,10561,470,13637.03,69,29,100208.16,29.01,4.45,470.24,7.35
2025-03-27,CMP_1004,Meta_Ads_Retargeting,Social,Retargeting,7859,360,9441.06,53,24,78702.36,26.23,4.58,393.38,8.34
2025-03-28,CMP_1004,Meta_Ads_Retargeting,Social,Retargeting,11064,492,13704.83,66,28,115068.11,27.86,4.45,489.46,8.4
2025-03-29,CMP_1004,Meta_Ads_Retargeting,Social,Retargeting,12583,550,14857.16,80,32,98320.49,27.01,4.37,464.29,6.62
2025-03-30,CMP_1004,Meta_Ads_Retargeting,Social,Retargeting,11158,515,14755.7,76,33,106860.23,28.65,4.62,447.14,7.24
2025-03-31,CMP_1004,Meta_Ads_Retargeting,Social,Retargeting,9730,460,12956.48,62,30,122250.41,28.17,4.73,431.88,9.44
2025-04-01,CMP_1004,Meta_Ads_Retargeting,Social,Retargeting,10600,522,15803.23,73,32,103668.82,30.27,4.92,493.85,6.56
2025-04-02,CMP_1004,Meta_Ads_Retargeting,Social,Retargeting,6712,312,9334.87,43,19,76528.27,29.92,4.65,491.31,8.2
2025-04-03,CMP_1004,Meta_Ads_Retargeting,Social,Retargeting,9976,492,14123.05,68,34,100033.94,28.71,4.93,415.38,7.08
2025-04-04,CMP_1004,Meta_Ads_Retargeting,Social,Retargeting,11403,547,15093.85,80,32,130409.94,27.59,4.8,471.68,8.64
2025-04-05,CMP_1004,Meta_Ads_Retargeting,Social,Retargeting,14981,692,19229.51,91,44,156859.95,27.79,4.62,437.03,8.16
2025-04-06,CMP_1004,Meta_Ads_Retargeting,Social,Retargeting,14010,747,20678.37,108,51,154974.93,27.68,5.33,405.46,7.49
2025-04-07,CMP_1004,Meta_Ads_Retargeting,Social,Retargeting,10017,462,12746.56,66,32,95889.28,27.59,4.61,398.33,7.52
2025-04-08,CMP_1004,Meta_Ads_Retargeting,Social,Retargeting,11362,589,16614.73,77,35,127654.55,28.21,5.18,474.71,7.68
2025-04-09,CMP_1004,Meta_Ads_Retargeting,Social,Retargeting,8677,408,12252.39,56,27,112196.07,30.03,4.7,453.79,9.16
2025-04-10,CMP_1004,Meta_Ads_Retargeting,Social,Retargeting,14734,663,17952.47,100,39,132302.06,27.08,4.5,460.32,7.37
2025-04-11,CMP_1004,Meta_Ads_Retargeting,Social,Retargeting,11725,571,16008.19,85,36,134037.03,28.04,4.87,444.67,8.37
2025-04-12,CMP_1004,Meta_Ads_Retargeting,Social,Retargeting,15145,685,19611.41,89,41,131012.71,28.63,4.52,478.33,6.68
2025-04-13,CMP_1004,Meta_Ads_Retargeting,Social,Retargeting,15176,788,22078.75,117,54,181835.65,28.02,5.19,408.87,8.24
2025-04-14,CMP_1004,Meta_Ads_Retargeting,Social,Retargeting,9453,406,10833.09,59,28,87272.88,26.68,4.29,386.9,8.06
2025-04-15,CMP_1004,Meta_Ads_Retargeting,Social,Retargeting,8453,433,11263.11,58,30,115420.62,26.01,5.12,375.44,10.25
2025-04-16,CMP_1004,Meta_Ads_Retargeting,Social,Retargeting,10736,511,14692.16,74,32,100689.28,28.75,4.76,459.13,6.85
2025-04-17,CMP_1004,Meta_Ads_Retargeting,Social,Retargeting,12166,588,16506.45,89,40,151710.26,28.07,4.83,412.66,9.19
2025-04-18,CMP_1004,Meta_Ads_Retargeting,Social,Retargeting,10753,565,15844.89,87,33,132200.39,28.04,5.25,480.15,8.34
2025-04-19,CMP_1004,Meta_Ads_Retargeting,Social,Retargeting,12459,579,15019.4,83,34,132769.55,25.94,4.65,441.75,8.84
2025-04-20,CMP_1004,Meta_Ads_Retargeting,Social,Retargeting,13699,690,20633.27,102,43,124345.11,29.9,5.04,479.84,6.03
2025-04-21,CMP_1004,Meta_Ads_Retargeting,Social,Retargeting,12996,629,16557.72,93,40,155348.94,26.32,4.84,413.94,9.38
2025-04-22,CMP_1004,Meta_Ads_Retargeting,Social,Retargeting,9399,488,13007.22,72,34,103695.85,26.65,5.19,382.57,7.97
2025-04-23,CMP_1004,Meta_Ads_Retargeting,Social,Retargeting,11197,500,15102.31,64,35,114529.12,30.2,4.47,431.49,7.58
2025-04-24,CMP_1004,Meta_Ads_Retargeting,Social,Retargeting,8356,440,12504.23,60,29,91220.92,28.42,5.27,431.18,7.3
2025-04-25,CMP_1004,Meta_Ads_Retargeting,Social,Retargeting,12360,570,16296.98,76,35,109662.83,28.59,4.61,465.63,6.73
2025-04-26,CMP_1004,Meta_Ads_Retargeting,Social,Retargeting,12530,594,15964.62,81,40,168434.36,26.88,4.74,399.12,10.55
2025-04-27,CMP_1004,Meta_Ads_Retargeting,Social,Retargeting,12845,670,18592.89,97,40,153169.88,27.75,5.22,464.82,8.24
2025-04-28,CMP_1004,Meta_Ads_Retargeting,Social,Retargeting,14520,687,20446.41,106,46,163507.12,29.76,4.73,444.49,8.0
2025-04-29,CMP_1004,Meta_Ads_Retargeting,Social,Retargeting,11828,544,15485.83,85,36,106186.74,28.47,4.6,430.16,6.86
2025-04-30,CMP_1004,Meta_Ads_Retargeting,Social,Retargeting,15970,679,17678.79,96,42,146415.62,26.04,4.25,420.92,8.28
2025-05-01,CMP_1004,Meta_Ads_Retargeting,Social,Retargeting,11328,500,13483.66,74,32,101190.71,26.97,4.41,421.36,7.5
2025-05-02,CMP_1004,Meta_Ads_Retargeting,Social,Retargeting,16932,744,19406.36,97,51,199577.1,26.08,4.39,380.52,10.28
2025-05-03,CMP_1004,Meta_Ads_Retargeting,Social,Retargeting,8833,446,13012.57,65,28,105377.95,29.18,5.05,464.73,8.1
2025-05-04,CMP_1004,Meta_Ads_Retargeting,Social,Retargeting,12478,599,17523.93,83,37,139275.8,29.26,4.8,473.62,7.95
2025-05-05,CMP_1004,Meta_Ads_Retargeting,Social,Retargeting,10732,561,16208.9,77,38,138830.87,28.89,5.23,426.55,8.57
2025-05-06,CMP_1004,Meta_Ads_Retargeting,Social,Retargeting,12679,620,17436.27,93,44,131562.03,28.12,4.89,396.28,7.55
2025-05-07,CMP_1004,Meta_Ads_Retargeting,Social,Retargeting,14366,762,19814.08,109,50,177304.8,26.0,5.3,396.28,8.95
2025-05-08,CMP_1004,Meta_Ads_Retargeting,Social,Retargeting,13266,608,17700.18,83,42,125513.05,29.11,4.58,421.43,7.09
2025-05-09,CMP_1004,Meta_Ads_Retargeting,Social,Retargeting,12323,557,16567.67,81,39,148677.62,29.74,4.52,424.81,8.97
2025-05-10,CMP_1004,Meta_Ads_Retargeting,Social,Retargeting,17343,788,21518.32,123,53,199641.42,27.31,4.54,406.01,9.28
2025-05-11,CMP_1004,Meta_Ads_Retargeting,Social,Retargeting,13082,560,15322.95,72,36,141349.12,27.36,4.28,425.64,9.22
2025-05-12,CMP_1004,Meta_Ads_Retargeting,Social,Retargeting,16851,783,20303.24,106,50,149421.59,25.93,4.65,406.06,7.36
2025-05-13,CMP_1004,Meta_Ads_Retargeting,Social,Retargeting,13054,585,17584.9,90,37,156521.57,30.06,4.48,475.27,8.9
2025-05-14,CMP_1004,Meta_Ads_Retargeting,Social,Retargeting,14569,741,19113.4,114,44,132912.17,25.79,5.09,434.4,6.95
2025-05-15,CMP_1004,Meta_Ads_Retargeting,Social,Retargeting,11925,632,17483.81,91,41,126359.19,27.66,5.3,426.43,7.23
2025-05-16,CMP_1004,Meta_Ads_Retargeting,Social,Retargeting,13372,597,17832.61,88,35,129888.74,29.87,4.46,509.5,7.28
2025-05-17,CMP_1004,Meta_Ads_Retargeting,Social,Retargeting,11494,583,15454.84,80,37,137093.34,26.51,5.07,417.7,8.87
2025-05-18,CMP_1004,Meta_Ads_Retargeting,Social,Retargeting,13735,685,18585.52,91,46,140959.45,27.13,4.99,404.03,7.58
2025-05-19,CMP_1004,Meta_Ads_Retargeting,Social,Retargeting,12353,557,15433.15,83,34,139030.61,27.71,4.51,453.92,9.01
2025-05-20,CMP_1004,Meta_Ads_Retargeting,Social,Retargeting,13757,595,16963.82,83,40,151472.62,28.51,4.33,424.1,8.93
2025-05-21,CMP_1004,Meta_Ads_Retargeting,Social,Retargeting,13539,616,17619.39,85,36,139243.36,28.6,4.55,489.43,7.9
2025-05-22,CMP_1004,Meta_Ads_Retargeting,Social,Retargeting,17726,815,21921.51,112,47,157629.78,26.9,4.6,466.42,7.19
2025-05-23,CMP_1004,Meta_Ads_Retargeting,Social,Retargeting,11221,590,17337.02,84,38,111413.02,29.38,5.26,456.24,6.43
2025-05-24,CMP_1004,Meta_Ads_Retargeting,Social,Retargeting,11912,630,17208.58,81,41,149098.48,27.32,5.29,419.72,8.66
2025-05-25,CMP_1004,Meta_Ads_Retargeting,Social,Retargeting,15006,708,18958.31,104,48,138766.8,26.78,4.72,394.96,7.32
2025-05-26,CMP_1004,Meta_Ads_Retargeting,Social,Retargeting,13514,590,15317.43,92,36,109685.14,25.96,4.37,425.48,7.16
2025-05-27,CMP_1004,Meta_Ads_Retargeting,Social,Retargeting,11359,574,15073.18,87,35,102145.29,26.26,5.05,430.66,6.78
2025-05-28,CMP_1004,Meta_Ads_Retargeting,Social,Retargeting,13054,629,16853.66,85,44,181371.69,26.79,4.82,383.04,10.76
2025-05-29,CMP_1004,Meta_Ads_Retargeting,Social,Retargeting,11398,528,14954.95,73,33,128023.76,28.32,4.63,453.18,8.56
2025-05-30,CMP_1004,Meta_Ads_Retargeting,Social,Retargeting,14508,669,20089.87,96,39,123342.88,30.03,4.61,515.12,6.14
2025-05-31,CMP_1004,Meta_Ads_Retargeting,Social,Retargeting,13672,610,16865.01,93,36,126349.15,27.65,4.46,468.47,7.49
2025-06-01,CMP_1004,Meta_Ads_Retargeting,Social,Retargeting,14257,745,20478.5,107,47,140128.02,27.49,5.23,435.71,6.84
2025-06-02,CMP_1004,Meta_Ads_Retargeting,Social,Retargeting,11935,617,17191.79,90,42,149597.95,27.86,5.17,409.33,8.7
2025-06-03,CMP_1004,Meta_Ads_Retargeting,Social,Retargeting,13231,604,17707.5,86,38,131035.82,29.32,4.57,465.99,7.4
2025-06-04,CMP_1004,Meta_Ads_Retargeting,Social,Retargeting,10476,459,12309.05,61,27,85305.36,26.82,4.38,455.89,6.93
2025-06-05,CMP_1004,Meta_Ads_Retargeting,Social,Retargeting,11739,497,13619.35,75,29,120890.69,27.4,4.23,469.63,8.88
2025-06-06,CMP_1004,Meta_Ads_Retargeting,Social,Retargeting,8490,411,12257.14,59,27,92242.48,29.82,4.84,453.97,7.53
2025-06-07,CMP_1004,Meta_Ads_Retargeting,Social,Retargeting,12545,596,15501.34,86,41,124325.88,26.01,4.75,378.08,8.02
2025-06-08,CMP_1004,Meta_Ads_Retargeting,Social,Retargeting,12785,571,16822.97,79,35,120197.39,29.46,4.47,480.66,7.14
2025-06-09,CMP_1004,Meta_Ads_Retargeting,Social,Retargeting,10818,512,15030.56,73,35,134758.37,29.36,4.73,429.44,8.97
2025-06-10,CMP_1004,Meta_Ads_Retargeting,Social,Retargeting,9489,429,12008.34,66,28,89341.3,27.99,4.52,428.87,7.44
2025-06-11,CMP_1004,Meta_Ads_Retargeting,Social,Retargeting,12241,657,17073.31,87,45,154210.25,25.99,5.37,379.41,9.03
2025-06-12,CMP_1004,Meta_Ads_Retargeting,Social,Retargeting,9143,479,13420.87,67,31,91668.47,28.02,5.24,432.93,6.83
2025-06-13,CMP_1004,Meta_Ads_Retargeting,Social,Retargeting,10622,499,13110.12,73,33,103378.87,26.27,4.7,397.28,7.89
2025-06-14,CMP_1004,Meta_Ads_Retargeting,Social,Retargeting,12548,666,17401.1,90,46,186960.03,26.13,5.31,378.28,10.74
2025-06-15,CMP_1004,Meta_Ads_Retargeting,Social,Retargeting,9960,509,14987.73,74,32,103904.37,29.45,5.11,468.37,6.93
2025-06-16,CMP_1004,Meta_Ads_Retargeting,Social,Retargeting,12824,617,16244.47,89,38,134386.56,26.33,4.81,427.49,8.27
2025-06-17,CMP_1004,Meta_Ads_Retargeting,Social,Retargeting,14027,619,18474.41,86,37,138377.17,29.85,4.41,499.31,7.49
2025-06-18,CMP_1004,Meta_Ads_Retargeting,Social,Retargeting,7550,400,11636.98,54,28,83329.04,29.09,5.3,415.61,7.16
2025-06-19,CMP_1004,Meta_Ads_Retargeting,Social,Retargeting,9370,453,13499.04,66,31,95927.1,29.8,4.83,435.45,7.11
2025-06-20,CMP_1004,Meta_Ads_Retargeting,Social,Retargeting,11286,591,15349.13,81,35,123448.75,25.97,5.24,438.55,8.04
2025-06-21,CMP_1004,Meta_Ads_Retargeting,Social,Retargeting,13445,573,15491.78,80,40,169056.29,27.04,4.26,387.29,10.91
2025-06-22,CMP_1004,Meta_Ads_Retargeting,Social,Retargeting,13242,584,16711.32,90,38,117765.76,28.62,4.41,439.77,7.05
2025-06-23,CMP_1004,Meta_Ads_Retargeting,Social,Retargeting,10434,526,15283.64,70,32,122434.51,29.06,5.04,477.61,8.01
2025-06-24,CMP_1004,Meta_Ads_Retargeting,Social,Retargeting,12221,578,15464.59,87,39,136751.0,26.76,4.73,396.53,8.84
2025-06-25,CMP_1004,Meta_Ads_Retargeting,Social,Retargeting,12613,566,16263.89,77,35,106709.88,28.73,4.49,464.68,6.56
2025-06-26,CMP_1004,Meta_Ads_Retargeting,Social,Retargeting,13347,596,16090.59,84,41,124315.82,27.0,4.47,392.45,7.73
2025-06-27,CMP_1004,Meta_Ads_Retargeting,Social,Retargeting,12559,664,17397.04,96,41,160674.59,26.2,5.29,424.32,9.24
2025-06-28,CMP_1004,Meta_Ads_Retargeting,Social,Retargeting,14274,717,19319.22,93,49,171476.11,26.94,5.02,394.27,8.88
2025-06-29,CMP_1004,Meta_Ads_Retargeting,Social,Retargeting,9093,465,13401.03,66,30,105318.1,28.82,5.11,446.7,7.86
2025-06-30,CMP_1004,Meta_Ads_Retargeting,Social,Retargeting,11547,554,16519.6,84,38,131034.89,29.82,4.8,434.73,7.93
2025-07-01,CMP_1004,Meta_Ads_Retargeting,Social,Retargeting,10409,467,13771.1,67,32,107863.34,29.49,4.49,430.35,7.83
2025-07-02,CMP_1004,Meta_Ads_Retargeting,Social,Retargeting,8875,400,11468.19,52,27,81664.13,28.67,4.51,424.75,7.12
2025-07-03,CMP_1004,Meta_Ads_Retargeting,Social,Retargeting,11450,612,16727.28,95,37,108992.02,27.33,5.34,452.09,6.52
2025-07-04,CMP_1004,Meta_Ads_Retargeting,Social,Retargeting,10119,480,13887.98,63,32,93836.73,28.93,4.74,434.0,6.76
2025-07-05,CMP_1004,Meta_Ads_Retargeting,Social,Retargeting,10671,536,16140.85,81,34,113811.1,30.11,5.02,474.73,7.05
2025-07-06,CMP_1004,Meta_Ads_Retargeting,Social,Retargeting,12558,600,16087.3,86,40,129587.25,26.81,4.78,402.18,8.06
2025-07-07,CMP_1004,Meta_Ads_Retargeting,Social,Retargeting,7231,353,9807.2,49,22,85503.08,27.78,4.88,445.78,8.72
2025-07-08,CMP_1004,Meta_Ads_Retargeting,Social,Retargeting,9625,499,14411.82,67,33,121633.54,28.88,5.18,436.72,8.44
2025-07-09,CMP_1004,Meta_Ads_Retargeting,Social,Retargeting,12057,529,14384.16,71,31,118388.21,27.19,4.39,464.01,8.23
2025-07-10,CMP_1004,Meta_Ads_Retargeting,Social,Retargeting,6034,321,9246.32,48,18,73666.32,28.8,5.32,513.68,7.97
2025-07-11,CMP_1004,Meta_Ads_Retargeting,Social,Retargeting,9591,513,14570.82,73,36,108105.58,28.4,5.35,404.74,7.42
2025-07-12,CMP_1004,Meta_Ads_Retargeting,Social,Retargeting,15279,723,19246.21,105,49,207467.79,26.62,4.73,392.78,10.78
2025-07-13,CMP_1004,Meta_Ads_Retargeting,Social,Retargeting,10527,518,15212.07,69,33,128684.88,29.37,4.92,460.97,8.46
2025-07-14,CMP_1004,Meta_Ads_Retargeting,Social,Retargeting,10459,502,14683.7,68,35,132726.06,29.25,4.8,419.53,9.04
2025-07-15,CMP_1004,Meta_Ads_Retargeting,Social,Retargeting,8416,379,11024.65,50,24,78825.19,29.09,4.5,459.36,7.15
2025-07-16,CMP_1004,Meta_Ads_Retargeting,Social,Retargeting,10688,466,13338.37,68,28,80929.25,28.62,4.36,476.37,6.07
2025-07-17,CMP_1004,Meta_Ads_Retargeting,Social,Retargeting,9766,481,14085.81,75,30,114503.59,29.28,4.93,469.53,8.13
2025-07-18,CMP_1004,Meta_Ads_Retargeting,Social,Retargeting,13331,624,16260.68,97,40,131260.64,26.06,4.68,406.52,8.07
2025-07-19,CMP_1004,Meta_Ads_Retargeting,Social,Retargeting,13040,607,17411.4,94,35,115607.26,28.68,4.65,497.47,6.64
2025-07-20,CMP_1004,Meta_Ads_Retargeting,Social,Retargeting,10775,495,14799.57,67,32,128331.85,29.9,4.59,462.49,8.67
2025-07-21,CMP_1004,Meta_Ads_Retargeting,Social,Retargeting,10069,470,13623.53,65,32,134380.39,28.99,4.67,425.74,9.86
2025-07-22,CMP_1004,Meta_Ads_Retargeting,Social,Retargeting,13125,618,16274.22,88,39,131973.55,26.33,4.71,417.29,8.11
2025-07-23,CMP_1004,Meta_Ads_Retargeting,Social,Retargeting,12431,553,15337.98,84,38,134956.72,27.74,4.45,403.63,8.8
2025-07-24,CMP_1004,Meta_Ads_Retargeting,Social,Retargeting,10546,523,14184.42,71,32,124272.0,27.12,4.96,443.26,8.76
2025-07-25,CMP_1004,Meta_Ads_Retargeting,Social,Retargeting,9184,487,13084.89,69,30,122334.37,26.87,5.3,436.16,9.35
2025-07-26,CMP_1004,Meta_Ads_Retargeting,Social,Retargeting,12082,557,15346.83,74,35,116224.18,27.55,4.61,438.48,7.57
2025-07-27,CMP_1004,Meta_Ads_Retargeting,Social,Retargeting,11093,477,13545.05,63,30,124927.53,28.4,4.3,451.5,9.22
2025-07-28,CMP_1004,Meta_Ads_Retargeting,Social,Retargeting,12768,637,17489.93,86,38,112845.17,27.46,4.99,460.26,6.45
2025-07-29,CMP_1004,Meta_Ads_Retargeting,Social,Retargeting,9509,485,12875.7,62,31,105588.09,26.55,5.1,415.35,8.2
2025-07-30,CMP_1004,Meta_Ads_Retargeting,Social,Retargeting,10097,492,13792.54,67,30,116622.8,28.03,4.87,459.75,8.46
2025-07-31,CMP_1004,Meta_Ads_Retargeting,Social,Retargeting,10440,549,14389.93,76,36,121643.23,26.21,5.26,399.72,8.45
2025-08-01,CMP_1004,Meta_Ads_Retargeting,Social,Retargeting,12176,597,15736.8,85,36,126163.51,26.36,4.9,437.13,8.02
2025-08-02,CMP_1004,Meta_Ads_Retargeting,Social,Retargeting,13758,668,17505.67,99,45,168552.0,26.21,4.86,389.01,9.63
2025-08-03,CMP_1004,Meta_Ads_Retargeting,Social,Retargeting,14835,748,19802.49,110,43,148349.0,26.47,5.04,460.52,7.49
2025-08-04,CMP_1004,Meta_Ads_Retargeting,Social,Retargeting,13762,675,18068.18,104,46,190586.4,26.77,4.9,392.79,10.55
2025-08-05,CMP_1004,Meta_Ads_Retargeting,Social,Retargeting,9371,397,11974.6,58,25,101485.05,30.16,4.24,478.98,8.48
2025-08-06,CMP_1004,Meta_Ads_Retargeting,Social,Retargeting,15669,695,18171.46,104,40,160038.16,26.15,4.44,454.29,8.81
2025-08-07,CMP_1004,Meta_Ads_Retargeting,Social,Retargeting,12607,628,16228.53,87,41,157300.71,25.84,4.98,395.82,9.69
2025-08-08,CMP_1004,Meta_Ads_Retargeting,Social,Retargeting,10239,502,13096.03,72,34,121830.17,26.09,4.9,385.18,9.3
2025-08-09,CMP_1004,Meta_Ads_Retargeting,Social,Retargeting,12151,569,15734.97,73,35,147608.56,27.65,4.68,449.57,9.38
2025-08-10,CMP_1004,Meta_Ads_Retargeting,Social,Retargeting,10538,548,15578.45,77,32,95722.7,28.43,5.2,486.83,6.14
2025-08-11,CMP_1004,Meta_Ads_Retargeting,Social,Retargeting,11346,606,17017.62,90,36,113311.11,28.08,5.34,472.71,6.66
2025-08-12,CMP_1004,Meta_Ads_Retargeting,Social,Retargeting,11597,576,16447.32,74,39,154520.12,28.55,4.97,421.73,9.39
2025-08-13,CMP_1004,Meta_Ads_Retargeting,Social,Retargeting,11883,599,16150.11,80,35,110724.1,26.96,5.04,461.43,6.86
2025-08-14,CMP_1004,Meta_Ads_Retargeting,Social,Retargeting,10312,496,13708.46,70,30,87890.16,27.64,4.81,456.95,6.41
2025-08-15,CMP_1004,Meta_Ads_Retargeting,Social,Retargeting,9337,437,12441.87,59,30,117167.13,28.47,4.68,414.73,9.42
2025-08-16,CMP_1004,Meta_Ads_Retargeting,Social,Retargeting,12415,624,16459.44,83,40,119136.04,26.38,5.03,411.49,7.24
2025-08-17,CMP_1004,Meta_Ads_Retargeting,Social,Retargeting,15060,658,19392.08,101,45,158482.47,29.47,4.37,430.94,8.17
2025-08-18,CMP_1004,Meta_Ads_Retargeting,Social,Retargeting,12051,569,16713.23,86,36,150109.68,29.37,4.72,464.26,8.98
2025-08-19,CMP_1004,Meta_Ads_Retargeting,Social,Retargeting,13916,662,18505.02,100,45,163984.73,27.95,4.76,411.22,8.86
2025-08-20,CMP_1004,Meta_Ads_Retargeting,Social,Retargeting,9565,487,14667.49,73,28,98736.09,30.12,5.09,523.84,6.73
2025-08-21,CMP_1004,Meta_Ads_Retargeting,Social,Retargeting,7876,408,11697.77,53,28,101803.11,28.67,5.18,417.78,8.7
2025-08-22,CMP_1004,Meta_Ads_Retargeting,Social,Retargeting,10298,498,13478.77,64,30,119857.88,27.07,4.84,449.29,8.89
2025-08-23,CMP_1004,Meta_Ads_Retargeting,Social,Retargeting,11796,530,13980.33,75,34,133569.35,26.38,4.49,411.19,9.55
2025-08-24,CMP_1004,Meta_Ads_Retargeting,Social,Retargeting,16144,703,20077.88,93,45,154339.63,28.56,4.35,446.18,7.69
2025-08-25,CMP_1004,Meta_Ads_Retargeting,Social,Retargeting,10075,493,14349.91,68,29,92756.46,29.11,4.89,494.82,6.46
2025-08-26,CMP_1004,Meta_Ads_Retargeting,Social,Retargeting,8528,377,10586.53,55,26,84260.74,28.08,4.42,407.17,7.96
2025-08-27,CMP_1004,Meta_Ads_Retargeting,Social,Retargeting,12939,692,19352.35,95,45,135569.98,27.97,5.35,430.05,7.01
2025-08-28,CMP_1004,Meta_Ads_Retargeting,Social,Retargeting,8576,433,13032.06,65,29,107068.91,30.1,5.05,449.38,8.22
2025-08-29,CMP_1004,Meta_Ads_Retargeting,Social,Retargeting,10704,558,15508.4,87,36,149647.96,27.79,5.21,430.79,9.65
2025-08-30,CMP_1004,Meta_Ads_Retargeting,Social,Retargeting,15475,691,19223.84,89,42,150495.39,27.82,4.47,457.71,7.83
2025-08-31,CMP_1004,Meta_Ads_Retargeting,Social,Retargeting,13943,661,22413.52,103,41,143703.72,33.91,4.74,546.67,6.41
2025-09-01,CMP_1004,Meta_Ads_Retargeting,Social,Retargeting,12418,546,15933.83,79,33,105605.41,29.18,4.4,482.84,6.63
2025-09-02,CMP_1004,Meta_Ads_Retargeting,Social,Retargeting,16506,722,18638.59,99,43,181923.0,25.82,4.37,433.46,9.76
2025-09-03,CMP_1004,Meta_Ads_Retargeting,Social,Retargeting,10018,491,13099.09,64,34,142719.75,26.68,4.9,385.27,10.9
2025-09-04,CMP_1004,Meta_Ads_Retargeting,Social,Retargeting,10985,521,14015.97,67,34,117399.94,26.9,4.74,412.23,8.38
2025-09-05,CMP_1004,Meta_Ads_Retargeting,Social,Retargeting,9524,448,12866.26,59,30,109754.95,28.72,4.7,428.88,8.53
2025-09-06,CMP_1004,Meta_Ads_Retargeting,Social,Retargeting,11469,500,14826.41,75,33,100531.69,29.65,4.36,449.29,6.78
2025-09-07,CMP_1004,Meta_Ads_Retargeting,Social,Retargeting,11488,504,15137.28,74,31,129929.31,30.03,4.39,488.3,8.58
2025-09-08,CMP_1004,Meta_Ads_Retargeting,Social,Retargeting,13446,717,19541.89,110,44,175243.94,27.26,5.33,444.13,8.97
2025-09-09,CMP_1004,Meta_Ads_Retargeting,Social,Retargeting,14923,633,17160.62,85,39,136238.53,27.11,4.24,440.02,7.94
2025-09-10,CMP_1004,Meta_Ads_Retargeting,Social,Retargeting,5927,310,8231.14,46,18,67934.26,26.55,5.23,457.29,8.25
2025-09-11,CMP_1004,Meta_Ads_Retargeting,Social,Retargeting,13681,617,15922.54,95,43,166409.89,25.81,4.51,370.29,10.45
2025-09-12,CMP_1004,Meta_Ads_Retargeting,Social,Retargeting,12103,524,15310.71,75,32,100366.61,29.22,4.33,478.46,6.56
2025-09-13,CMP_1004,Meta_Ads_Retargeting,Social,Retargeting,10612,563,15711.83,75,40,169689.27,27.91,5.31,392.8,10.8
2025-09-14,CMP_1004,Meta_Ads_Retargeting,Social,Retargeting,13733,607,17170.13,83,38,125805.88,28.29,4.42,451.85,7.33
2025-09-15,CMP_1004,Meta_Ads_Retargeting,Social,Retargeting,12788,628,16182.86,97,39,122550.3,25.77,4.91,414.95,7.57
2025-09-16,CMP_1004,Meta_Ads_Retargeting,Social,Retargeting,9137,461,13242.72,68,28,90523.87,28.73,5.05,472.95,6.84
2025-09-17,CMP_1004,Meta_Ads_Retargeting,Social,Retargeting,13707,646,17977.73,86,41,148456.37,27.83,4.71,438.48,8.26
2025-09-18,CMP_1004,Meta_Ads_Retargeting,Social,Retargeting,11930,565,14632.87,85,38,142644.91,25.9,4.74,385.08,9.75
2025-09-19,CMP_1004,Meta_Ads_Retargeting,Social,Retargeting,14335,659,18585.77,87,46,162390.9,28.2,4.6,404.04,8.74
2025-09-20,CMP_1004,Meta_Ads_Retargeting,Social,Retargeting,11818,579,17211.89,85,39,147671.61,29.73,4.9,441.33,8.58
2025-09-21,CMP_1004,Meta_Ads_Retargeting,Social,Retargeting,12676,590,17333.42,82,35,144684.22,29.38,4.65,495.24,8.35
2025-09-22,CMP_1004,Meta_Ads_Retargeting,Social,Retargeting,6739,335,8767.97,47,21,80098.0,26.17,4.97,417.52,9.14
2025-09-23,CMP_1004,Meta_Ads_Retargeting,Social,Retargeting,10138,525,15368.25,70,36,136164.91,29.27,5.18,426.9,8.86
2025-09-24,CMP_1004,Meta_Ads_Retargeting,Social,Retargeting,9345,447,13298.76,64,31,127530.19,29.75,4.78,428.99,9.59
2025-09-25,CMP_1004,Meta_Ads_Retargeting,Social,Retargeting,8328,389,10723.49,53,24,97465.09,27.57,4.67,446.81,9.09
2025-09-26,CMP_1004,Meta_Ads_Retargeting,Social,Retargeting,10730,537,14017.27,71,33,98132.05,26.1,5.0,424.77,7.0
2025-09-27,CMP_1004,Meta_Ads_Retargeting,Social,Retargeting,14065,630,18735.58,89,40,163122.5,29.74,4.48,468.39,8.71
2025-09-28,CMP_1004,Meta_Ads_Retargeting,Social,Retargeting,10363,499,14584.19,73,34,98701.08,29.23,4.82,428.95,6.77
2025-09-29,CMP_1004,Meta_Ads_Retargeting,Social,Retargeting,12084,586,17049.35,84,36,129524.69,29.09,4.85,473.59,7.6
2025-09-30,CMP_1004,Meta_Ads_Retargeting,Social,Retargeting,10731,505,14511.32,75,35,108513.0,28.74,4.71,414.61,7.48
2025-10-01,CMP_1004,Meta_Ads_Retargeting,Social,Retargeting,11281,509,14706.02,74,35,121053.06,28.89,4.51,420.17,8.23
2025-10-02,CMP_1004,Meta_Ads_Retargeting,Social,Retargeting,10804,580,17329.56,76,35,146388.08,29.88,5.37,495.13,8.45
2025-10-03,CMP_1004,Meta_Ads_Retargeting,Social,Retargeting,14612,719,23254.83,98,50,163775.36,32.34,4.92,465.1,7.04
2025-10-04,CMP_1004,Meta_Ads_Retargeting,Social,Retargeting,14038,702,20271.97,94,41,141309.76,28.88,5.0,494.44,6.97
2025-10-05,CMP_1004,Meta_Ads_Retargeting,Social,Retargeting,13030,619,22475.14,90,41,164612.34,36.31,4.75,548.17,7.32
2025-10-06,CMP_1004,Meta_Ads_Retargeting,Social,Retargeting,14907,677,18731.85,92,44,154037.03,27.67,4.54,425.72,8.22
2025-10-07,CMP_1004,Meta_Ads_Retargeting,Social,Retargeting,13959,624,18090.05,83,39,124791.36,28.99,4.47,463.85,6.9
2025-10-08,CMP_1004,Meta_Ads_Retargeting,Social,Retargeting,15090,702,19933.67,99,45,142506.37,28.4,4.65,442.97,7.15
2025-10-09,CMP_1004,Meta_Ads_Retargeting,Social,Retargeting,12318,591,15338.66,85,38,146359.37,25.95,4.8,403.65,9.54
2025-10-10,CMP_1004,Meta_Ads_Retargeting,Social,Retargeting,13799,623,16547.14,94,44,135294.22,26.56,4.51,376.07,8.18
2025-10-11,CMP_1004,Meta_Ads_Retargeting,Social,Retargeting,13785,634,16511.15,84,42,151866.4,26.04,4.6,393.12,9.2
2025-10-12,CMP_1004,Meta_Ads_Retargeting,Social,Retargeting,18065,765,20219.25,116,46,170864.91,26.43,4.23,439.55,8.45
2025-10-13,CMP_1004,Meta_Ads_Retargeting,Social,Retargeting,15517,671,22570.23,90,40,138884.25,33.64,4.32,564.26,6.15
2025-10-14,CMP_1004,Meta_Ads_Retargeting,Social,Retargeting,12168,551,15823.8,71,35,129984.15,28.72,4.53,452.11,8.21
2025-10-15,CMP_1004,Meta_Ads_Retargeting,Social,Retargeting,15026,734,20480.14,113,50,166462.55,27.9,4.88,409.6,8.13
2025-10-16,CMP_1004,Meta_Ads_Retargeting,Social,Retargeting,17651,799,21440.6,114,54,193016.42,26.83,4.53,397.05,9.0
2025-10-17,CMP_1004,Meta_Ads_Retargeting,Social,Retargeting,15403,702,20628.52,103,44,180364.9,29.39,4.56,468.83,8.74
2025-10-18,CMP_1004,Meta_Ads_Retargeting,Social,Retargeting,13666,660,19518.29,97,46,163952.06,29.57,4.83,424.31,8.4
2025-10-19,CMP_1004,Meta_Ads_Retargeting,Social,Retargeting,14770,690,22987.0,105,46,158202.42,33.31,4.67,499.72,6.88
2025-10-20,CMP_1004,Meta_Ads_Retargeting,Social,Retargeting,14717,682,18235.02,93,41,159938.24,26.74,4.63,444.76,8.77
2025-10-21,CMP_1004,Meta_Ads_Retargeting,Social,Retargeting,13239,709,19497.94,99,42,126510.85,27.5,5.36,464.24,6.49
2025-10-22,CMP_1004,Meta_Ads_Retargeting,Social,Retargeting,11578,569,16181.72,80,36,106680.54,28.44,4.91,449.49,6.59
2025-10-23,CMP_1004,Meta_Ads_Retargeting,Social,Retargeting,15977,694,22777.1,91,41,152487.33,32.82,4.34,555.54,6.69
2025-10-24,CMP_1004,Meta_Ads_Retargeting,Social,Retargeting,17568,793,29072.64,105,56,226927.67,36.66,4.51,519.15,7.81
2025-10-25,CMP_1004,Meta_Ads_Retargeting,Social,Retargeting,14403,690,18449.47,89,46,165668.77,26.74,4.79,401.08,8.98
2025-10-26,CMP_1004,Meta_Ads_Retargeting,Social,Retargeting,13255,585,17435.86,88,40,122518.66,29.8,4.41,435.9,7.03
2025-10-27,CMP_1004,Meta_Ads_Retargeting,Social,Retargeting,14224,644,17339.87,93,41,171335.58,26.93,4.53,422.92,9.88
2025-10-28,CMP_1004,Meta_Ads_Retargeting,Social,Retargeting,13749,735,19355.02,99,50,167549.95,26.33,5.35,387.1,8.66
2025-10-29,CMP_1004,Meta_Ads_Retargeting,Social,Retargeting,13655,651,22921.98,93,44,132412.33,35.21,4.77,520.95,5.78
2025-10-30,CMP_1004,Meta_Ads_Retargeting,Social,Retargeting,11263,592,17035.0,77,35,135261.68,28.78,5.26,486.71,7.94
2025-10-31,CMP_1004,Meta_Ads_Retargeting,Social,Retargeting,11959,575,15169.12,76,37,145355.12,26.38,4.81,409.98,9.58
2025-11-01,CMP_1004,Meta_Ads_Retargeting,Social,Retargeting,13164,629,16946.11,98,42,169438.3,26.94,4.78,403.48,10.0
2025-11-02,CMP_1004,Meta_Ads_Retargeting,Social,Retargeting,16675,728,23866.41,97,46,185849.8,32.78,4.37,518.84,7.79
2025-11-03,CMP_1004,Meta_Ads_Retargeting,Social,Retargeting,14041,699,19100.35,104,46,155289.06,27.33,4.98,415.22,8.13
2025-11-04,CMP_1004,Meta_Ads_Retargeting,Social,Retargeting,11140,598,15653.7,79,35,142968.06,26.18,5.37,447.25,9.13
2025-11-05,CMP_1004,Meta_Ads_Retargeting,Social,Retargeting,13492,671,22495.29,92,42,136351.89,33.53,4.97,535.6,6.06
2025-11-06,CMP_1004,Meta_Ads_Retargeting,Social,Retargeting,12714,612,17754.76,95,36,128670.23,29.01,4.81,493.19,7.25
2025-11-07,CMP_1004,Meta_Ads_Retargeting,Social,Retargeting,10578,559,15864.29,72,36,145833.72,28.38,5.28,440.67,9.19
2025-11-08,CMP_1004,Meta_Ads_Retargeting,Social,Retargeting,16397,831,21497.21,129,55,191789.39,25.87,5.07,390.86,8.92
2025-11-09,CMP_1004,Meta_Ads_Retargeting,Social,Retargeting,14137,747,19394.63,106,43,164610.74,25.96,5.28,451.04,8.49
2025-11-10,CMP_1004,Meta_Ads_Retargeting,Social,Retargeting,15308,658,17584.92,95,43,153845.81,26.72,4.3,408.95,8.75
2025-11-11,CMP_1004,Meta_Ads_Retargeting,Social,Retargeting,13094,683,20121.14,99,40,153420.49,29.46,5.22,503.03,7.62
2025-11-12,CMP_1004,Meta_Ads_Retargeting,Social,Retargeting,14349,664,24150.64,102,40,152130.24,36.37,4.63,603.77,6.3
2025-11-13,CMP_1004,Meta_Ads_Retargeting,Social,Retargeting,11268,596,15370.99,78,35,117001.16,25.79,5.29,439.17,7.61
2025-11-14,CMP_1004,Meta_Ads_Retargeting,Social,Retargeting,12737,603,17114.6,78,37,147710.98,28.38,4.73,462.56,8.63
2025-11-15,CMP_1004,Meta_Ads_Retargeting,Social,Retargeting,12907,653,18862.46,97,40,121021.72,28.89,5.06,471.56,6.42
2025-11-16,CMP_1004,Meta_Ads_Retargeting,Social,Retargeting,15335,735,22172.58,94,44,146433.3,30.17,4.79,503.92,6.6
2025-11-17,CMP_1004,Meta_Ads_Retargeting,Social,Retargeting,15473,667,18931.53,103,42,173506.81,28.38,4.31,450.75,9.16
2025-11-18,CMP_1004,Meta_Ads_Retargeting,Social,Retargeting,15628,773,22018.64,113,51,185796.59,28.48,4.95,431.74,8.44
2025-11-19,CMP_1004,Meta_Ads_Retargeting,Social,Retargeting,14503,735,22192.33,110,51,162346.77,30.19,5.07,435.14,7.32
2025-11-20,CMP_1004,Meta_Ads_Retargeting,Social,Retargeting,13863,718,20162.26,101,47,169520.37,28.08,5.18,428.98,8.41
2025-11-21,CMP_1004,Meta_Ads_Retargeting,Social,Retargeting,14150,698,18115.17,106,42,155328.23,25.95,4.93,431.31,8.57
2025-11-22,CMP_1004,Meta_Ads_Retargeting,Social,Retargeting,12310,659,17357.65,92,40,124920.06,26.34,5.35,433.94,7.2
2025-11-23,CMP_1004,Meta_Ads_Retargeting,Social,Retargeting,14859,732,21056.26,107,43,176523.9,28.77,4.93,489.68,8.38
2025-11-24,CMP_1004,Meta_Ads_Retargeting,Social,Retargeting,12539,586,16321.45,89,41,135410.55,27.85,4.67,398.08,8.3
2025-11-25,CMP_1004,Meta_Ads_Retargeting,Social,Retargeting,11786,604,17919.07,93,37,135962.58,29.67,5.12,484.3,7.59
2025-11-26,CMP_1004,Meta_Ads_Retargeting,Social,Retargeting,17683,862,22244.94,119,54,203421.92,25.81,4.87,411.94,9.14
2025-11-27,CMP_1004,Meta_Ads_Retargeting,Social,Retargeting,12931,637,18862.23,97,39,140264.38,29.61,4.93,483.65,7.44
2025-11-28,CMP_1004,Meta_Ads_Retargeting,Social,Retargeting,13878,692,19574.08,100,47,172350.02,28.29,4.99,416.47,8.81
2025-11-29,CMP_1004,Meta_Ads_Retargeting,Social,Retargeting,17759,774,20181.54,112,48,143919.23,26.07,4.36,420.45,7.13
2025-11-30,CMP_1004,Meta_Ads_Retargeting,Social,Retargeting,13870,701,24264.05,103,44,172331.57,34.61,5.05,551.46,7.1
2025-12-01,CMP_1004,Meta_Ads_Retargeting,Social,Retargeting,8470,420,12048.15,60,24,92093.99,28.69,4.96,502.01,7.64
2025-12-02,CMP_1004,Meta_Ads_Retargeting,Social,Retargeting,12915,633,18646.81,86,38,127411.09,29.46,4.9,490.71,6.83
2025-12-03,CMP_1004,Meta_Ads_Retargeting,Social,Retargeting,13230,604,16858.81,86,36,151908.82,27.91,4.57,468.3,9.01
2025-12-04,CMP_1004,Meta_Ads_Retargeting,Social,Retargeting,12673,599,17382.65,87,37,122084.32,29.02,4.73,469.8,7.02
2025-12-05,CMP_1004,Meta_Ads_Retargeting,Social,Retargeting,14256,684,19413.22,99,42,142340.63,28.38,4.8,462.22,7.33
2025-12-06,CMP_1004,Meta_Ads_Retargeting,Social,Retargeting,12324,636,16699.95,82,42,136948.5,26.26,5.16,397.62,8.2
2025-12-07,CMP_1004,Meta_Ads_Retargeting,Social,Retargeting,11917,570,16931.48,78,37,126150.13,29.7,4.78,457.61,7.45
2025-12-08,CMP_1004,Meta_Ads_Retargeting,Social,Retargeting,10372,489,14801.75,67,33,111701.81,30.27,4.71,448.54,7.55
2025-12-09,CMP_1004,Meta_Ads_Retargeting,Social,Retargeting,12596,598,17658.4,89,35,141425.27,29.53,4.75,504.53,8.01
2025-12-10,CMP_1004,Meta_Ads_Retargeting,Social,Retargeting,12488,573,15148.77,89,35,122861.66,26.44,4.59,432.82,8.11
2025-12-11,CMP_1004,Meta_Ads_Retargeting,Social,Retargeting,15635,732,18968.1,106,51,183230.81,25.91,4.68,371.92,9.66
2025-12-12,CMP_1004,Meta_Ads_Retargeting,Social,Retargeting,14890,683,17733.62,99,48,194804.03,25.96,4.59,369.45,10.99
2025-12-13,CMP_1004,Meta_Ads_Retargeting,Social,Retargeting,17107,766,20524.66,102,53,214630.18,26.79,4.48,387.26,10.46
2025-12-14,CMP_1004,Meta_Ads_Retargeting,Social,Retargeting,11935,568,15930.01,77,36,105533.11,28.05,4.76,442.5,6.62
2025-12-15,CMP_1004,Meta_Ads_Retargeting,Social,Retargeting,14927,783,20632.67,117,50,179666.22,26.35,5.25,412.65,8.71
2025-12-16,CMP_1004,Meta_Ads_Retargeting,Social,Retargeting,13814,705,20665.97,105,43,144034.48,29.31,5.1,480.6,6.97
2025-12-17,CMP_1004,Meta_Ads_Retargeting,Social,Retargeting,11986,552,15405.66,82,34,104651.85,27.91,4.61,453.11,6.79
2025-12-18,CMP_1004,Meta_Ads_Retargeting,Social,Retargeting,13572,669,17930.59,94,39,138586.98,26.8,4.93,459.76,7.73
2025-12-19,CMP_1004,Meta_Ads_Retargeting,Social,Retargeting,12273,591,17106.82,90,36,108262.76,28.95,4.82,475.19,6.33
2025-12-20,CMP_1004,Meta_Ads_Retargeting,Social,Retargeting,11545,593,16828.95,81,40,122966.79,28.38,5.14,420.72,7.31
2025-12-21,CMP_1004,Meta_Ads_Retargeting,Social,Retargeting,15783,693,18759.11,105,42,162358.09,27.07,4.39,446.65,8.65
2025-12-22,CMP_1004,Meta_Ads_Retargeting,Social,Retargeting,12933,615,17357.58,84,39,144682.91,28.22,4.76,445.07,8.34
2025-12-23,CMP_1004,Meta_Ads_Retargeting,Social,Retargeting,11839,628,18967.14,96,43,151629.82,30.2,5.3,441.1,7.99
2025-12-24,CMP_1004,Meta_Ads_Retargeting,Social,Retargeting,13015,694,19118.61,97,46,177345.38,27.55,5.33,415.62,9.28
2025-12-25,CMP_1004,Meta_Ads_Retargeting,Social,Retargeting,13293,599,17994.69,89,39,126954.27,30.04,4.51,461.4,7.06
2025-12-26,CMP_1004,Meta_Ads_Retargeting,Social,Retargeting,13598,625,17953.08,89,41,141067.83,28.72,4.6,437.88,7.86
2025-12-27,CMP_1004,Meta_Ads_Retargeting,Social,Retargeting,14760,787,20974.0,112,53,182798.28,26.65,5.33,395.74,8.72
2025-12-28,CMP_1004,Meta_Ads_Retargeting,Social,Retargeting,10802,524,14463.67,75,34,104492.49,27.6,4.85,425.4,7.22
2025-12-29,CMP_1004,Meta_Ads_Retargeting,Social,Retargeting,10432,461,12901.99,60,32,118807.42,27.99,4.42,403.19,9.21
2025-12-30,CMP_1004,Meta_Ads_Retargeting,Social,Retargeting,9901,491,14652.22,73,31,130064.1,29.84,4.96,472.65,8.88
2025-12-31,CMP_1004,Meta_Ads_Retargeting,Social,Retargeting,13998,729,21468.87,97,45,147530.35,29.45,5.21,477.09,6.87
2025-01-01,CMP_1005,YouTube_Video_Ads,Video,Top of Funnel / Awareness,190088,2049,22752.82,38,17,49041.53,11.1,1.08,1338.4,2.16
2025-01-02,CMP_1005,YouTube_Video_Ads,Video,Top of Funnel / Awareness,118947,1449,18225.57,25,12,37203.01,12.58,1.22,1518.8,2.04
2025-01-03,CMP_1005,YouTube_Video_Ads,Video,Top of Funnel / Awareness,136354,1723,21345.11,35,13,48991.79,12.39,1.26,1641.93,2.3
2025-01-04,CMP_1005,YouTube_Video_Ads,Video,Top of Funnel / Awareness,114787,1511,19051.88,27,14,50290.54,12.61,1.32,1360.85,2.64
2025-01-05,CMP_1005,YouTube_Video_Ads,Video,Top of Funnel / Awareness,163488,1935,24876.67,39,17,63627.66,12.86,1.18,1463.33,2.56
2025-01-06,CMP_1005,YouTube_Video_Ads,Video,Top of Funnel / Awareness,203112,2438,27279.09,50,23,76236.14,11.19,1.2,1186.05,2.79
2025-01-07,CMP_1005,YouTube_Video_Ads,Video,Top of Funnel / Awareness,152145,1751,19411.44,34,17,61832.1,11.09,1.15,1141.85,3.19
2025-01-08,CMP_1005,YouTube_Video_Ads,Video,Top of Funnel / Awareness,142132,1539,17373.5,31,13,38051.6,11.29,1.08,1336.42,2.19
2025-01-09,CMP_1005,YouTube_Video_Ads,Video,Top of Funnel / Awareness,158097,2005,23619.85,39,16,59788.66,11.78,1.27,1476.24,2.53
2025-01-10,CMP_1005,YouTube_Video_Ads,Video,Top of Funnel / Awareness,126466,1603,19096.77,30,13,35412.64,11.91,1.27,1468.98,1.85
2025-01-11,CMP_1005,YouTube_Video_Ads,Video,Top of Funnel / Awareness,203454,2556,29867.67,52,23,73688.48,11.69,1.26,1298.59,2.47
2025-01-12,CMP_1005,YouTube_Video_Ads,Video,Top of Funnel / Awareness,142536,1706,21843.42,33,14,41685.98,12.8,1.2,1560.24,1.91
2025-01-13,CMP_1005,YouTube_Video_Ads,Video,Top of Funnel / Awareness,155474,1778,20488.97,37,15,43461.72,11.52,1.14,1365.93,2.12
2025-01-14,CMP_1005,YouTube_Video_Ads,Video,Top of Funnel / Awareness,126020,1612,18324.15,29,14,45100.75,11.37,1.28,1308.87,2.46
2025-01-15,CMP_1005,YouTube_Video_Ads,Video,Top of Funnel / Awareness,178877,1912,24086.54,36,16,44475.6,12.6,1.07,1505.41,1.85
2025-01-16,CMP_1005,YouTube_Video_Ads,Video,Top of Funnel / Awareness,193850,2220,25745.47,44,20,61349.34,11.6,1.15,1287.27,2.38
2025-01-17,CMP_1005,YouTube_Video_Ads,Video,Top of Funnel / Awareness,115854,1404,16287.12,25,11,34238.54,11.6,1.21,1480.65,2.1
2025-01-18,CMP_1005,YouTube_Video_Ads,Video,Top of Funnel / Awareness,166087,2099,26973.71,38,20,69946.72,12.85,1.26,1348.69,2.59
2025-01-19,CMP_1005,YouTube_Video_Ads,Video,Top of Funnel / Awareness,201823,2260,26713.01,44,20,65198.23,11.82,1.12,1335.65,2.44
2025-01-20,CMP_1005,YouTube_Video_Ads,Video,Top of Funnel / Awareness,134213,1784,21632.54,38,17,60892.88,12.13,1.33,1272.5,2.81
2025-01-21,CMP_1005,YouTube_Video_Ads,Video,Top of Funnel / Awareness,130421,1567,19853.68,32,13,37829.41,12.67,1.2,1527.21,1.91
2025-01-22,CMP_1005,YouTube_Video_Ads,Video,Top of Funnel / Awareness,94975,1048,13048.78,20,8,24233.85,12.45,1.1,1631.1,1.86
2025-01-23,CMP_1005,YouTube_Video_Ads,Video,Top of Funnel / Awareness,124817,1354,16398.21,28,11,37342.86,12.11,1.08,1490.75,2.28
2025-01-24,CMP_1005,YouTube_Video_Ads,Video,Top of Funnel / Awareness,184972,2065,25677.82,44,19,59389.43,12.43,1.12,1351.46,2.31
2025-01-25,CMP_1005,YouTube_Video_Ads,Video,Top of Funnel / Awareness,125815,1622,18961.31,33,15,47115.45,11.69,1.29,1264.09,2.48
2025-01-26,CMP_1005,YouTube_Video_Ads,Video,Top of Funnel / Awareness,170049,1985,24654.59,37,18,68321.54,12.42,1.17,1369.7,2.77
2025-01-27,CMP_1005,YouTube_Video_Ads,Video,Top of Funnel / Awareness,123189,1493,18426.25,31,14,37412.98,12.34,1.21,1316.16,2.03
2025-01-28,CMP_1005,YouTube_Video_Ads,Video,Top of Funnel / Awareness,74959,954,12363.21,20,8,29192.74,12.96,1.27,1545.4,2.36
2025-01-29,CMP_1005,YouTube_Video_Ads,Video,Top of Funnel / Awareness,132217,1473,18749.29,26,14,50730.89,12.73,1.11,1339.24,2.71
2025-01-30,CMP_1005,YouTube_Video_Ads,Video,Top of Funnel / Awareness,113743,1481,16816.04,30,13,47023.94,11.35,1.3,1293.54,2.8
2025-01-31,CMP_1005,YouTube_Video_Ads,Video,Top of Funnel / Awareness,106035,1274,14768.89,25,12,42835.39,11.59,1.2,1230.74,2.9
2025-02-01,CMP_1005,YouTube_Video_Ads,Video,Top of Funnel / Awareness,132410,1696,20619.58,31,13,47714.26,12.16,1.28,1586.12,2.31
2025-02-02,CMP_1005,YouTube_Video_Ads,Video,Top of Funnel / Awareness,148391,1742,21560.54,37,15,39232.96,12.38,1.17,1437.37,1.82
2025-02-03,CMP_1005,YouTube_Video_Ads,Video,Top of Funnel / Awareness,135625,1658,19263.65,32,15,55109.34,11.62,1.22,1284.24,2.86
2025-02-04,CMP_1005,YouTube_Video_Ads,Video,Top of Funnel / Awareness,131779,1600,19092.23,34,15,43337.08,11.93,1.21,1272.82,2.27
2025-02-05,CMP_1005,YouTube_Video_Ads,Video,Top of Funnel / Awareness,149029,1736,21600.0,30,14,44306.26,12.44,1.16,1542.86,2.05
2025-02-06,CMP_1005,YouTube_Video_Ads,Video,Top of Funnel / Awareness,129660,1479,18286.73,29,12,33666.87,12.36,1.14,1523.89,1.84
2025-02-07,CMP_1005,YouTube_Video_Ads,Video,Top of Funnel / Awareness,150325,1688,19958.14,33,14,45126.04,11.82,1.12,1425.58,2.26
2025-02-08,CMP_1005,YouTube_Video_Ads,Video,Top of Funnel / Awareness,175492,1909,23845.09,37,15,49997.63,12.49,1.09,1589.67,2.1
2025-02-09,CMP_1005,YouTube_Video_Ads,Video,Top of Funnel / Awareness,131130,1584,18302.57,31,15,49096.17,11.55,1.21,1220.17,2.68
2025-02-10,CMP_1005,YouTube_Video_Ads,Video,Top of Funnel / Awareness,78213,1001,12877.5,18,9,28172.28,12.86,1.28,1430.83,2.19
2025-02-11,CMP_1005,YouTube_Video_Ads,Video,Top of Funnel / Awareness,159243,2059,26010.94,38,19,56178.19,12.63,1.29,1369.0,2.16
2025-02-12,CMP_1005,YouTube_Video_Ads,Video,Top of Funnel / Awareness,112993,1268,15776.04,22,11,30915.83,12.44,1.12,1434.19,1.96
2025-02-13,CMP_1005,YouTube_Video_Ads,Video,Top of Funnel / Awareness,124955,1405,15799.78,27,12,31866.64,11.25,1.12,1316.65,2.02
2025-02-14,CMP_1005,YouTube_Video_Ads,Video,Top of Funnel / Awareness,103772,1283,15276.11,23,10,36529.48,11.91,1.24,1527.61,2.39
2025-02-15,CMP_1005,YouTube_Video_Ads,Video,Top of Funnel / Awareness,129386,1508,17393.28,32,14,42269.57,11.53,1.17,1242.38,2.43
2025-02-16,CMP_1005,YouTube_Video_Ads,Video,Top of Funnel / Awareness,128856,1715,21618.64,36,16,51646.34,12.61,1.33,1351.16,2.39
2025-02-17,CMP_1005,YouTube_Video_Ads,Video,Top of Funnel / Awareness,192784,2294,26921.29,47,22,62795.73,11.74,1.19,1223.7,2.33
2025-02-18,CMP_1005,YouTube_Video_Ads,Video,Top of Funnel / Awareness,138436,1578,17764.82,31,15,55525.24,11.26,1.14,1184.32,3.13
2025-02-19,CMP_1005,YouTube_Video_Ads,Video,Top of Funnel / Awareness,144853,1532,18751.71,28,12,36548.51,12.24,1.06,1562.64,1.95
2025-02-20,CMP_1005,YouTube_Video_Ads,Video,Top of Funnel / Awareness,135608,1502,17589.5,30,13,41694.49,11.71,1.11,1353.04,2.37
2025-02-21,CMP_1005,YouTube_Video_Ads,Video,Top of Funnel / Awareness,126639,1686,20007.13,31,15,52528.28,11.87,1.33,1333.81,2.63
2025-02-22,CMP_1005,YouTube_Video_Ads,Video,Top of Funnel / Awareness,178640,2125,25013.67,38,19,56121.66,11.77,1.19,1316.51,2.24
2025-02-23,CMP_1005,YouTube_Video_Ads,Video,Top of Funnel / Awareness,162678,1973,22399.31,39,16,55289.85,11.35,1.21,1399.96,2.47
2025-02-24,CMP_1005,YouTube_Video_Ads,Video,Top of Funnel / Awareness,101309,1280,15291.09,25,11,32950.96,11.95,1.26,1390.1,2.15
2025-02-25,CMP_1005,YouTube_Video_Ads,Video,Top of Funnel / Awareness,135020,1791,21874.16,36,14,44308.3,12.21,1.33,1562.44,2.03
2025-02-26,CMP_1005,YouTube_Video_Ads,Video,Top of Funnel / Awareness,171687,2031,24063.75,41,19,50204.8,11.85,1.18,1266.51,2.09
2025-02-27,CMP_1005,YouTube_Video_Ads,Video,Top of Funnel / Awareness,135973,1509,18386.48,28,13,41276.69,12.18,1.11,1414.34,2.24
2025-02-28,CMP_1005,YouTube_Video_Ads,Video,Top of Funnel / Awareness,141324,1506,17055.75,29,14,38396.21,11.33,1.07,1218.27,2.25
2025-03-01,CMP_1005,YouTube_Video_Ads,Video,Top of Funnel / Awareness,127366,1614,20756.25,32,14,50580.8,12.86,1.27,1482.59,2.44
2025-03-02,CMP_1005,YouTube_Video_Ads,Video,Top of Funnel / Awareness,145387,1781,22047.45,37,14,48249.85,12.38,1.23,1574.82,2.19
2025-03-03,CMP_1005,YouTube_Video_Ads,Video,Top of Funnel / Awareness,114315,1332,16076.85,25,12,44298.94,12.07,1.17,1339.74,2.76
2025-03-04,CMP_1005,YouTube_Video_Ads,Video,Top of Funnel / Awareness,196961,2138,25255.13,38,17,52127.16,11.81,1.09,1485.6,2.06
2025-03-05,CMP_1005,YouTube_Video_Ads,Video,Top of Funnel / Awareness,135021,1705,19938.11,35,13,37331.51,11.69,1.26,1533.7,1.87
2025-03-06,CMP_1005,YouTube_Video_Ads,Video,Top of Funnel / Awareness,173126,1895,21452.02,40,18,50798.19,11.32,1.09,1191.78,2.37
2025-03-07,CMP_1005,YouTube_Video_Ads,Video,Top of Funnel / Awareness,95733,1109,13115.69,23,10,27574.88,11.83,1.16,1311.57,2.1
2025-03-08,CMP_1005,YouTube_Video_Ads,Video,Top of Funnel / Awareness,144569,1683,19439.38,33,14,40559.3,11.55,1.16,1388.53,2.09
2025-03-09,CMP_1005,YouTube_Video_Ads,Video,Top of Funnel / Awareness,222887,2366,27934.98,49,19,50440.05,11.81,1.06,1470.26,1.81
2025-03-10,CMP_1005,YouTube_Video_Ads,Video,Top of Funnel / Awareness,163922,1964,24756.91,36,18,62234.08,12.61,1.2,1375.38,2.51
2025-03-11,CMP_1005,YouTube_Video_Ads,Video,Top of Funnel / Awareness,149599,1969,22668.98,35,19,69424.92,11.51,1.32,1193.1,3.06
2025-03-12,CMP_1005,YouTube_Video_Ads,Video,Top of Funnel / Awareness,156366,1737,21585.47,33,14,43091.17,12.43,1.11,1541.82,2.0
2025-03-13,CMP_1005,YouTube_Video_Ads,Video,Top of Funnel / Awareness,142123,1659,20678.99,31,15,55028.68,12.46,1.17,1378.6,2.66
2025-03-14,CMP_1005,YouTube_Video_Ads,Video,Top of Funnel / Awareness,136675,1717,19484.49,31,15,44269.28,11.35,1.26,1298.97,2.27
2025-03-15,CMP_1005,YouTube_Video_Ads,Video,Top of Funnel / Awareness,131782,1747,19963.62,31,15,39412.07,11.43,1.33,1330.91,1.97
2025-03-16,CMP_1005,YouTube_Video_Ads,Video,Top of Funnel / Awareness,179788,1967,22941.82,37,18,64055.74,11.66,1.09,1274.55,2.79
2025-03-17,CMP_1005,YouTube_Video_Ads,Video,Top of Funnel / Awareness,35484,435,5246.54,8,3,8397.48,12.06,1.23,1748.85,1.6
2025-03-18,CMP_1005,YouTube_Video_Ads,Video,Top of Funnel / Awareness,114444,1394,16787.56,30,11,37250.52,12.04,1.22,1526.14,2.22
2025-03-19,CMP_1005,YouTube_Video_Ads,Video,Top of Funnel / Awareness,111143,1353,17072.57,25,11,29139.5,12.62,1.22,1552.05,1.71
2025-03-20,CMP_1005,YouTube_Video_Ads,Video,Top of Funnel / Awareness,194968,2182,24291.72,44,20,63166.19,11.13,1.12,1214.59,2.6
2025-03-21,CMP_1005,YouTube_Video_Ads,Video,Top of Funnel / Awareness,114666,1339,16586.4,24,11,36419.69,12.39,1.17,1507.85,2.2
2025-03-22,CMP_1005,YouTube_Video_Ads,Video,Top of Funnel / Awareness,107441,1142,13726.5,21,10,32790.25,12.02,1.06,1372.65,2.39
2025-03-23,CMP_1005,YouTube_Video_Ads,Video,Top of Funnel / Awareness,164904,1877,22357.58,35,16,57979.82,11.91,1.14,1397.35,2.59
2025-03-24,CMP_1005,YouTube_Video_Ads,Video,Top of Funnel / Awareness,128788,1674,19746.44,32,15,43255.09,11.8,1.3,1316.43,2.19
2025-03-25,CMP_1005,YouTube_Video_Ads,Video,Top of Funnel / Awareness,145466,1759,21931.16,36,16,45826.65,12.47,1.21,1370.7,2.09
2025-03-26,CMP_1005,YouTube_Video_Ads,Video,Top of Funnel / Awareness,182054,2013,23572.75,35,17,51550.42,11.71,1.11,1386.63,2.19
2025-03-27,CMP_1005,YouTube_Video_Ads,Video,Top of Funnel / Awareness,167904,1864,22567.58,39,15,43172.25,12.11,1.11,1504.51,1.91
2025-03-28,CMP_1005,YouTube_Video_Ads,Video,Top of Funnel / Awareness,147316,1671,19141.85,30,15,53153.83,11.46,1.13,1276.12,2.78
2025-03-29,CMP_1005,YouTube_Video_Ads,Video,Top of Funnel / Awareness,50409,636,7595.66,13,5,18918.01,11.94,1.26,1519.13,2.49
2025-03-30,CMP_1005,YouTube_Video_Ads,Video,Top of Funnel / Awareness,160594,1754,20000.51,32,16,50813.71,11.4,1.09,1250.03,2.54
2025-03-31,CMP_1005,YouTube_Video_Ads,Video,Top of Funnel / Awareness,139032,1767,22172.13,35,16,41975.48,12.55,1.27,1385.76,1.89
2025-04-01,CMP_1005,YouTube_Video_Ads,Video,Top of Funnel / Awareness,204693,2181,24126.62,46,20,58516.25,11.06,1.07,1206.33,2.43
2025-04-02,CMP_1005,YouTube_Video_Ads,Video,Top of Funnel / Awareness,90482,1162,14364.32,22,9,33684.49,12.36,1.28,1596.04,2.35
2025-04-03,CMP_1005,YouTube_Video_Ads,Video,Top of Funnel / Awareness,110700,1414,16952.96,26,12,34777.0,11.99,1.28,1412.75,2.05
2025-04-04,CMP_1005,YouTube_Video_Ads,Video,Top of Funnel / Awareness,130475,1452,18801.22,29,14,38931.22,12.95,1.11,1342.94,2.07
2025-04-05,CMP_1005,YouTube_Video_Ads,Video,Top of Funnel / Awareness,134416,1714,21010.66,37,14,49540.62,12.26,1.28,1500.76,2.36
2025-04-06,CMP_1005,YouTube_Video_Ads,Video,Top of Funnel / Awareness,180285,1995,23332.92,38,19,60229.55,11.7,1.11,1228.05,2.58
2025-04-07,CMP_1005,YouTube_Video_Ads,Video,Top of Funnel / Awareness,141822,1749,20660.96,33,15,51786.96,11.81,1.23,1377.4,2.51
2025-04-08,CMP_1005,YouTube_Video_Ads,Video,Top of Funnel / Awareness,128774,1561,20050.09,32,12,34313.49,12.84,1.21,1670.84,1.71
2025-04-09,CMP_1005,YouTube_Video_Ads,Video,Top of Funnel / Awareness,132363,1595,18383.37,28,13,41992.26,11.53,1.21,1414.11,2.28
2025-04-10,CMP_1005,YouTube_Video_Ads,Video,Top of Funnel / Awareness,124525,1647,20007.18,33,14,52356.5,12.15,1.32,1429.08,2.62
2025-04-11,CMP_1005,YouTube_Video_Ads,Video,Top of Funnel / Awareness,123697,1547,17475.04,30,14,49074.16,11.3,1.25,1248.22,2.81
2025-04-12,CMP_1005,YouTube_Video_Ads,Video,Top of Funnel / Awareness,148722,1993,24397.8,39,16,57836.91,12.24,1.34,1524.86,2.37
2025-04-13,CMP_1005,YouTube_Video_Ads,Video,Top of Funnel / Awareness,155887,1959,25240.11,39,17,51799.64,12.88,1.26,1484.71,2.05
2025-04-14,CMP_1005,YouTube_Video_Ads,Video,Top of Funnel / Awareness,117730,1459,17100.56,30,13,36970.1,11.72,1.24,1315.43,2.16
2025-04-15,CMP_1005,YouTube_Video_Ads,Video,Top of Funnel / Awareness,178762,2164,25871.4,45,20,62040.76,11.96,1.21,1293.57,2.4
2025-04-16,CMP_1005,YouTube_Video_Ads,Video,Top of Funnel / Awareness,141274,1558,19878.95,33,12,31431.59,12.76,1.1,1656.58,1.58
2025-04-17,CMP_1005,YouTube_Video_Ads,Video,Top of Funnel / Awareness,117403,1514,18838.23,32,14,41452.66,12.44,1.29,1345.59,2.2
2025-04-18,CMP_1005,YouTube_Video_Ads,Video,Top of Funnel / Awareness,161122,1755,21776.58,34,16,48816.22,12.41,1.09,1361.04,2.24
2025-04-19,CMP_1005,YouTube_Video_Ads,Video,Top of Funnel / Awareness,136656,1826,22431.94,32,16,58517.56,12.28,1.34,1402.0,2.61
2025-04-20,CMP_1005,YouTube_Video_Ads,Video,Top of Funnel / Awareness,251247,2710,32427.44,54,23,64184.92,11.97,1.08,1409.89,1.98
2025-04-21,CMP_1005,YouTube_Video_Ads,Video,Top of Funnel / Awareness,122735,1581,20295.45,32,12,37495.87,12.84,1.29,1691.29,1.85
2025-04-22,CMP_1005,YouTube_Video_Ads,Video,Top of Funnel / Awareness,164528,2169,24774.35,40,18,58204.95,11.42,1.32,1376.35,2.35
2025-04-23,CMP_1005,YouTube_Video_Ads,Video,Top of Funnel / Awareness,126385,1367,16665.61,24,11,38314.03,12.19,1.08,1515.06,2.3
2025-04-24,CMP_1005,YouTube_Video_Ads,Video,Top of Funnel / Awareness,121159,1427,17280.45,28,12,44962.12,12.11,1.18,1440.04,2.6
2025-04-25,CMP_1005,YouTube_Video_Ads,Video,Top of Funnel / Awareness,125590,1617,20620.62,29,13,45222.67,12.75,1.29,1586.2,2.19
2025-04-26,CMP_1005,YouTube_Video_Ads,Video,Top of Funnel / Awareness,141182,1821,20406.87,37,17,46302.82,11.21,1.29,1200.4,2.27
2025-04-27,CMP_1005,YouTube_Video_Ads,Video,Top of Funnel / Awareness,191483,2045,25850.01,36,17,47312.99,12.64,1.07,1520.59,1.83
2025-04-28,CMP_1005,YouTube_Video_Ads,Video,Top of Funnel / Awareness,154219,2036,24662.38,39,19,49424.6,12.11,1.32,1298.02,2.0
2025-04-29,CMP_1005,YouTube_Video_Ads,Video,Top of Funnel / Awareness,163328,2010,22567.79,39,19,52268.31,11.23,1.23,1187.78,2.32
2025-04-30,CMP_1005,YouTube_Video_Ads,Video,Top of Funnel / Awareness,155189,1652,18918.93,32,14,51320.71,11.45,1.06,1351.35,2.71
2025-05-01,CMP_1005,YouTube_Video_Ads,Video,Top of Funnel / Awareness,224952,2435,29371.86,47,24,86959.7,12.06,1.08,1223.83,2.96
2025-05-02,CMP_1005,YouTube_Video_Ads,Video,Top of Funnel / Awareness,174929,2262,28860.84,41,19,49491.6,12.76,1.29,1518.99,1.71
2025-05-03,CMP_1005,YouTube_Video_Ads,Video,Top of Funnel / Awareness,136449,1707,20397.37,36,16,59997.26,11.95,1.25,1274.84,2.94
2025-05-04,CMP_1005,YouTube_Video_Ads,Video,Top of Funnel / Awareness,183670,1946,21693.41,39,16,46580.56,11.15,1.06,1355.84,2.15
2025-05-05,CMP_1005,YouTube_Video_Ads,Video,Top of Funnel / Awareness,127751,1511,18175.91,29,14,43047.87,12.03,1.18,1298.28,2.37
2025-05-06,CMP_1005,YouTube_Video_Ads,Video,Top of Funnel / Awareness,152917,1688,19456.12,32,15,52908.1,11.53,1.1,1297.07,2.72
2025-05-07,CMP_1005,YouTube_Video_Ads,Video,Top of Funnel / Awareness,123734,1510,18378.19,29,13,41638.37,12.17,1.22,1413.71,2.27
2025-05-08,CMP_1005,YouTube_Video_Ads,Video,Top of Funnel / Awareness,169167,2135,25900.32,38,20,55346.49,12.13,1.26,1295.02,2.14
2025-05-09,CMP_1005,YouTube_Video_Ads,Video,Top of Funnel / Awareness,114277,1480,17719.69,31,13,39444.35,11.97,1.3,1363.05,2.23
2025-05-10,CMP_1005,YouTube_Video_Ads,Video,Top of Funnel / Awareness,157698,1807,22044.99,38,17,55832.69,12.2,1.15,1296.76,2.53
2025-05-11,CMP_1005,YouTube_Video_Ads,Video,Top of Funnel / Awareness,127115,1641,18223.25,32,14,44486.95,11.1,1.29,1301.66,2.44
2025-05-12,CMP_1005,YouTube_Video_Ads,Video,Top of Funnel / Awareness,137559,1502,18949.42,31,14,52636.79,12.62,1.09,1353.53,2.78
2025-05-13,CMP_1005,YouTube_Video_Ads,Video,Top of Funnel / Awareness,130222,1500,17639.5,27,13,41397.04,11.76,1.15,1356.88,2.35
2025-05-14,CMP_1005,YouTube_Video_Ads,Video,Top of Funnel / Awareness,155550,1657,21057.29,33,15,52959.17,12.71,1.07,1403.82,2.52
2025-05-15,CMP_1005,YouTube_Video_Ads,Video,Top of Funnel / Awareness,164784,1898,24340.22,37,15,39142.74,12.82,1.15,1622.68,1.61
2025-05-16,CMP_1005,YouTube_Video_Ads,Video,Top of Funnel / Awareness,202390,2196,25259.16,41,18,47446.35,11.5,1.09,1403.29,1.88
2025-05-17,CMP_1005,YouTube_Video_Ads,Video,Top of Funnel / Awareness,120475,1582,20243.55,32,14,36505.49,12.8,1.31,1445.97,1.8
2025-05-18,CMP_1005,YouTube_Video_Ads,Video,Top of Funnel / Awareness,146926,1923,24870.76,41,17,51391.33,12.93,1.31,1462.99,2.07
2025-05-19,CMP_1005,YouTube_Video_Ads,Video,Top of Funnel / Awareness,165203,1792,21727.37,38,14,40267.83,12.12,1.08,1551.96,1.85
2025-05-20,CMP_1005,YouTube_Video_Ads,Video,Top of Funnel / Awareness,164334,2097,25402.93,42,17,44236.62,12.11,1.28,1494.29,1.74
2025-05-21,CMP_1005,YouTube_Video_Ads,Video,Top of Funnel / Awareness,148632,1745,22301.41,34,15,47233.37,12.78,1.17,1486.76,2.12
2025-05-22,CMP_1005,YouTube_Video_Ads,Video,Top of Funnel / Awareness,187959,2270,28440.67,43,19,50296.85,12.53,1.21,1496.88,1.77
2025-05-23,CMP_1005,YouTube_Video_Ads,Video,Top of Funnel / Awareness,122156,1520,17224.3,31,14,45043.29,11.33,1.24,1230.31,2.62
2025-05-24,CMP_1005,YouTube_Video_Ads,Video,Top of Funnel / Awareness,146492,1942,24779.41,40,17,50536.83,12.76,1.33,1457.61,2.04
2025-05-25,CMP_1005,YouTube_Video_Ads,Video,Top of Funnel / Awareness,146882,1965,21918.51,39,17,57862.81,11.15,1.34,1289.32,2.64
2025-05-26,CMP_1005,YouTube_Video_Ads,Video,Top of Funnel / Awareness,136495,1454,17440.88,29,13,40444.31,12.0,1.07,1341.61,2.32
2025-05-27,CMP_1005,YouTube_Video_Ads,Video,Top of Funnel / Awareness,157189,1733,19879.42,33,16,57829.83,11.47,1.1,1242.46,2.91
2025-05-28,CMP_1005,YouTube_Video_Ads,Video,Top of Funnel / Awareness,179738,2203,25941.08,45,18,50522.48,11.78,1.23,1441.17,1.95
2025-05-29,CMP_1005,YouTube_Video_Ads,Video,Top of Funnel / Awareness,156424,1804,23319.66,37,15,43810.64,12.93,1.15,1554.64,1.88
2025-05-30,CMP_1005,YouTube_Video_Ads,Video,Top of Funnel / Awareness,175863,2019,24283.72,37,17,44960.85,12.03,1.15,1428.45,1.85
2025-05-31,CMP_1005,YouTube_Video_Ads,Video,Top of Funnel / Awareness,183002,2023,22708.57,36,18,48893.64,11.23,1.11,1261.59,2.15
2025-06-01,CMP_1005,YouTube_Video_Ads,Video,Top of Funnel / Awareness,222806,2366,29557.12,44,22,76570.61,12.49,1.06,1343.51,2.59
2025-06-02,CMP_1005,YouTube_Video_Ads,Video,Top of Funnel / Awareness,162572,2036,24836.92,44,17,57200.06,12.2,1.25,1461.0,2.3
2025-06-03,CMP_1005,YouTube_Video_Ads,Video,Top of Funnel / Awareness,156366,1669,19902.85,29,13,44141.35,11.93,1.07,1530.99,2.22
2025-06-04,CMP_1005,YouTube_Video_Ads,Video,Top of Funnel / Awareness,201232,2397,26611.65,51,21,70684.01,11.1,1.19,1267.22,2.66
2025-06-05,CMP_1005,YouTube_Video_Ads,Video,Top of Funnel / Awareness,176162,2258,28311.11,44,21,64680.98,12.54,1.28,1348.15,2.28
2025-06-06,CMP_1005,YouTube_Video_Ads,Video,Top of Funnel / Awareness,151871,1627,18847.75,34,14,40340.14,11.58,1.07,1346.27,2.14
2025-06-07,CMP_1005,YouTube_Video_Ads,Video,Top of Funnel / Awareness,156962,2065,23724.09,43,18,60392.15,11.49,1.32,1318.0,2.55
2025-06-08,CMP_1005,YouTube_Video_Ads,Video,Top of Funnel / Awareness,89088,973,12459.55,18,8,25685.89,12.81,1.09,1557.44,2.06
2025-06-09,CMP_1005,YouTube_Video_Ads,Video,Top of Funnel / Awareness,123440,1488,17738.97,27,13,37670.37,11.92,1.21,1364.54,2.12
2025-06-10,CMP_1005,YouTube_Video_Ads,Video,Top of Funnel / Awareness,118367,1498,18340.33,30,13,39985.24,12.24,1.27,1410.79,2.18
2025-06-11,CMP_1005,YouTube_Video_Ads,Video,Top of Funnel / Awareness,178258,2211,26007.81,43,21,77104.34,11.76,1.24,1238.47,2.96
2025-06-12,CMP_1005,YouTube_Video_Ads,Video,Top of Funnel / Awareness,137037,1566,19190.64,28,15,43180.9,12.25,1.14,1279.38,2.25
2025-06-13,CMP_1005,YouTube_Video_Ads,Video,Top of Funnel / Awareness,118958,1502,19267.02,31,12,34651.85,12.83,1.26,1605.58,1.8
2025-06-14,CMP_1005,YouTube_Video_Ads,Video,Top of Funnel / Awareness,125981,1447,16827.51,26,12,42794.25,11.63,1.15,1402.29,2.54
2025-06-15,CMP_1005,YouTube_Video_Ads,Video,Top of Funnel / Awareness,184646,1965,22335.49,39,19,57121.71,11.37,1.06,1175.55,2.56
2025-06-16,CMP_1005,YouTube_Video_Ads,Video,Top of Funnel / Awareness,126539,1622,20732.05,32,14,45699.66,12.78,1.28,1480.86,2.2
2025-06-17,CMP_1005,YouTube_Video_Ads,Video,Top of Funnel / Awareness,114179,1429,16033.89,29,14,40876.17,11.22,1.25,1145.28,2.55
2025-06-18,CMP_1005,YouTube_Video_Ads,Video,Top of Funnel / Awareness,126515,1624,20137.33,30,13,41969.35,12.4,1.28,1549.03,2.08
2025-06-19,CMP_1005,YouTube_Video_Ads,Video,Top of Funnel / Awareness,121795,1588,18550.0,31,15,49675.18,11.68,1.3,1236.67,2.68
2025-06-20,CMP_1005,YouTube_Video_Ads,Video,Top of Funnel / Awareness,119903,1361,17210.54,27,11,35013.49,12.65,1.14,1564.59,2.03
2025-06-21,CMP_1005,YouTube_Video_Ads,Video,Top of Funnel / Awareness,201181,2279,26552.6,49,19,67729.05,11.65,1.13,1397.51,2.55
2025-06-22,CMP_1005,YouTube_Video_Ads,Video,Top of Funnel / Awareness,136515,1600,17798.25,34,12,39846.87,11.12,1.17,1483.19,2.24
2025-06-23,CMP_1005,YouTube_Video_Ads,Video,Top of Funnel / Awareness,148982,1948,23384.47,35,18,61802.18,12.0,1.31,1299.14,2.64
2025-06-24,CMP_1005,YouTube_Video_Ads,Video,Top of Funnel / Awareness,161222,1722,21742.19,33,15,44709.3,12.63,1.07,1449.48,2.06
2025-06-25,CMP_1005,YouTube_Video_Ads,Video,Top of Funnel / Awareness,148716,1735,20665.94,33,17,46061.27,11.91,1.17,1215.64,2.23
2025-06-26,CMP_1005,YouTube_Video_Ads,Video,Top of Funnel / Awareness,125164,1621,19846.7,31,14,43431.51,12.24,1.3,1417.62,2.19
2025-06-27,CMP_1005,YouTube_Video_Ads,Video,Top of Funnel / Awareness,149634,1979,23275.06,41,16,43733.49,11.76,1.32,1454.69,1.88
2025-06-28,CMP_1005,YouTube_Video_Ads,Video,Top of Funnel / Awareness,137417,1508,18444.56,29,12,35862.17,12.23,1.1,1537.05,1.94
2025-06-29,CMP_1005,YouTube_Video_Ads,Video,Top of Funnel / Awareness,144804,1731,21361.01,37,16,48648.04,12.34,1.2,1335.06,2.28
2025-06-30,CMP_1005,YouTube_Video_Ads,Video,Top of Funnel / Awareness,163629,1839,23516.06,39,15,56941.95,12.79,1.12,1567.74,2.42
2025-07-01,CMP_1005,YouTube_Video_Ads,Video,Top of Funnel / Awareness,105216,1400,16214.04,25,13,42279.95,11.58,1.33,1247.23,2.61
2025-07-02,CMP_1005,YouTube_Video_Ads,Video,Top of Funnel / Awareness,100724,1119,13878.88,22,9,33936.13,12.4,1.11,1542.1,2.45
2025-07-03,CMP_1005,YouTube_Video_Ads,Video,Top of Funnel / Awareness,157877,1758,19510.26,33,15,43287.93,11.1,1.11,1300.68,2.22
2025-07-04,CMP_1005,YouTube_Video_Ads,Video,Top of Funnel / Awareness,160339,1961,24338.0,35,18,50484.44,12.41,1.22,1352.11,2.07
2025-07-05,CMP_1005,YouTube_Video_Ads,Video,Top of Funnel / Awareness,154607,1744,21899.25,33,15,54782.82,12.56,1.13,1459.95,2.5
2025-07-06,CMP_1005,YouTube_Video_Ads,Video,Top of Funnel / Awareness,159573,2009,22728.39,43,17,54373.22,11.31,1.26,1336.96,2.39
2025-07-07,CMP_1005,YouTube_Video_Ads,Video,Top of Funnel / Awareness,102483,1236,15856.15,24,11,37890.79,12.83,1.21,1441.47,2.39
2025-07-08,CMP_1005,YouTube_Video_Ads,Video,Top of Funnel / Awareness,116181,1353,16987.18,24,12,44139.37,12.56,1.16,1415.6,2.6
2025-07-09,CMP_1005,YouTube_Video_Ads,Video,Top of Funnel / Awareness,115106,1533,19545.63,32,12,36796.98,12.75,1.33,1628.8,1.88
2025-07-10,CMP_1005,YouTube_Video_Ads,Video,Top of Funnel / Awareness,120670,1485,18116.98,28,14,45037.32,12.2,1.23,1294.07,2.49
2025-07-11,CMP_1005,YouTube_Video_Ads,Video,Top of Funnel / Awareness,152685,2051,24484.75,40,17,54892.95,11.94,1.34,1440.28,2.24
2025-07-12,CMP_1005,YouTube_Video_Ads,Video,Top of Funnel / Awareness,153185,1930,24229.63,36,18,66502.35,12.55,1.26,1346.09,2.74
2025-07-13,CMP_1005,YouTube_Video_Ads,Video,Top of Funnel / Awareness,196512,2149,24528.87,46,20,73886.42,11.41,1.09,1226.44,3.01
2025-07-14,CMP_1005,YouTube_Video_Ads,Video,Top of Funnel / Awareness,137090,1663,20430.8,29,15,48292.9,12.29,1.21,1362.05,2.36
2025-07-15,CMP_1005,YouTube_Video_Ads,Video,Top of Funnel / Awareness,162646,1953,23992.87,38,16,47074.33,12.29,1.2,1499.55,1.96
2025-07-16,CMP_1005,YouTube_Video_Ads,Video,Top of Funnel / Awareness,129534,1425,18406.22,26,13,43522.16,12.92,1.1,1415.86,2.36
2025-07-17,CMP_1005,YouTube_Video_Ads,Video,Top of Funnel / Awareness,125020,1606,18213.43,33,13,38406.26,11.34,1.28,1401.03,2.11
2025-07-18,CMP_1005,YouTube_Video_Ads,Video,Top of Funnel / Awareness,124642,1517,17973.46,28,13,43376.52,11.85,1.22,1382.57,2.41
2025-07-19,CMP_1005,YouTube_Video_Ads,Video,Top of Funnel / Awareness,153562,1967,22959.49,41,17,61667.78,11.67,1.28,1350.56,2.69
2025-07-20,CMP_1005,YouTube_Video_Ads,Video,Top of Funnel / Awareness,136567,1585,20269.45,30,14,44227.09,12.79,1.16,1447.82,2.18
2025-07-21,CMP_1005,YouTube_Video_Ads,Video,Top of Funnel / Awareness,195572,2456,28742.92,51,23,87210.86,11.7,1.26,1249.69,3.03
2025-07-22,CMP_1005,YouTube_Video_Ads,Video,Top of Funnel / Awareness,160271,2005,23656.31,39,19,66370.35,11.8,1.25,1245.07,2.81
2025-07-23,CMP_1005,YouTube_Video_Ads,Video,Top of Funnel / Awareness,96184,1247,16051.82,26,11,34793.12,12.87,1.3,1459.26,2.17
2025-07-24,CMP_1005,YouTube_Video_Ads,Video,Top of Funnel / Awareness,128427,1550,17179.56,30,14,53105.0,11.08,1.21,1227.11,3.09
2025-07-25,CMP_1005,YouTube_Video_Ads,Video,Top of Funnel / Awareness,103485,1141,14601.58,21,10,30422.92,12.8,1.1,1460.16,2.08
2025-07-26,CMP_1005,YouTube_Video_Ads,Video,Top of Funnel / Awareness,142125,1850,22459.77,38,15,52122.47,12.14,1.3,1497.32,2.32
2025-07-27,CMP_1005,YouTube_Video_Ads,Video,Top of Funnel / Awareness,204495,2333,27709.31,42,20,60721.09,11.88,1.14,1385.47,2.19
2025-07-28,CMP_1005,YouTube_Video_Ads,Video,Top of Funnel / Awareness,165557,1865,23345.94,33,17,44424.24,12.52,1.13,1373.29,1.9
2025-07-29,CMP_1005,YouTube_Video_Ads,Video,Top of Funnel / Awareness,99049,1225,15729.11,23,10,26120.23,12.84,1.24,1572.91,1.66
2025-07-30,CMP_1005,YouTube_Video_Ads,Video,Top of Funnel / Awareness,132522,1463,17871.42,29,13,38555.44,12.22,1.1,1374.72,2.16
2025-07-31,CMP_1005,YouTube_Video_Ads,Video,Top of Funnel / Awareness,155615,1660,18445.73,29,15,44853.66,11.11,1.07,1229.72,2.43
2025-08-01,CMP_1005,YouTube_Video_Ads,Video,Top of Funnel / Awareness,130596,1572,18733.28,32,13,35747.7,11.92,1.2,1441.02,1.91
2025-08-02,CMP_1005,YouTube_Video_Ads,Video,Top of Funnel / Awareness,197449,2271,27497.94,44,21,67322.01,12.11,1.15,1309.43,2.45
2025-08-03,CMP_1005,YouTube_Video_Ads,Video,Top of Funnel / Awareness,160643,2023,25219.73,40,18,66064.27,12.47,1.26,1401.1,2.62
2025-08-04,CMP_1005,YouTube_Video_Ads,Video,Top of Funnel / Awareness,206234,2423,28761.67,50,22,59134.07,11.87,1.17,1307.35,2.06
2025-08-05,CMP_1005,YouTube_Video_Ads,Video,Top of Funnel / Awareness,169094,1812,23326.0,36,16,48091.12,12.87,1.07,1457.88,2.06
2025-08-06,CMP_1005,YouTube_Video_Ads,Video,Top of Funnel / Awareness,169780,2068,23192.36,40,17,56961.68,11.21,1.22,1364.26,2.46
2025-08-07,CMP_1005,YouTube_Video_Ads,Video,Top of Funnel / Awareness,156312,1835,23455.69,39,17,50386.6,12.78,1.17,1379.75,2.15
2025-08-08,CMP_1005,YouTube_Video_Ads,Video,Top of Funnel / Awareness,172085,2033,23076.54,39,18,59671.17,11.35,1.18,1282.03,2.59
2025-08-09,CMP_1005,YouTube_Video_Ads,Video,Top of Funnel / Awareness,151935,1980,22263.15,37,19,52159.95,11.24,1.3,1171.74,2.34
2025-08-10,CMP_1005,YouTube_Video_Ads,Video,Top of Funnel / Awareness,205505,2224,28651.73,41,18,62353.05,12.88,1.08,1591.76,2.18
2025-08-11,CMP_1005,YouTube_Video_Ads,Video,Top of Funnel / Awareness,121695,1492,19139.21,30,14,41499.97,12.83,1.23,1367.09,2.17
2025-08-12,CMP_1005,YouTube_Video_Ads,Video,Top of Funnel / Awareness,159159,2096,24573.59,44,20,74097.0,11.72,1.32,1228.68,3.02
2025-08-13,CMP_1005,YouTube_Video_Ads,Video,Top of Funnel / Awareness,129794,1741,20595.12,34,15,48741.67,11.83,1.34,1373.01,2.37
2025-08-14,CMP_1005,YouTube_Video_Ads,Video,Top of Funnel / Awareness,153673,1656,19314.97,35,15,41576.71,11.66,1.08,1287.66,2.15
2025-08-15,CMP_1005,YouTube_Video_Ads,Video,Top of Funnel / Awareness,167204,1888,22335.53,40,17,55614.37,11.83,1.13,1313.85,2.49
2025-08-16,CMP_1005,YouTube_Video_Ads,Video,Top of Funnel / Awareness,205317,2222,27136.42,43,18,51409.11,12.21,1.08,1507.58,1.89
2025-08-17,CMP_1005,YouTube_Video_Ads,Video,Top of Funnel / Awareness,186676,2083,24620.93,42,20,70338.84,11.82,1.12,1231.05,2.86
2025-08-18,CMP_1005,YouTube_Video_Ads,Video,Top of Funnel / Awareness,136634,1654,21027.99,34,13,39354.75,12.71,1.21,1617.54,1.87
2025-08-19,CMP_1005,YouTube_Video_Ads,Video,Top of Funnel / Awareness,125172,1637,20998.44,30,13,39503.78,12.83,1.31,1615.26,1.88
2025-08-20,CMP_1005,YouTube_Video_Ads,Video,Top of Funnel / Awareness,71529,882,10237.18,18,8,27208.08,11.61,1.23,1279.65,2.66
2025-08-21,CMP_1005,YouTube_Video_Ads,Video,Top of Funnel / Awareness,147459,1780,20370.51,35,16,45922.19,11.44,1.21,1273.16,2.25
2025-08-22,CMP_1005,YouTube_Video_Ads,Video,Top of Funnel / Awareness,183057,2125,24971.45,45,18,63454.23,11.75,1.16,1387.3,2.54
2025-08-23,CMP_1005,YouTube_Video_Ads,Video,Top of Funnel / Awareness,116934,1536,18650.48,30,15,42952.45,12.14,1.31,1243.37,2.3
2025-08-24,CMP_1005,YouTube_Video_Ads,Video,Top of Funnel / Awareness,174215,2287,25583.18,48,22,75516.71,11.19,1.31,1162.87,2.95
2025-08-25,CMP_1005,YouTube_Video_Ads,Video,Top of Funnel / Awareness,134173,1778,20935.46,34,16,50352.7,11.77,1.33,1308.47,2.41
2025-08-26,CMP_1005,YouTube_Video_Ads,Video,Top of Funnel / Awareness,170624,2033,24659.96,36,19,59753.82,12.13,1.19,1297.89,2.42
2025-08-27,CMP_1005,YouTube_Video_Ads,Video,Top of Funnel / Awareness,126659,1427,15768.65,29,11,40848.26,11.05,1.13,1433.51,2.59
2025-08-28,CMP_1005,YouTube_Video_Ads,Video,Top of Funnel / Awareness,164764,1837,21043.07,34,14,49639.66,11.46,1.11,1503.08,2.36
2025-08-29,CMP_1005,YouTube_Video_Ads,Video,Top of Funnel / Awareness,162894,1854,21149.09,36,18,52267.65,11.41,1.14,1174.95,2.47
2025-08-30,CMP_1005,YouTube_Video_Ads,Video,Top of Funnel / Awareness,175128,2071,25774.86,39,18,48386.83,12.45,1.18,1431.94,1.88
2025-08-31,CMP_1005,YouTube_Video_Ads,Video,Top of Funnel / Awareness,145395,1564,19452.62,33,13,47859.19,12.44,1.08,1496.36,2.46
2025-09-01,CMP_1005,YouTube_Video_Ads,Video,Top of Funnel / Awareness,136580,1823,22964.07,35,17,51930.75,12.6,1.33,1350.83,2.26
2025-09-02,CMP_1005,YouTube_Video_Ads,Video,Top of Funnel / Awareness,125258,1677,19053.85,30,15,50516.88,11.36,1.34,1270.26,2.65
2025-09-03,CMP_1005,YouTube_Video_Ads,Video,Top of Funnel / Awareness,98018,1222,14753.8,22,11,32478.03,12.07,1.25,1341.25,2.2
2025-09-04,CMP_1005,YouTube_Video_Ads,Video,Top of Funnel / Awareness,132085,1487,16457.14,30,12,38688.24,11.07,1.13,1371.43,2.35
2025-09-05,CMP_1005,YouTube_Video_Ads,Video,Top of Funnel / Awareness,109332,1373,17500.66,26,12,37905.85,12.75,1.26,1458.39,2.17
2025-09-06,CMP_1005,YouTube_Video_Ads,Video,Top of Funnel / Awareness,155976,2030,23833.56,42,18,54842.1,11.74,1.3,1324.09,2.3
2025-09-07,CMP_1005,YouTube_Video_Ads,Video,Top of Funnel / Awareness,120043,1536,17580.9,30,13,36918.62,11.45,1.28,1352.38,2.1
2025-09-08,CMP_1005,YouTube_Video_Ads,Video,Top of Funnel / Awareness,157989,1908,21912.56,37,17,62468.84,11.48,1.21,1288.97,2.85
2025-09-09,CMP_1005,YouTube_Video_Ads,Video,Top of Funnel / Awareness,117378,1392,17691.09,24,12,40115.77,12.71,1.19,1474.26,2.27
2025-09-10,CMP_1005,YouTube_Video_Ads,Video,Top of Funnel / Awareness,198357,2464,27934.82,45,23,69368.99,11.34,1.24,1214.56,2.48
2025-09-11,CMP_1005,YouTube_Video_Ads,Video,Top of Funnel / Awareness,173492,1856,23028.71,36,17,48937.72,12.41,1.07,1354.63,2.13
2025-09-12,CMP_1005,YouTube_Video_Ads,Video,Top of Funnel / Awareness,157105,1819,22141.83,35,16,50868.7,12.17,1.16,1383.86,2.3
2025-09-13,CMP_1005,YouTube_Video_Ads,Video,Top of Funnel / Awareness,183503,2167,26836.04,40,18,46945.87,12.38,1.18,1490.89,1.75
2025-09-14,CMP_1005,YouTube_Video_Ads,Video,Top of Funnel / Awareness,187021,2084,26192.82,45,18,67020.88,12.57,1.11,1455.16,2.56
2025-09-15,CMP_1005,YouTube_Video_Ads,Video,Top of Funnel / Awareness,106165,1342,16647.29,24,11,28729.68,12.4,1.26,1513.39,1.73
2025-09-16,CMP_1005,YouTube_Video_Ads,Video,Top of Funnel / Awareness,112516,1298,16290.51,27,10,28132.09,12.55,1.15,1629.05,1.73
2025-09-17,CMP_1005,YouTube_Video_Ads,Video,Top of Funnel / Awareness,183190,2150,25153.73,41,20,54393.37,11.7,1.17,1257.69,2.16
2025-09-18,CMP_1005,YouTube_Video_Ads,Video,Top of Funnel / Awareness,162122,2152,24041.52,46,17,50277.8,11.17,1.33,1414.21,2.09
2025-09-19,CMP_1005,YouTube_Video_Ads,Video,Top of Funnel / Awareness,121053,1549,18216.97,31,14,49394.69,11.76,1.28,1301.21,2.71
2025-09-20,CMP_1005,YouTube_Video_Ads,Video,Top of Funnel / Awareness,153138,1926,24554.17,35,17,54497.04,12.75,1.26,1444.36,2.22
2025-09-21,CMP_1005,YouTube_Video_Ads,Video,Top of Funnel / Awareness,194074,2583,28790.5,47,24,77295.04,11.15,1.33,1199.6,2.68
2025-09-22,CMP_1005,YouTube_Video_Ads,Video,Top of Funnel / Awareness,162232,1770,20325.11,34,15,48317.85,11.48,1.09,1355.01,2.38
2025-09-23,CMP_1005,YouTube_Video_Ads,Video,Top of Funnel / Awareness,156845,1916,24715.37,40,17,54105.93,12.9,1.22,1453.85,2.19
2025-09-24,CMP_1005,YouTube_Video_Ads,Video,Top of Funnel / Awareness,135441,1544,19624.39,28,14,46479.95,12.71,1.14,1401.74,2.37
2025-09-25,CMP_1005,YouTube_Video_Ads,Video,Top of Funnel / Awareness,145766,1933,24652.0,34,17,52019.26,12.75,1.33,1450.12,2.11
2025-09-26,CMP_1005,YouTube_Video_Ads,Video,Top of Funnel / Awareness,176921,2152,24921.84,44,17,61156.1,11.58,1.22,1465.99,2.45
2025-09-27,CMP_1005,YouTube_Video_Ads,Video,Top of Funnel / Awareness,148555,1975,24109.92,37,16,51535.32,12.21,1.33,1506.87,2.14
2025-09-28,CMP_1005,YouTube_Video_Ads,Video,Top of Funnel / Awareness,94075,1162,12976.83,23,9,33436.0,11.17,1.24,1441.87,2.58
2025-09-29,CMP_1005,YouTube_Video_Ads,Video,Top of Funnel / Awareness,157567,1868,21724.04,37,15,56129.49,11.63,1.19,1448.27,2.58
2025-09-30,CMP_1005,YouTube_Video_Ads,Video,Top of Funnel / Awareness,118728,1459,17201.6,28,13,34695.86,11.79,1.23,1323.2,2.02
2025-10-01,CMP_1005,YouTube_Video_Ads,Video,Top of Funnel / Awareness,174776,2258,26162.5,40,21,56983.1,11.59,1.29,1245.83,2.18
2025-10-02,CMP_1005,YouTube_Video_Ads,Video,Top of Funnel / Awareness,187903,2067,25254.95,37,17,46877.38,12.22,1.1,1485.59,1.86
2025-10-03,CMP_1005,YouTube_Video_Ads,Video,Top of Funnel / Awareness,222481,2679,31192.47,53,25,85105.94,11.64,1.2,1247.7,2.73
2025-10-04,CMP_1005,YouTube_Video_Ads,Video,Top of Funnel / Awareness,151695,1783,21314.6,37,15,39120.04,11.95,1.18,1420.97,1.84
2025-10-05,CMP_1005,YouTube_Video_Ads,Video,Top of Funnel / Awareness,248315,2767,34009.17,59,26,70067.77,12.29,1.11,1308.04,2.06
2025-10-06,CMP_1005,YouTube_Video_Ads,Video,Top of Funnel / Awareness,194419,2207,26952.01,45,20,59971.69,12.21,1.14,1347.6,2.23
2025-10-07,CMP_1005,YouTube_Video_Ads,Video,Top of Funnel / Awareness,163673,2082,23087.91,38,19,59193.27,11.09,1.27,1215.15,2.56
2025-10-08,CMP_1005,YouTube_Video_Ads,Video,Top of Funnel / Awareness,210490,2448,31087.85,45,23,72015.07,12.7,1.16,1351.65,2.32
2025-10-09,CMP_1005,YouTube_Video_Ads,Video,Top of Funnel / Awareness,185343,2440,27844.84,45,19,49890.63,11.41,1.32,1465.52,1.79
2025-10-10,CMP_1005,YouTube_Video_Ads,Video,Top of Funnel / Awareness,247438,2841,33061.66,54,26,69476.05,11.64,1.15,1271.6,2.1
2025-10-11,CMP_1005,YouTube_Video_Ads,Video,Top of Funnel / Awareness,219893,2463,31585.95,53,20,70907.46,12.82,1.12,1579.3,2.24
2025-10-12,CMP_1005,YouTube_Video_Ads,Video,Top of Funnel / Awareness,212268,2763,33468.18,52,24,76682.3,12.11,1.3,1394.51,2.29
2025-10-13,CMP_1005,YouTube_Video_Ads,Video,Top of Funnel / Awareness,155400,2040,23918.3,37,17,56221.33,11.72,1.31,1406.96,2.35
2025-10-14,CMP_1005,YouTube_Video_Ads,Video,Top of Funnel / Awareness,144511,1920,22645.23,36,17,59618.03,11.79,1.33,1332.07,2.63
2025-10-15,CMP_1005,YouTube_Video_Ads,Video,Top of Funnel / Awareness,185293,2457,29245.89,50,21,69255.19,11.9,1.33,1392.66,2.37
2025-10-16,CMP_1005,YouTube_Video_Ads,Video,Top of Funnel / Awareness,204611,2371,30185.72,45,20,52944.93,12.73,1.16,1509.29,1.75
2025-10-17,CMP_1005,YouTube_Video_Ads,Video,Top of Funnel / Awareness,231521,3025,33655.95,62,28,93893.04,11.13,1.31,1202.0,2.79
2025-10-18,CMP_1005,YouTube_Video_Ads,Video,Top of Funnel / Awareness,181281,2102,26730.21,45,19,55399.91,12.72,1.16,1406.85,2.07
2025-10-19,CMP_1005,YouTube_Video_Ads,Video,Top of Funnel / Awareness,216616,2620,31774.45,48,24,71671.14,12.13,1.21,1323.94,2.26
2025-10-20,CMP_1005,YouTube_Video_Ads,Video,Top of Funnel / Awareness,213149,2470,30486.22,49,23,86856.02,12.34,1.16,1325.49,2.85
2025-10-21,CMP_1005,YouTube_Video_Ads,Video,Top of Funnel / Awareness,187692,2455,28308.68,52,22,82299.15,11.53,1.31,1286.76,2.91
2025-10-22,CMP_1005,YouTube_Video_Ads,Video,Top of Funnel / Awareness,220017,2350,29121.48,50,21,66453.24,12.39,1.07,1386.74,2.28
2025-10-23,CMP_1005,YouTube_Video_Ads,Video,Top of Funnel / Awareness,198903,2186,26521.76,43,20,52399.01,12.13,1.1,1326.09,1.98
2025-10-24,CMP_1005,YouTube_Video_Ads,Video,Top of Funnel / Awareness,199741,2653,33368.1,53,22,82107.46,12.58,1.33,1516.73,2.46
2025-10-25,CMP_1005,YouTube_Video_Ads,Video,Top of Funnel / Awareness,161040,1967,24649.05,40,19,65986.44,12.53,1.22,1297.32,2.68
2025-10-26,CMP_1005,YouTube_Video_Ads,Video,Top of Funnel / Awareness,251608,2937,32659.36,57,24,63102.16,11.12,1.17,1360.81,1.93
2025-10-27,CMP_1005,YouTube_Video_Ads,Video,Top of Funnel / Awareness,167131,2080,23503.2,43,20,60498.98,11.3,1.24,1175.16,2.57
2025-10-28,CMP_1005,YouTube_Video_Ads,Video,Top of Funnel / Awareness,206148,2603,29577.24,54,21,76758.55,11.36,1.26,1408.44,2.6
2025-10-29,CMP_1005,YouTube_Video_Ads,Video,Top of Funnel / Awareness,205420,2189,27585.9,39,17,51182.34,12.6,1.07,1622.7,1.86
2025-10-30,CMP_1005,YouTube_Video_Ads,Video,Top of Funnel / Awareness,260136,3430,39631.09,66,28,83117.38,11.55,1.32,1415.4,2.1
2025-10-31,CMP_1005,YouTube_Video_Ads,Video,Top of Funnel / Awareness,216348,2539,30627.15,47,21,75676.8,12.06,1.17,1458.44,2.47
2025-11-01,CMP_1005,YouTube_Video_Ads,Video,Top of Funnel / Awareness,226707,2650,32912.48,56,24,75654.66,12.42,1.17,1371.35,2.3
2025-11-02,CMP_1005,YouTube_Video_Ads,Video,Top of Funnel / Awareness,128907,1715,21070.41,35,14,42108.46,12.29,1.33,1505.03,2.0
2025-11-03,CMP_1005,YouTube_Video_Ads,Video,Top of Funnel / Awareness,119632,1548,19181.63,32,15,44018.97,12.39,1.29,1278.78,2.29
2025-11-04,CMP_1005,YouTube_Video_Ads,Video,Top of Funnel / Awareness,158601,2025,25758.41,38,19,51839.39,12.72,1.28,1355.71,2.01
2025-11-05,CMP_1005,YouTube_Video_Ads,Video,Top of Funnel / Awareness,191426,2383,27653.34,48,20,52764.13,11.6,1.24,1382.67,1.91
2025-11-06,CMP_1005,YouTube_Video_Ads,Video,Top of Funnel / Awareness,226717,2766,32846.87,58,27,87702.95,11.88,1.22,1216.55,2.67
2025-11-07,CMP_1005,YouTube_Video_Ads,Video,Top of Funnel / Awareness,183321,2044,25499.56,39,18,47218.06,12.48,1.11,1416.64,1.85
2025-11-08,CMP_1005,YouTube_Video_Ads,Video,Top of Funnel / Awareness,206457,2677,33274.08,51,23,83788.3,12.43,1.3,1446.7,2.52
2025-11-09,CMP_1005,YouTube_Video_Ads,Video,Top of Funnel / Awareness,164839,2063,24061.32,41,17,50666.02,11.66,1.25,1415.37,2.11
2025-11-10,CMP_1005,YouTube_Video_Ads,Video,Top of Funnel / Awareness,192474,2414,30823.74,52,22,82587.49,12.77,1.25,1401.08,2.68
2025-11-11,CMP_1005,YouTube_Video_Ads,Video,Top of Funnel / Awareness,214701,2682,29717.18,52,23,84101.41,11.08,1.25,1292.05,2.83
2025-11-12,CMP_1005,YouTube_Video_Ads,Video,Top of Funnel / Awareness,179307,1905,24159.45,38,16,49756.31,12.68,1.06,1509.97,2.06
2025-11-13,CMP_1005,YouTube_Video_Ads,Video,Top of Funnel / Awareness,175222,1941,24943.64,39,18,52374.36,12.85,1.11,1385.76,2.1
2025-11-14,CMP_1005,YouTube_Video_Ads,Video,Top of Funnel / Awareness,202248,2622,30590.62,54,22,71600.38,11.67,1.3,1390.48,2.34
2025-11-15,CMP_1005,YouTube_Video_Ads,Video,Top of Funnel / Awareness,147135,1858,23532.46,40,17,63784.87,12.67,1.26,1384.26,2.71
2025-11-16,CMP_1005,YouTube_Video_Ads,Video,Top of Funnel / Awareness,180654,2220,26881.24,48,20,52773.66,12.11,1.23,1344.06,1.96
2025-11-17,CMP_1005,YouTube_Video_Ads,Video,Top of Funnel / Awareness,188049,2302,28938.37,47,22,59663.35,12.57,1.22,1315.38,2.06
2025-11-18,CMP_1005,YouTube_Video_Ads,Video,Top of Funnel / Awareness,200242,2278,28069.9,46,20,55776.62,12.32,1.14,1403.5,1.99
2025-11-19,CMP_1005,YouTube_Video_Ads,Video,Top of Funnel / Awareness,227398,2575,29065.59,54,22,70364.48,11.29,1.13,1321.16,2.42
2025-11-20,CMP_1005,YouTube_Video_Ads,Video,Top of Funnel / Awareness,152842,1714,22019.8,33,15,52883.02,12.85,1.12,1467.99,2.4
2025-11-21,CMP_1005,YouTube_Video_Ads,Video,Top of Funnel / Awareness,186879,2180,24173.32,40,20,68204.48,11.09,1.17,1208.67,2.82
2025-11-22,CMP_1005,YouTube_Video_Ads,Video,Top of Funnel / Awareness,207025,2685,29878.4,50,23,78626.67,11.13,1.3,1299.06,2.63
2025-11-23,CMP_1005,YouTube_Video_Ads,Video,Top of Funnel / Awareness,155426,1821,20339.5,37,17,52821.05,11.17,1.17,1196.44,2.6
2025-11-24,CMP_1005,YouTube_Video_Ads,Video,Top of Funnel / Awareness,127308,1602,18993.04,34,13,40816.57,11.86,1.26,1461.0,2.15
2025-11-25,CMP_1005,YouTube_Video_Ads,Video,Top of Funnel / Awareness,207553,2567,28885.57,47,23,74718.32,11.25,1.24,1255.89,2.59
2025-11-26,CMP_1005,YouTube_Video_Ads,Video,Top of Funnel / Awareness,212075,2522,32087.6,47,21,77092.77,12.72,1.19,1527.98,2.4
2025-11-27,CMP_1005,YouTube_Video_Ads,Video,Top of Funnel / Awareness,177600,2271,25896.42,44,19,57816.73,11.4,1.28,1362.97,2.23
2025-11-28,CMP_1005,YouTube_Video_Ads,Video,Top of Funnel / Awareness,143399,1743,22102.39,36,16,59275.71,12.68,1.22,1381.4,2.68
2025-11-29,CMP_1005,YouTube_Video_Ads,Video,Top of Funnel / Awareness,219573,2557,28355.03,54,21,61640.29,11.09,1.16,1350.24,2.17
2025-11-30,CMP_1005,YouTube_Video_Ads,Video,Top of Funnel / Awareness,184931,2279,26486.41,44,21,77623.78,11.62,1.23,1261.26,2.93
2025-12-01,CMP_1005,YouTube_Video_Ads,Video,Top of Funnel / Awareness,129132,1462,18769.94,26,12,39486.98,12.84,1.13,1564.16,2.1
2025-12-02,CMP_1005,YouTube_Video_Ads,Video,Top of Funnel / Awareness,206575,2264,25493.37,43,19,63471.19,11.26,1.1,1341.76,2.49
2025-12-03,CMP_1005,YouTube_Video_Ads,Video,Top of Funnel / Awareness,194204,2188,25259.11,47,17,62522.22,11.54,1.13,1485.83,2.48
2025-12-04,CMP_1005,YouTube_Video_Ads,Video,Top of Funnel / Awareness,169549,2253,25737.94,43,20,69330.31,11.42,1.33,1286.9,2.69
2025-12-05,CMP_1005,YouTube_Video_Ads,Video,Top of Funnel / Awareness,105255,1333,16139.28,23,10,31616.74,12.11,1.27,1613.93,1.96
2025-12-06,CMP_1005,YouTube_Video_Ads,Video,Top of Funnel / Awareness,186718,2329,26303.69,43,20,56858.98,11.29,1.25,1315.18,2.16
2025-12-07,CMP_1005,YouTube_Video_Ads,Video,Top of Funnel / Awareness,159891,1712,18982.65,36,14,48554.48,11.09,1.07,1355.9,2.56
2025-12-08,CMP_1005,YouTube_Video_Ads,Video,Top of Funnel / Awareness,193533,2104,23507.3,41,18,67783.22,11.17,1.09,1305.96,2.88
2025-12-09,CMP_1005,YouTube_Video_Ads,Video,Top of Funnel / Awareness,122219,1624,19045.88,32,14,40387.86,11.73,1.33,1360.42,2.12
2025-12-10,CMP_1005,YouTube_Video_Ads,Video,Top of Funnel / Awareness,216154,2871,31963.71,54,25,68532.98,11.13,1.33,1278.55,2.14
2025-12-11,CMP_1005,YouTube_Video_Ads,Video,Top of Funnel / Awareness,137579,1742,22203.75,32,15,44755.37,12.75,1.27,1480.25,2.02
2025-12-12,CMP_1005,YouTube_Video_Ads,Video,Top of Funnel / Awareness,159960,2085,23739.31,40,18,50560.94,11.39,1.3,1318.85,2.13
2025-12-13,CMP_1005,YouTube_Video_Ads,Video,Top of Funnel / Awareness,171721,2284,26812.04,49,19,53542.55,11.74,1.33,1411.16,2.0
2025-12-14,CMP_1005,YouTube_Video_Ads,Video,Top of Funnel / Awareness,146863,1717,21800.49,30,14,46654.97,12.7,1.17,1557.18,2.14
2025-12-15,CMP_1005,YouTube_Video_Ads,Video,Top of Funnel / Awareness,144828,1914,21546.75,39,17,60222.24,11.26,1.32,1267.46,2.79
2025-12-16,CMP_1005,YouTube_Video_Ads,Video,Top of Funnel / Awareness,159913,2038,24186.29,39,17,59386.31,11.87,1.27,1422.72,2.46
2025-12-17,CMP_1005,YouTube_Video_Ads,Video,Top of Funnel / Awareness,156493,2068,24228.16,44,17,60826.39,11.72,1.32,1425.19,2.51
2025-12-18,CMP_1005,YouTube_Video_Ads,Video,Top of Funnel / Awareness,145427,1920,22795.06,37,18,57106.23,11.87,1.32,1266.39,2.51
2025-12-19,CMP_1005,YouTube_Video_Ads,Video,Top of Funnel / Awareness,134266,1710,20286.66,34,15,44198.51,11.86,1.27,1352.44,2.18
2025-12-20,CMP_1005,YouTube_Video_Ads,Video,Top of Funnel / Awareness,160649,1717,20543.43,36,16,49584.32,11.96,1.07,1283.96,2.41
2025-12-21,CMP_1005,YouTube_Video_Ads,Video,Top of Funnel / Awareness,195196,2204,27668.87,45,20,59922.5,12.55,1.13,1383.44,2.17
2025-12-22,CMP_1005,YouTube_Video_Ads,Video,Top of Funnel / Awareness,221045,2428,29353.79,47,23,71680.38,12.09,1.1,1276.25,2.44
2025-12-23,CMP_1005,YouTube_Video_Ads,Video,Top of Funnel / Awareness,173538,2123,24220.6,42,18,49453.7,11.41,1.22,1345.59,2.04
2025-12-24,CMP_1005,YouTube_Video_Ads,Video,Top of Funnel / Awareness,216350,2330,27592.36,42,20,59495.74,11.84,1.08,1379.62,2.16
2025-12-25,CMP_1005,YouTube_Video_Ads,Video,Top of Funnel / Awareness,147098,1778,22222.03,36,15,56308.38,12.5,1.21,1481.47,2.53
2025-12-26,CMP_1005,YouTube_Video_Ads,Video,Top of Funnel / Awareness,164270,2128,25663.51,40,17,58235.59,12.06,1.3,1509.62,2.27
2025-12-27,CMP_1005,YouTube_Video_Ads,Video,Top of Funnel / Awareness,162612,2011,22951.9,43,17,61227.5,11.41,1.24,1350.11,2.67
2025-12-28,CMP_1005,YouTube_Video_Ads,Video,Top of Funnel / Awareness,152986,1834,22041.78,39,17,60567.94,12.02,1.2,1296.58,2.75
2025-12-29,CMP_1005,YouTube_Video_Ads,Video,Top of Funnel / Awareness,181188,2145,24613.2,42,20,73954.77,11.47,1.18,1230.66,3.0
2025-12-30,CMP_1005,YouTube_Video_Ads,Video,Top of Funnel / Awareness,124964,1326,15697.37,28,11,36984.02,11.84,1.06,1427.03,2.36
2025-12-31,CMP_1005,YouTube_Video_Ads,Video,Top of Funnel / Awareness,161843,1756,22716.38,34,15,55632.42,12.94,1.09,1514.43,2.45
2025-01-01,CMP_1006,LinkedIn_Sponsored,B2B_Social,High-Value Acquisition,11205,168,16994.5,9,4,24101.72,101.16,1.5,4248.62,1.42
2025-01-02,CMP_1006,LinkedIn_Sponsored,B2B_Social,High-Value Acquisition,11785,197,17693.69,11,5,26727.15,89.82,1.67,3538.74,1.51
2025-01-03,CMP_1006,LinkedIn_Sponsored,B2B_Social,High-Value Acquisition,11108,199,18112.66,12,5,28245.8,91.02,1.79,3622.53,1.56
2025-01-04,CMP_1006,LinkedIn_Sponsored,B2B_Social,High-Value Acquisition,12280,212,24275.02,13,5,32835.54,114.5,1.73,4855.0,1.35
2025-01-05,CMP_1006,LinkedIn_Sponsored,B2B_Social,High-Value Acquisition,15493,228,21974.49,13,6,37100.46,96.38,1.47,3662.42,1.69
2025-01-06,CMP_1006,LinkedIn_Sponsored,B2B_Social,High-Value Acquisition,11375,173,17677.86,10,5,32693.34,102.18,1.52,3535.57,1.85
2025-01-07,CMP_1006,LinkedIn_Sponsored,B2B_Social,High-Value Acquisition,16661,238,22817.03,14,6,45890.23,95.87,1.43,3802.84,2.01
2025-01-08,CMP_1006,LinkedIn_Sponsored,B2B_Social,High-Value Acquisition,13321,205,20091.71,12,6,44186.91,98.01,1.54,3348.62,2.2
2025-01-09,CMP_1006,LinkedIn_Sponsored,B2B_Social,High-Value Acquisition,12220,188,16957.43,11,4,26665.94,90.2,1.54,4239.36,1.57
2025-01-10,CMP_1006,LinkedIn_Sponsored,B2B_Social,High-Value Acquisition,10430,172,16976.72,10,4,27753.7,98.7,1.65,4244.18,1.63
2025-01-11,CMP_1006,LinkedIn_Sponsored,B2B_Social,High-Value Acquisition,13581,227,22865.89,12,5,26860.44,100.73,1.67,4573.18,1.17
2025-01-12,CMP_1006,LinkedIn_Sponsored,B2B_Social,High-Value Acquisition,12717,220,24397.14,13,6,45479.95,110.9,1.73,4066.19,1.86
2025-01-13,CMP_1006,LinkedIn_Sponsored,B2B_Social,High-Value Acquisition,12371,217,19261.61,12,5,36431.61,88.76,1.75,3852.32,1.89
2025-01-14,CMP_1006,LinkedIn_Sponsored,B2B_Social,High-Value Acquisition,11131,187,18042.86,12,4,28740.2,96.49,1.68,4510.72,1.59
2025-01-15,CMP_1006,LinkedIn_Sponsored,B2B_Social,High-Value Acquisition,13788,218,20732.83,13,6,45092.9,95.1,1.58,3455.47,2.17
2025-01-16,CMP_1006,LinkedIn_Sponsored,B2B_Social,High-Value Acquisition,12988,219,19816.54,14,6,40126.47,90.49,1.69,3302.76,2.02
2025-01-17,CMP_1006,LinkedIn_Sponsored,B2B_Social,High-Value Acquisition,10870,189,18193.22,12,4,29117.37,96.26,1.74,4548.3,1.6
2025-01-18,CMP_1006,LinkedIn_Sponsored,B2B_Social,High-Value Acquisition,9594,151,15230.48,9,4,20846.48,100.86,1.57,3807.62,1.37
2025-01-19,CMP_1006,LinkedIn_Sponsored,B2B_Social,High-Value Acquisition,13204,191,18205.77,12,5,31440.22,95.32,1.45,3641.15,1.73
2025-01-20,CMP_1006,LinkedIn_Sponsored,B2B_Social,High-Value Acquisition,11799,173,17256.14,10,5,34331.2,99.75,1.47,3451.23,1.99
2025-01-21,CMP_1006,LinkedIn_Sponsored,B2B_Social,High-Value Acquisition,11449,166,16560.1,9,5,34762.89,99.76,1.45,3312.02,2.1
2025-01-22,CMP_1006,LinkedIn_Sponsored,B2B_Social,High-Value Acquisition,16560,236,22193.53,15,6,38156.55,94.04,1.43,3698.92,1.72
2025-01-23,CMP_1006,LinkedIn_Sponsored,B2B_Social,High-Value Acquisition,13857,213,21573.52,12,6,42918.15,101.28,1.54,3595.59,1.99
2025-01-24,CMP_1006,LinkedIn_Sponsored,B2B_Social,High-Value Acquisition,9759,162,14703.96,9,4,30109.96,90.77,1.66,3675.99,2.05
2025-01-25,CMP_1006,LinkedIn_Sponsored,B2B_Social,High-Value Acquisition,12878,200,19933.71,13,5,28055.31,99.67,1.55,3986.74,1.41
2025-01-26,CMP_1006,LinkedIn_Sponsored,B2B_Social,High-Value Acquisition,12801,192,19514.56,11,5,26316.05,101.64,1.5,3902.91,1.35
2025-01-27,CMP_1006,LinkedIn_Sponsored,B2B_Social,High-Value Acquisition,11035,169,16834.56,9,5,27719.22,99.61,1.53,3366.91,1.65
2025-01-28,CMP_1006,LinkedIn_Sponsored,B2B_Social,High-Value Acquisition,10159,145,12872.32,8,3,21191.54,88.77,1.43,4290.77,1.65
2025-01-29,CMP_1006,LinkedIn_Sponsored,B2B_Social,High-Value Acquisition,13119,202,19175.09,12,6,44589.12,94.93,1.54,3195.85,2.33
2025-01-30,CMP_1006,LinkedIn_Sponsored,B2B_Social,High-Value Acquisition,13832,215,19854.21,13,6,38287.21,92.35,1.55,3309.04,1.93
2025-01-31,CMP_1006,LinkedIn_Sponsored,B2B_Social,High-Value Acquisition,11361,203,19039.58,13,5,34912.06,93.79,1.79,3807.92,1.83
2025-02-01,CMP_1006,LinkedIn_Sponsored,B2B_Social,High-Value Acquisition,12606,197,18328.16,10,5,30406.53,93.04,1.56,3665.63,1.66
2025-02-02,CMP_1006,LinkedIn_Sponsored,B2B_Social,High-Value Acquisition,13645,196,18951.72,11,5,33460.34,96.69,1.44,3790.34,1.77
2025-02-03,CMP_1006,LinkedIn_Sponsored,B2B_Social,High-Value Acquisition,7535,135,13646.32,8,4,28462.86,101.08,1.79,3411.58,2.09
2025-02-04,CMP_1006,LinkedIn_Sponsored,B2B_Social,High-Value Acquisition,10070,164,15227.19,10,4,21015.24,92.85,1.63,3806.8,1.38
2025-02-05,CMP_1006,LinkedIn_Sponsored,B2B_Social,High-Value Acquisition,9568,168,15299.52,9,4,23839.3,91.07,1.76,3824.88,1.56
2025-02-06,CMP_1006,LinkedIn_Sponsored,B2B_Social,High-Value Acquisition,10724,173,16759.65,10,4,23126.73,96.88,1.61,4189.91,1.38
2025-02-07,CMP_1006,LinkedIn_Sponsored,B2B_Social,High-Value Acquisition,7817,124,12695.83,6,3,18021.04,102.39,1.59,4231.94,1.42
2025-02-08,CMP_1006,LinkedIn_Sponsored,B2B_Social,High-Value Acquisition,13462,204,19858.64,12,6,44842.59,97.35,1.52,3309.77,2.26
2025-02-09,CMP_1006,LinkedIn_Sponsored,B2B_Social,High-Value Acquisition,10317,182,17284.91,12,4,22099.86,94.97,1.76,4321.23,1.28
2025-02-10,CMP_1006,LinkedIn_Sponsored,B2B_Social,High-Value Acquisition,10421,151,14362.03,9,3,20277.08,95.11,1.45,4787.34,1.41
2025-02-11,CMP_1006,LinkedIn_Sponsored,B2B_Social,High-Value Acquisition,15002,218,21989.38,13,5,28533.23,100.87,1.45,4397.88,1.3
2025-02-12,CMP_1006,LinkedIn_Sponsored,B2B_Social,High-Value Acquisition,9602,138,12973.26,8,3,17892.96,94.01,1.44,4324.42,1.38
2025-02-13,CMP_1006,LinkedIn_Sponsored,B2B_Social,High-Value Acquisition,13668,214,26305.12,12,6,33078.2,122.92,1.57,4384.19,1.26
2025-02-14,CMP_1006,LinkedIn_Sponsored,B2B_Social,High-Value Acquisition,11483,193,17245.34,11,5,31826.78,89.35,1.68,3449.07,1.85
2025-02-15,CMP_1006,LinkedIn_Sponsored,B2B_Social,High-Value Acquisition,12443,206,25161.72,13,5,29955.36,122.14,1.66,5032.34,1.19
2025-02-16,CMP_1006,LinkedIn_Sponsored,B2B_Social,High-Value Acquisition,12843,196,18498.03,13,5,28025.37,94.38,1.53,3699.61,1.52
2025-02-17,CMP_1006,LinkedIn_Sponsored,B2B_Social,High-Value Acquisition,9957,173,16611.79,11,4,24717.94,96.02,1.74,4152.95,1.49
2025-02-18,CMP_1006,LinkedIn_Sponsored,B2B_Social,High-Value Acquisition,10412,179,17078.85,11,5,32243.16,95.41,1.72,3415.77,1.89
2025-02-19,CMP_1006,LinkedIn_Sponsored,B2B_Social,High-Value Acquisition,11040,166,15982.82,10,4,23324.41,96.28,1.5,3995.7,1.46
2025-02-20,CMP_1006,LinkedIn_Sponsored,B2B_Social,High-Value Acquisition,15227,215,19009.5,11,5,27360.75,88.42,1.41,3801.9,1.44
2025-02-21,CMP_1006,LinkedIn_Sponsored,B2B_Social,High-Value Acquisition,10029,153,15720.59,8,4,29209.12,102.75,1.53,3930.15,1.86
2025-02-22,CMP_1006,LinkedIn_Sponsored,B2B_Social,High-Value Acquisition,11828,180,17669.95,11,5,34922.0,98.17,1.52,3533.99,1.98
2025-02-23,CMP_1006,LinkedIn_Sponsored,B2B_Social,High-Value Acquisition,13555,221,22290.48,13,6,43229.9,100.86,1.63,3715.08,1.94
2025-02-24,CMP_1006,LinkedIn_Sponsored,B2B_Social,High-Value Acquisition,12186,218,19118.53,12,6,44020.37,87.7,1.79,3186.42,2.3
2025-02-25,CMP_1006,LinkedIn_Sponsored,B2B_Social,High-Value Acquisition,12566,196,17610.98,11,5,30581.2,89.85,1.56,3522.2,1.74
2025-02-26,CMP_1006,LinkedIn_Sponsored,B2B_Social,High-Value Acquisition,7262,130,13390.41,7,3,15986.02,103.0,1.79,4463.47,1.19
2025-02-27,CMP_1006,LinkedIn_Sponsored,B2B_Social,High-Value Acquisition,11332,182,16653.27,11,4,28216.85,91.5,1.61,4163.32,1.69
2025-02-28,CMP_1006,LinkedIn_Sponsored,B2B_Social,High-Value Acquisition,10328,182,16781.67,11,5,35678.52,92.21,1.76,3356.33,2.13
2025-03-01,CMP_1006,LinkedIn_Sponsored,B2B_Social,High-Value Acquisition,11033,195,18076.54,11,4,25254.11,92.7,1.77,4519.14,1.4
2025-03-02,CMP_1006,LinkedIn_Sponsored,B2B_Social,High-Value Acquisition,13201,225,22415.11,15,6,32681.75,99.62,1.7,3735.85,1.46
2025-03-03,CMP_1006,LinkedIn_Sponsored,B2B_Social,High-Value Acquisition,16889,249,22190.28,13,7,51609.08,89.12,1.47,3170.04,2.33
2025-03-04,CMP_1006,LinkedIn_Sponsored,B2B_Social,High-Value Acquisition,11091,198,19334.9,11,5,35974.2,97.65,1.79,3866.98,1.86
2025-03-05,CMP_1006,LinkedIn_Sponsored,B2B_Social,High-Value Acquisition,11536,196,19827.72,12,5,32521.33,101.16,1.7,3965.54,1.64
2025-03-06,CMP_1006,LinkedIn_Sponsored,B2B_Social,High-Value Acquisition,10687,183,17004.41,11,5,26191.52,92.92,1.71,3400.88,1.54
2025-03-07,CMP_1006,LinkedIn_Sponsored,B2B_Social,High-Value Acquisition,13347,189,16814.86,11,5,38089.82,88.97,1.42,3362.97,2.27
2025-03-08,CMP_1006,LinkedIn_Sponsored,B2B_Social,High-Value Acquisition,14393,221,20727.14,13,6,44971.34,93.79,1.54,3454.52,2.17
2025-03-09,CMP_1006,LinkedIn_Sponsored,B2B_Social,High-Value Acquisition,11169,194,18830.77,11,5,28087.41,97.07,1.74,3766.15,1.49
2025-03-10,CMP_1006,LinkedIn_Sponsored,B2B_Social,High-Value Acquisition,14906,251,22006.71,14,6,35587.21,87.68,1.68,3667.78,1.62
2025-03-11,CMP_1006,LinkedIn_Sponsored,B2B_Social,High-Value Acquisition,8395,120,11805.4,6,3,18080.67,98.38,1.43,3935.13,1.53
2025-03-12,CMP_1006,LinkedIn_Sponsored,B2B_Social,High-Value Acquisition,16390,235,21665.41,15,6,32998.33,92.19,1.43,3610.9,1.52
2025-03-13,CMP_1006,LinkedIn_Sponsored,B2B_Social,High-Value Acquisition,9361,159,15612.85,10,4,25017.41,98.19,1.7,3903.21,1.6
2025-03-14,CMP_1006,LinkedIn_Sponsored,B2B_Social,High-Value Acquisition,15024,265,23239.47,16,6,44719.14,87.7,1.76,3873.25,1.92
2025-03-15,CMP_1006,LinkedIn_Sponsored,B2B_Social,High-Value Acquisition,14498,217,21710.72,12,6,35560.01,100.05,1.5,3618.45,1.64
2025-03-16,CMP_1006,LinkedIn_Sponsored,B2B_Social,High-Value Acquisition,12911,182,18374.62,10,5,28931.87,100.96,1.41,3674.92,1.57
2025-03-17,CMP_1006,LinkedIn_Sponsored,B2B_Social,High-Value Acquisition,15233,224,19870.58,13,5,35706.8,88.71,1.47,3974.12,1.8
2025-03-18,CMP_1006,LinkedIn_Sponsored,B2B_Social,High-Value Acquisition,17245,249,23416.25,15,6,33105.83,94.04,1.44,3902.71,1.41
2025-03-19,CMP_1006,LinkedIn_Sponsored,B2B_Social,High-Value Acquisition,11186,193,19676.09,11,5,32731.67,101.95,1.73,3935.22,1.66
2025-03-20,CMP_1006,LinkedIn_Sponsored,B2B_Social,High-Value Acquisition,9500,170,16786.08,9,4,27607.13,98.74,1.79,4196.52,1.64
2025-03-21,CMP_1006,LinkedIn_Sponsored,B2B_Social,High-Value Acquisition,10877,193,18876.45,11,5,37856.02,97.81,1.77,3775.29,2.01
2025-03-22,CMP_1006,LinkedIn_Sponsored,B2B_Social,High-Value Acquisition,13425,205,20640.71,11,5,31554.9,100.69,1.53,4128.14,1.53
2025-03-23,CMP_1006,LinkedIn_Sponsored,B2B_Social,High-Value Acquisition,16392,251,22388.26,15,7,39123.76,89.2,1.53,3198.32,1.75
2025-03-24,CMP_1006,LinkedIn_Sponsored,B2B_Social,High-Value Acquisition,9747,154,15509.79,10,4,23501.19,100.71,1.58,3877.45,1.52
2025-03-25,CMP_1006,LinkedIn_Sponsored,B2B_Social,High-Value Acquisition,9851,161,15083.51,9,4,28394.07,93.69,1.63,3770.88,1.88
2025-03-26,CMP_1006,LinkedIn_Sponsored,B2B_Social,High-Value Acquisition,12374,179,18238.74,10,5,26472.48,101.89,1.45,3647.75,1.45
2025-03-27,CMP_1006,LinkedIn_Sponsored,B2B_Social,High-Value Acquisition,10786,165,16855.11,10,4,23180.89,102.15,1.53,4213.78,1.38
2025-03-28,CMP_1006,LinkedIn_Sponsored,B2B_Social,High-Value Acquisition,12600,203,20220.38,13,5,36656.5,99.61,1.61,4044.08,1.81
2025-03-29,CMP_1006,LinkedIn_Sponsored,B2B_Social,High-Value Acquisition,13360,205,20943.73,13,6,34306.47,102.16,1.53,3490.62,1.64
2025-03-30,CMP_1006,LinkedIn_Sponsored,B2B_Social,High-Value Acquisition,14137,203,19678.18,13,5,26876.77,96.94,1.44,3935.64,1.37
2025-03-31,CMP_1006,LinkedIn_Sponsored,B2B_Social,High-Value Acquisition,12457,222,22300.9,13,5,35179.17,100.45,1.78,4460.18,1.58
2025-04-01,CMP_1006,LinkedIn_Sponsored,B2B_Social,High-Value Acquisition,8164,129,12421.01,7,3,18093.26,96.29,1.58,4140.34,1.46
2025-04-02,CMP_1006,LinkedIn_Sponsored,B2B_Social,High-Value Acquisition,11504,186,18815.05,10,5,32830.36,101.16,1.62,3763.01,1.74
2025-04-03,CMP_1006,LinkedIn_Sponsored,B2B_Social,High-Value Acquisition,15235,251,22772.39,15,7,44181.74,90.73,1.65,3253.2,1.94
2025-04-04,CMP_1006,LinkedIn_Sponsored,B2B_Social,High-Value Acquisition,9912,177,16559.36,11,4,23527.87,93.56,1.79,4139.84,1.42
2025-04-05,CMP_1006,LinkedIn_Sponsored,B2B_Social,High-Value Acquisition,13391,222,20606.55,14,6,38701.03,92.82,1.66,3434.42,1.88
2025-04-06,CMP_1006,LinkedIn_Sponsored,B2B_Social,High-Value Acquisition,13048,212,18996.7,14,6,39711.96,89.61,1.62,3166.12,2.09
2025-04-07,CMP_1006,LinkedIn_Sponsored,B2B_Social,High-Value Acquisition,12745,225,21968.11,13,6,45565.72,97.64,1.77,3661.35,2.07
2025-04-08,CMP_1006,LinkedIn_Sponsored,B2B_Social,High-Value Acquisition,11292,177,16788.89,10,5,30958.78,94.85,1.57,3357.78,1.84
2025-04-09,CMP_1006,LinkedIn_Sponsored,B2B_Social,High-Value Acquisition,13709,203,20487.45,12,5,35364.06,100.92,1.48,4097.49,1.73
2025-04-10,CMP_1006,LinkedIn_Sponsored,B2B_Social,High-Value Acquisition,17863,266,23543.6,14,7,47165.79,88.51,1.49,3363.37,2.0
2025-04-11,CMP_1006,LinkedIn_Sponsored,B2B_Social,High-Value Acquisition,13633,224,21571.59,13,5,29002.77,96.3,1.64,4314.32,1.34
2025-04-12,CMP_1006,LinkedIn_Sponsored,B2B_Social,High-Value Acquisition,10325,180,16233.18,11,5,30990.02,90.18,1.74,3246.64,1.91
2025-04-13,CMP_1006,LinkedIn_Sponsored,B2B_Social,High-Value Acquisition,12947,231,21125.28,15,6,43661.03,91.45,1.78,3520.88,2.07
2025-04-14,CMP_1006,LinkedIn_Sponsored,B2B_Social,High-Value Acquisition,11220,166,15605.38,9,4,23427.48,94.01,1.48,3901.34,1.5
2025-04-15,CMP_1006,LinkedIn_Sponsored,B2B_Social,High-Value Acquisition,11729,210,21055.61,11,5,35827.25,100.26,1.79,4211.12,1.7
2025-04-16,CMP_1006,LinkedIn_Sponsored,B2B_Social,High-Value Acquisition,13587,215,20013.81,13,6,36023.01,93.09,1.58,3335.64,1.8
2025-04-17,CMP_1006,LinkedIn_Sponsored,B2B_Social,High-Value Acquisition,13166,199,20238.07,13,5,31683.38,101.7,1.51,4047.61,1.57
2025-04-18,CMP_1006,LinkedIn_Sponsored,B2B_Social,High-Value Acquisition,10195,148,13582.94,8,4,28277.88,91.78,1.45,3395.74,2.08
2025-04-19,CMP_1006,LinkedIn_Sponsored,B2B_Social,High-Value Acquisition,15683,227,22001.85,14,6,45325.05,96.92,1.45,3666.98,2.06
2025-04-20,CMP_1006,LinkedIn_Sponsored,B2B_Social,High-Value Acquisition,10742,178,16840.68,9,4,22075.11,94.61,1.66,4210.17,1.31
2025-04-21,CMP_1006,LinkedIn_Sponsored,B2B_Social,High-Value Acquisition,13605,214,19550.48,13,5,34252.31,91.36,1.57,3910.1,1.75
2025-04-22,CMP_1006,LinkedIn_Sponsored,B2B_Social,High-Value Acquisition,10432,150,13169.21,9,3,18373.36,87.79,1.44,4389.74,1.4
2025-04-23,CMP_1006,LinkedIn_Sponsored,B2B_Social,High-Value Acquisition,12854,208,20259.57,12,5,33525.74,97.4,1.62,4051.91,1.65
2025-04-24,CMP_1006,LinkedIn_Sponsored,B2B_Social,High-Value Acquisition,12927,200,19223.07,11,6,31788.41,96.12,1.55,3203.84,1.65
2025-04-25,CMP_1006,LinkedIn_Sponsored,B2B_Social,High-Value Acquisition,11544,192,19743.0,12,4,26737.34,102.83,1.66,4935.75,1.35
2025-04-26,CMP_1006,LinkedIn_Sponsored,B2B_Social,High-Value Acquisition,10515,184,16881.52,11,5,26899.63,91.75,1.75,3376.3,1.59
2025-04-27,CMP_1006,LinkedIn_Sponsored,B2B_Social,High-Value Acquisition,11919,200,19687.31,12,5,31319.52,98.44,1.68,3937.46,1.59
2025-04-28,CMP_1006,LinkedIn_Sponsored,B2B_Social,High-Value Acquisition,8200,134,13720.05,7,3,21522.95,102.39,1.63,4573.35,1.57
2025-04-29,CMP_1006,LinkedIn_Sponsored,B2B_Social,High-Value Acquisition,14206,216,19497.33,13,5,35710.22,90.27,1.52,3899.47,1.83
2025-04-30,CMP_1006,LinkedIn_Sponsored,B2B_Social,High-Value Acquisition,15217,215,19087.35,14,6,36379.63,88.78,1.41,3181.22,1.91
2025-05-01,CMP_1006,LinkedIn_Sponsored,B2B_Social,High-Value Acquisition,12766,210,19170.32,12,6,45653.48,91.29,1.64,3195.05,2.38
2025-05-02,CMP_1006,LinkedIn_Sponsored,B2B_Social,High-Value Acquisition,11376,190,18110.43,10,5,26931.33,95.32,1.67,3622.09,1.49
2025-05-03,CMP_1006,LinkedIn_Sponsored,B2B_Social,High-Value Acquisition,15844,235,26820.4,14,6,38342.96,114.13,1.48,4470.07,1.43
2025-05-04,CMP_1006,LinkedIn_Sponsored,B2B_Social,High-Value Acquisition,13027,197,18866.74,12,6,32846.98,95.77,1.51,3144.46,1.74
2025-05-05,CMP_1006,LinkedIn_Sponsored,B2B_Social,High-Value Acquisition,13839,220,19977.83,14,6,44405.19,90.81,1.59,3329.64,2.22
2025-05-06,CMP_1006,LinkedIn_Sponsored,B2B_Social,High-Value Acquisition,12147,196,24070.28,12,5,29860.04,122.81,1.61,4814.06,1.24
2025-05-07,CMP_1006,LinkedIn_Sponsored,B2B_Social,High-Value Acquisition,14632,236,22730.98,15,7,43457.63,96.32,1.61,3247.28,1.91
2025-05-08,CMP_1006,LinkedIn_Sponsored,B2B_Social,High-Value Acquisition,12769,198,19665.05,11,5,33484.27,99.32,1.55,3933.01,1.7
2025-05-09,CMP_1006,LinkedIn_Sponsored,B2B_Social,High-Value Acquisition,13557,239,21381.09,13,7,48531.51,89.46,1.76,3054.44,2.27
2025-05-10,CMP_1006,LinkedIn_Sponsored,B2B_Social,High-Value Acquisition,10860,178,17618.24,11,4,25584.67,98.98,1.64,4404.56,1.45
2025-05-11,CMP_1006,LinkedIn_Sponsored,B2B_Social,High-Value Acquisition,10401,155,15896.46,9,4,28299.97,102.56,1.49,3974.12,1.78
2025-05-12,CMP_1006,LinkedIn_Sponsored,B2B_Social,High-Value Acquisition,14656,207,18360.58,12,5,38107.89,88.7,1.41,3672.12,2.08
2025-05-13,CMP_1006,LinkedIn_Sponsored,B2B_Social,High-Value Acquisition,16595,250,23675.78,16,6,40012.69,94.7,1.51,3945.96,1.69
2025-05-14,CMP_1006,LinkedIn_Sponsored,B2B_Social,High-Value Acquisition,11992,196,20007.64,11,5,37153.43,102.08,1.63,4001.53,1.86
2025-05-15,CMP_1006,LinkedIn_Sponsored,B2B_Social,High-Value Acquisition,12422,199,18309.04,13,5,34818.69,92.01,1.6,3661.81,1.9
2025-05-16,CMP_1006,LinkedIn_Sponsored,B2B_Social,High-Value Acquisition,14196,217,25373.72,13,5,31146.57,116.93,1.53,5074.74,1.23
2025-05-17,CMP_1006,LinkedIn_Sponsored,B2B_Social,High-Value Acquisition,18565,262,23677.88,17,7,53024.77,90.37,1.41,3382.55,2.24
2025-05-18,CMP_1006,LinkedIn_Sponsored,B2B_Social,High-Value Acquisition,13848,237,21476.66,15,6,44608.4,90.62,1.71,3579.44,2.08
2025-05-19,CMP_1006,LinkedIn_Sponsored,B2B_Social,High-Value Acquisition,11744,193,17502.59,13,5,37718.34,90.69,1.64,3500.52,2.16
2025-05-20,CMP_1006,LinkedIn_Sponsored,B2B_Social,High-Value Acquisition,12748,204,18448.12,13,5,34085.11,90.43,1.6,3689.62,1.85
2025-05-21,CMP_1006,LinkedIn_Sponsored,B2B_Social,High-Value Acquisition,13904,214,19801.35,13,5,35949.29,92.53,1.54,3960.27,1.82
2025-05-22,CMP_1006,LinkedIn_Sponsored,B2B_Social,High-Value Acquisition,16728,248,21955.54,15,7,40743.92,88.53,1.48,3136.51,1.86
2025-05-23,CMP_1006,LinkedIn_Sponsored,B2B_Social,High-Value Acquisition,12823,207,19210.05,12,6,42575.18,92.8,1.61,3201.68,2.22
2025-05-24,CMP_1006,LinkedIn_Sponsored,B2B_Social,High-Value Acquisition,13333,205,20346.06,12,5,33460.35,99.25,1.54,4069.21,1.64
2025-05-25,CMP_1006,LinkedIn_Sponsored,B2B_Social,High-Value Acquisition,11117,192,17229.01,11,5,36302.48,89.73,1.73,3445.8,2.11
2025-05-26,CMP_1006,LinkedIn_Sponsored,B2B_Social,High-Value Acquisition,14367,218,20320.01,14,6,32150.9,93.21,1.52,3386.67,1.58
2025-05-27,CMP_1006,LinkedIn_Sponsored,B2B_Social,High-Value Acquisition,11983,193,19046.65,12,5,33037.74,98.69,1.61,3809.33,1.73
2025-05-28,CMP_1006,LinkedIn_Sponsored,B2B_Social,High-Value Acquisition,6321,94,8932.8,6,2,15096.9,95.03,1.49,4466.4,1.69
2025-05-29,CMP_1006,LinkedIn_Sponsored,B2B_Social,High-Value Acquisition,14070,235,21551.36,15,6,44009.26,91.71,1.67,3591.89,2.04
2025-05-30,CMP_1006,LinkedIn_Sponsored,B2B_Social,High-Value Acquisition,13623,200,19326.97,12,5,35113.34,96.63,1.47,3865.39,1.82
2025-05-31,CMP_1006,LinkedIn_Sponsored,B2B_Social,High-Value Acquisition,15965,250,23914.43,14,7,37642.83,95.66,1.57,3416.35,1.57
2025-06-01,CMP_1006,LinkedIn_Sponsored,B2B_Social,High-Value Acquisition,13754,245,22268.05,14,6,32860.16,90.89,1.78,3711.34,1.48
2025-06-02,CMP_1006,LinkedIn_Sponsored,B2B_Social,High-Value Acquisition,11534,197,19005.95,11,6,37592.76,96.48,1.71,3167.66,1.98
2025-06-03,CMP_1006,LinkedIn_Sponsored,B2B_Social,High-Value Acquisition,10419,180,17654.44,10,5,29282.3,98.08,1.73,3530.89,1.66
2025-06-04,CMP_1006,LinkedIn_Sponsored,B2B_Social,High-Value Acquisition,8283,148,14450.74,8,4,26313.87,97.64,1.79,3612.68,1.82
2025-06-05,CMP_1006,LinkedIn_Sponsored,B2B_Social,High-Value Acquisition,8655,130,11783.59,8,3,22312.88,90.64,1.5,3927.86,1.89
2025-06-06,CMP_1006,LinkedIn_Sponsored,B2B_Social,High-Value Acquisition,13131,191,17385.2,10,5,38229.28,91.02,1.45,3477.04,2.2
2025-06-07,CMP_1006,LinkedIn_Sponsored,B2B_Social,High-Value Acquisition,9600,164,16531.97,9,4,23750.76,100.8,1.71,4132.99,1.44
2025-06-08,CMP_1006,LinkedIn_Sponsored,B2B_Social,High-Value Acquisition,17191,257,23125.33,15,7,41364.37,89.98,1.49,3303.62,1.79
2025-06-09,CMP_1006,LinkedIn_Sponsored,B2B_Social,High-Value Acquisition,11132,190,19567.56,11,5,28674.23,102.99,1.71,3913.51,1.47
2025-06-10,CMP_1006,LinkedIn_Sponsored,B2B_Social,High-Value Acquisition,11051,179,16040.59,11,5,34335.81,89.61,1.62,3208.12,2.14
2025-06-11,CMP_1006,LinkedIn_Sponsored,B2B_Social,High-Value Acquisition,9920,153,15003.54,8,4,23472.25,98.06,1.54,3750.88,1.56
2025-06-12,CMP_1006,LinkedIn_Sponsored,B2B_Social,High-Value Acquisition,9323,161,14332.91,10,4,21442.25,89.02,1.73,3583.23,1.5
2025-06-13,CMP_1006,LinkedIn_Sponsored,B2B_Social,High-Value Acquisition,11587,166,15515.46,9,4,28684.65,93.47,1.43,3878.86,1.85
2025-06-14,CMP_1006,LinkedIn_Sponsored,B2B_Social,High-Value Acquisition,15679,241,21856.97,13,6,45785.02,90.69,1.54,3642.83,2.09
2025-06-15,CMP_1006,LinkedIn_Sponsored,B2B_Social,High-Value Acquisition,12481,216,21467.23,14,5,28296.53,99.39,1.73,4293.45,1.32
2025-06-16,CMP_1006,LinkedIn_Sponsored,B2B_Social,High-Value Acquisition,12884,200,24162.28,13,5,37718.16,120.81,1.55,4832.46,1.56
2025-06-17,CMP_1006,LinkedIn_Sponsored,B2B_Social,High-Value Acquisition,11577,207,19139.1,11,5,35714.42,92.46,1.79,3827.82,1.87
2025-06-18,CMP_1006,LinkedIn_Sponsored,B2B_Social,High-Value Acquisition,11399,181,17065.6,12,4,26723.07,94.29,1.59,4266.4,1.57
2025-06-19,CMP_1006,LinkedIn_Sponsored,B2B_Social,High-Value Acquisition,10212,167,14671.63,9,4,26840.84,87.85,1.64,3667.91,1.83
2025-06-20,CMP_1006,LinkedIn_Sponsored,B2B_Social,High-Value Acquisition,17277,256,23138.13,16,6,35815.3,90.38,1.48,3856.36,1.55
2025-06-21,CMP_1006,LinkedIn_Sponsored,B2B_Social,High-Value Acquisition,12522,211,20567.93,12,5,26973.09,97.48,1.69,4113.59,1.31
2025-06-22,CMP_1006,LinkedIn_Sponsored,B2B_Social,High-Value Acquisition,9880,175,16442.25,10,4,21795.9,93.96,1.77,4110.56,1.33
2025-06-23,CMP_1006,LinkedIn_Sponsored,B2B_Social,High-Value Acquisition,13516,235,22838.61,14,6,35462.78,97.19,1.74,3806.44,1.55
2025-06-24,CMP_1006,LinkedIn_Sponsored,B2B_Social,High-Value Acquisition,12960,213,20839.85,13,6,40574.0,97.84,1.64,3473.31,1.95
2025-06-25,CMP_1006,LinkedIn_Sponsored,B2B_Social,High-Value Acquisition,12437,187,18655.02,11,5,30731.36,99.76,1.5,3731.0,1.65
2025-06-26,CMP_1006,LinkedIn_Sponsored,B2B_Social,High-Value Acquisition,12453,210,20903.8,11,5,27603.52,99.54,1.69,4180.76,1.32
2025-06-27,CMP_1006,LinkedIn_Sponsored,B2B_Social,High-Value Acquisition,9034,146,12843.21,8,3,21495.3,87.97,1.62,4281.07,1.67
2025-06-28,CMP_1006,LinkedIn_Sponsored,B2B_Social,High-Value Acquisition,13305,226,22940.86,14,5,29236.13,101.51,1.7,4588.17,1.27
2025-06-29,CMP_1006,LinkedIn_Sponsored,B2B_Social,High-Value Acquisition,12653,213,21770.7,14,6,36905.95,102.21,1.68,3628.45,1.7
2025-06-30,CMP_1006,LinkedIn_Sponsored,B2B_Social,High-Value Acquisition,11691,168,15832.96,9,4,25101.1,94.24,1.44,3958.24,1.59
2025-07-01,CMP_1006,LinkedIn_Sponsored,B2B_Social,High-Value Acquisition,13327,212,24066.52,12,5,36055.07,113.52,1.59,4813.3,1.5
2025-07-02,CMP_1006,LinkedIn_Sponsored,B2B_Social,High-Value Acquisition,15184,249,23493.53,16,7,51672.27,94.35,1.64,3356.22,2.2
2025-07-03,CMP_1006,LinkedIn_Sponsored,B2B_Social,High-Value Acquisition,9111,151,15330.47,8,3,16749.29,101.53,1.66,5110.16,1.09
2025-07-04,CMP_1006,LinkedIn_Sponsored,B2B_Social,High-Value Acquisition,9169,155,15117.66,10,4,22783.09,97.53,1.69,3779.42,1.51
2025-07-05,CMP_1006,LinkedIn_Sponsored,B2B_Social,High-Value Acquisition,10118,178,16588.0,11,5,32009.06,93.19,1.76,3317.6,1.93
2025-07-06,CMP_1006,LinkedIn_Sponsored,B2B_Social,High-Value Acquisition,13820,198,17447.04,12,5,28645.65,88.12,1.43,3489.41,1.64
2025-07-07,CMP_1006,LinkedIn_Sponsored,B2B_Social,High-Value Acquisition,12923,219,20535.82,13,6,42433.59,93.77,1.69,3422.64,2.07
2025-07-08,CMP_1006,LinkedIn_Sponsored,B2B_Social,High-Value Acquisition,12527,193,19811.34,11,5,28507.85,102.65,1.54,3962.27,1.44
2025-07-09,CMP_1006,LinkedIn_Sponsored,B2B_Social,High-Value Acquisition,14149,209,19577.81,12,5,29567.56,93.67,1.48,3915.56,1.51
2025-07-10,CMP_1006,LinkedIn_Sponsored,B2B_Social,High-Value Acquisition,12125,205,18731.67,11,5,35725.71,91.37,1.69,3746.33,1.91
2025-07-11,CMP_1006,LinkedIn_Sponsored,B2B_Social,High-Value Acquisition,12292,204,19986.51,12,5,36241.71,97.97,1.66,3997.3,1.81
2025-07-12,CMP_1006,LinkedIn_Sponsored,B2B_Social,High-Value Acquisition,10056,154,15304.09,8,3,16298.36,99.38,1.53,5101.36,1.06
2025-07-13,CMP_1006,LinkedIn_Sponsored,B2B_Social,High-Value Acquisition,11430,194,18007.86,11,5,35134.52,92.82,1.7,3601.57,1.95
2025-07-14,CMP_1006,LinkedIn_Sponsored,B2B_Social,High-Value Acquisition,11908,201,18331.25,12,5,28585.55,91.2,1.69,3666.25,1.56
2025-07-15,CMP_1006,LinkedIn_Sponsored,B2B_Social,High-Value Acquisition,14243,210,20468.97,13,5,33250.31,97.47,1.47,4093.79,1.62
2025-07-16,CMP_1006,LinkedIn_Sponsored,B2B_Social,High-Value Acquisition,11396,183,18124.63,11,5,33538.5,99.04,1.61,3624.93,1.85
2025-07-17,CMP_1006,LinkedIn_Sponsored,B2B_Social,High-Value Acquisition,12597,184,18736.5,11,4,28196.29,101.83,1.46,4684.12,1.5
2025-07-18,CMP_1006,LinkedIn_Sponsored,B2B_Social,High-Value Acquisition,11969,175,17234.44,11,4,28614.76,98.48,1.46,4308.61,1.66
2025-07-19,CMP_1006,LinkedIn_Sponsored,B2B_Social,High-Value Acquisition,10459,154,13869.54,9,4,22003.46,90.06,1.47,3467.38,1.59
2025-07-20,CMP_1006,LinkedIn_Sponsored,B2B_Social,High-Value Acquisition,14278,205,18314.35,13,5,26725.2,89.34,1.44,3662.87,1.46
2025-07-21,CMP_1006,LinkedIn_Sponsored,B2B_Social,High-Value Acquisition,8711,153,15515.12,9,4,28753.75,101.41,1.76,3878.78,1.85
2025-07-22,CMP_1006,LinkedIn_Sponsored,B2B_Social,High-Value Acquisition,11249,183,18360.6,10,4,24011.94,100.33,1.63,4590.15,1.31
2025-07-23,CMP_1006,LinkedIn_Sponsored,B2B_Social,High-Value Acquisition,10077,160,14686.64,9,4,29847.74,91.79,1.59,3671.66,2.03
2025-07-24,CMP_1006,LinkedIn_Sponsored,B2B_Social,High-Value Acquisition,11719,195,19300.62,12,5,28293.54,98.98,1.66,3860.12,1.47
2025-07-25,CMP_1006,LinkedIn_Sponsored,B2B_Social,High-Value Acquisition,11379,193,17170.99,11,5,26356.21,88.97,1.7,3434.2,1.53
2025-07-26,CMP_1006,LinkedIn_Sponsored,B2B_Social,High-Value Acquisition,15937,235,21101.25,13,6,43505.97,89.79,1.47,3516.88,2.06
2025-07-27,CMP_1006,LinkedIn_Sponsored,B2B_Social,High-Value Acquisition,16177,248,22553.3,14,7,43608.89,90.94,1.53,3221.9,1.93
2025-07-28,CMP_1006,LinkedIn_Sponsored,B2B_Social,High-Value Acquisition,10349,176,17068.81,10,5,37457.46,96.98,1.7,3413.76,2.19
2025-07-29,CMP_1006,LinkedIn_Sponsored,B2B_Social,High-Value Acquisition,9313,153,15094.55,8,4,25389.07,98.66,1.64,3773.64,1.68
2025-07-30,CMP_1006,LinkedIn_Sponsored,B2B_Social,High-Value Acquisition,9956,147,13854.69,9,4,25521.44,94.25,1.48,3463.67,1.84
2025-07-31,CMP_1006,LinkedIn_Sponsored,B2B_Social,High-Value Acquisition,14825,223,20019.4,13,6,31744.51,89.77,1.5,3336.57,1.59
2025-08-01,CMP_1006,LinkedIn_Sponsored,B2B_Social,High-Value Acquisition,11625,184,18915.26,11,4,22515.3,102.8,1.58,4728.81,1.19
2025-08-02,CMP_1006,LinkedIn_Sponsored,B2B_Social,High-Value Acquisition,13498,215,21488.73,13,5,32848.77,99.95,1.59,4297.75,1.53
2025-08-03,CMP_1006,LinkedIn_Sponsored,B2B_Social,High-Value Acquisition,13131,220,19477.67,12,6,43328.82,88.53,1.68,3246.28,2.22
2025-08-04,CMP_1006,LinkedIn_Sponsored,B2B_Social,High-Value Acquisition,10139,166,15740.65,9,4,23723.93,94.82,1.64,3935.16,1.51
2025-08-05,CMP_1006,LinkedIn_Sponsored,B2B_Social,High-Value Acquisition,11710,165,14631.26,9,4,30222.34,88.67,1.41,3657.82,2.07
2025-08-06,CMP_1006,LinkedIn_Sponsored,B2B_Social,High-Value Acquisition,13336,216,19418.45,12,6,44919.7,89.9,1.62,3236.41,2.31
2025-08-07,CMP_1006,LinkedIn_Sponsored,B2B_Social,High-Value Acquisition,6346,108,9832.64,6,2,10946.22,91.04,1.7,4916.32,1.11
2025-08-08,CMP_1006,LinkedIn_Sponsored,B2B_Social,High-Value Acquisition,10138,159,14843.01,9,4,29805.4,93.35,1.57,3710.75,2.01
2025-08-09,CMP_1006,LinkedIn_Sponsored,B2B_Social,High-Value Acquisition,13226,196,18373.4,11,5,33006.87,93.74,1.48,3674.68,1.8
2025-08-10,CMP_1006,LinkedIn_Sponsored,B2B_Social,High-Value Acquisition,11353,172,16292.05,11,5,27036.97,94.72,1.52,3258.41,1.66
2025-08-11,CMP_1006,LinkedIn_Sponsored,B2B_Social,High-Value Acquisition,12312,184,17549.56,11,5,32466.78,95.38,1.49,3509.91,1.85
2025-08-12,CMP_1006,LinkedIn_Sponsored,B2B_Social,High-Value Acquisition,8920,147,14708.57,8,3,18060.71,100.06,1.65,4902.86,1.23
2025-08-13,CMP_1006,LinkedIn_Sponsored,B2B_Social,High-Value Acquisition,9827,158,16131.98,9,4,28435.86,102.1,1.61,4033.0,1.76
2025-08-14,CMP_1006,LinkedIn_Sponsored,B2B_Social,High-Value Acquisition,9257,154,14906.68,9,4,24442.54,96.8,1.66,3726.67,1.64
2025-08-15,CMP_1006,LinkedIn_Sponsored,B2B_Social,High-Value Acquisition,10416,185,16460.62,11,5,34165.58,88.98,1.78,3292.12,2.08
2025-08-16,CMP_1006,LinkedIn_Sponsored,B2B_Social,High-Value Acquisition,9145,157,15541.85,9,4,21923.68,98.99,1.72,3885.46,1.41
2025-08-17,CMP_1006,LinkedIn_Sponsored,B2B_Social,High-Value Acquisition,14950,230,20471.98,13,7,49842.16,89.01,1.54,2924.57,2.43
2025-08-18,CMP_1006,LinkedIn_Sponsored,B2B_Social,High-Value Acquisition,11604,207,18700.79,12,5,32054.1,90.34,1.78,3740.16,1.71
2025-08-19,CMP_1006,LinkedIn_Sponsored,B2B_Social,High-Value Acquisition,11093,194,24350.41,10,5,29332.97,125.52,1.75,4870.08,1.2
2025-08-20,CMP_1006,LinkedIn_Sponsored,B2B_Social,High-Value Acquisition,11335,195,18817.55,12,5,32775.63,96.5,1.72,3763.51,1.74
2025-08-21,CMP_1006,LinkedIn_Sponsored,B2B_Social,High-Value Acquisition,11505,206,21091.32,11,6,38553.39,102.39,1.79,3515.22,1.83
2025-08-22,CMP_1006,LinkedIn_Sponsored,B2B_Social,High-Value Acquisition,15912,255,22548.35,16,6,37474.81,88.42,1.6,3758.06,1.66
2025-08-23,CMP_1006,LinkedIn_Sponsored,B2B_Social,High-Value Acquisition,9538,150,15277.34,8,4,25894.48,101.85,1.57,3819.34,1.69
2025-08-24,CMP_1006,LinkedIn_Sponsored,B2B_Social,High-Value Acquisition,14344,247,23362.28,15,6,40875.98,94.58,1.72,3893.71,1.75
2025-08-25,CMP_1006,LinkedIn_Sponsored,B2B_Social,High-Value Acquisition,12266,199,19563.69,11,5,29502.04,98.31,1.62,3912.74,1.51
2025-08-26,CMP_1006,LinkedIn_Sponsored,B2B_Social,High-Value Acquisition,13956,237,20866.17,13,6,38965.94,88.04,1.7,3477.7,1.87
2025-08-27,CMP_1006,LinkedIn_Sponsored,B2B_Social,High-Value Acquisition,9040,158,14407.4,8,4,29125.54,91.19,1.75,3601.85,2.02
2025-08-28,CMP_1006,LinkedIn_Sponsored,B2B_Social,High-Value Acquisition,8515,143,13482.76,9,4,24161.1,94.29,1.68,3370.69,1.79
2025-08-29,CMP_1006,LinkedIn_Sponsored,B2B_Social,High-Value Acquisition,14190,200,20519.83,11,5,28451.42,102.6,1.41,4103.97,1.39
2025-08-30,CMP_1006,LinkedIn_Sponsored,B2B_Social,High-Value Acquisition,13606,204,24665.62,12,6,43182.83,120.91,1.5,4110.94,1.75
2025-08-31,CMP_1006,LinkedIn_Sponsored,B2B_Social,High-Value Acquisition,11035,197,18240.5,12,5,26440.37,92.59,1.79,3648.1,1.45
2025-09-01,CMP_1006,LinkedIn_Sponsored,B2B_Social,High-Value Acquisition,13525,217,19584.11,12,6,36264.09,90.25,1.6,3264.02,1.85
2025-09-02,CMP_1006,LinkedIn_Sponsored,B2B_Social,High-Value Acquisition,8752,155,15694.69,8,4,21049.43,101.26,1.77,3923.67,1.34
2025-09-03,CMP_1006,LinkedIn_Sponsored,B2B_Social,High-Value Acquisition,14065,204,18120.92,12,6,41389.45,88.83,1.45,3020.15,2.28
2025-09-04,CMP_1006,LinkedIn_Sponsored,B2B_Social,High-Value Acquisition,13236,205,20684.79,11,6,31464.24,100.9,1.55,3447.46,1.52
2025-09-05,CMP_1006,LinkedIn_Sponsored,B2B_Social,High-Value Acquisition,11957,200,17555.33,13,6,33575.84,87.78,1.67,2925.89,1.91
2025-09-06,CMP_1006,LinkedIn_Sponsored,B2B_Social,High-Value Acquisition,14521,236,21315.78,14,6,33871.27,90.32,1.63,3552.63,1.59
2025-09-07,CMP_1006,LinkedIn_Sponsored,B2B_Social,High-Value Acquisition,12380,200,20155.05,12,6,39762.2,100.78,1.62,3359.18,1.97
2025-09-08,CMP_1006,LinkedIn_Sponsored,B2B_Social,High-Value Acquisition,10709,190,19174.65,12,5,26052.97,100.92,1.77,3834.93,1.36
2025-09-09,CMP_1006,LinkedIn_Sponsored,B2B_Social,High-Value Acquisition,11382,176,16239.92,10,4,21222.81,92.27,1.55,4059.98,1.31
2025-09-10,CMP_1006,LinkedIn_Sponsored,B2B_Social,High-Value Acquisition,9973,161,15746.5,9,4,28912.64,97.8,1.61,3936.62,1.84
2025-09-11,CMP_1006,LinkedIn_Sponsored,B2B_Social,High-Value Acquisition,13407,232,23722.47,14,6,33812.82,102.25,1.73,3953.75,1.43
2025-09-12,CMP_1006,LinkedIn_Sponsored,B2B_Social,High-Value Acquisition,8796,157,15067.91,9,4,24796.62,95.97,1.78,3766.98,1.65
2025-09-13,CMP_1006,LinkedIn_Sponsored,B2B_Social,High-Value Acquisition,15417,219,20097.04,14,5,35759.75,91.77,1.42,4019.41,1.78
2025-09-14,CMP_1006,LinkedIn_Sponsored,B2B_Social,High-Value Acquisition,13354,198,18232.76,13,5,33370.84,92.08,1.48,3646.55,1.83
2025-09-15,CMP_1006,LinkedIn_Sponsored,B2B_Social,High-Value Acquisition,12657,211,21398.78,12,6,33871.45,101.42,1.67,3566.46,1.58
2025-09-16,CMP_1006,LinkedIn_Sponsored,B2B_Social,High-Value Acquisition,11505,204,24181.27,12,6,40811.5,118.54,1.77,4030.21,1.69
2025-09-17,CMP_1006,LinkedIn_Sponsored,B2B_Social,High-Value Acquisition,9835,165,15675.59,9,4,24166.02,95.0,1.68,3918.9,1.54
2025-09-18,CMP_1006,LinkedIn_Sponsored,B2B_Social,High-Value Acquisition,9552,160,16402.18,9,4,24294.83,102.51,1.68,4100.54,1.48
2025-09-19,CMP_1006,LinkedIn_Sponsored,B2B_Social,High-Value Acquisition,12009,183,16647.78,10,5,34731.95,90.97,1.52,3329.56,2.09
2025-09-20,CMP_1006,LinkedIn_Sponsored,B2B_Social,High-Value Acquisition,9121,142,13794.88,9,4,22508.28,97.15,1.56,3448.72,1.63
2025-09-21,CMP_1006,LinkedIn_Sponsored,B2B_Social,High-Value Acquisition,14407,227,20223.34,14,6,36072.39,89.09,1.58,3370.56,1.78
2025-09-22,CMP_1006,LinkedIn_Sponsored,B2B_Social,High-Value Acquisition,7882,140,13425.05,8,4,21232.94,95.89,1.78,3356.26,1.58
2025-09-23,CMP_1006,LinkedIn_Sponsored,B2B_Social,High-Value Acquisition,14471,205,18262.07,11,5,34618.89,89.08,1.42,3652.41,1.9
2025-09-24,CMP_1006,LinkedIn_Sponsored,B2B_Social,High-Value Acquisition,10452,174,15807.56,10,4,24841.91,90.85,1.66,3951.89,1.57
2025-09-25,CMP_1006,LinkedIn_Sponsored,B2B_Social,High-Value Acquisition,10373,175,15677.19,11,5,34772.0,89.58,1.69,3135.44,2.22
2025-09-26,CMP_1006,LinkedIn_Sponsored,B2B_Social,High-Value Acquisition,11597,175,17329.0,9,4,24241.56,99.02,1.51,4332.25,1.4
2025-09-27,CMP_1006,LinkedIn_Sponsored,B2B_Social,High-Value Acquisition,12997,190,19284.57,11,5,32662.31,101.5,1.46,3856.91,1.69
2025-09-28,CMP_1006,LinkedIn_Sponsored,B2B_Social,High-Value Acquisition,14179,217,19360.1,12,5,28318.45,89.22,1.53,3872.02,1.46
2025-09-29,CMP_1006,LinkedIn_Sponsored,B2B_Social,High-Value Acquisition,15558,245,23434.67,14,7,40173.09,95.65,1.57,3347.81,1.71
2025-09-30,CMP_1006,LinkedIn_Sponsored,B2B_Social,High-Value Acquisition,11772,200,19737.23,12,5,31769.43,98.69,1.7,3947.45,1.61
2025-10-01,CMP_1006,LinkedIn_Sponsored,B2B_Social,High-Value Acquisition,11821,205,24110.09,11,6,45237.69,117.61,1.73,4018.35,1.88
2025-10-02,CMP_1006,LinkedIn_Sponsored,B2B_Social,High-Value Acquisition,11042,191,24064.23,11,4,26377.87,125.99,1.73,6016.06,1.1
2025-10-03,CMP_1006,LinkedIn_Sponsored,B2B_Social,High-Value Acquisition,12912,207,27764.99,12,5,26068.75,134.13,1.6,5553.0,0.94
2025-10-04,CMP_1006,LinkedIn_Sponsored,B2B_Social,High-Value Acquisition,12890,209,24880.99,13,5,37227.57,119.05,1.62,4976.2,1.5
2025-10-05,CMP_1006,LinkedIn_Sponsored,B2B_Social,High-Value Acquisition,13533,235,27468.87,14,6,33999.25,116.89,1.74,4578.14,1.24
2025-10-06,CMP_1006,LinkedIn_Sponsored,B2B_Social,High-Value Acquisition,14010,199,25492.58,12,5,34150.55,128.1,1.42,5098.52,1.34
2025-10-07,CMP_1006,LinkedIn_Sponsored,B2B_Social,High-Value Acquisition,13725,245,23032.51,15,7,43932.63,94.01,1.79,3290.36,1.91
2025-10-08,CMP_1006,LinkedIn_Sponsored,B2B_Social,High-Value Acquisition,14813,232,27383.16,14,5,29320.54,118.03,1.57,5476.63,1.07
2025-10-09,CMP_1006,LinkedIn_Sponsored,B2B_Social,High-Value Acquisition,13686,194,24038.95,12,5,28910.0,123.91,1.42,4807.79,1.2
2025-10-10,CMP_1006,LinkedIn_Sponsored,B2B_Social,High-Value Acquisition,12903,230,22550.63,15,6,32685.66,98.05,1.78,3758.44,1.45
2025-10-11,CMP_1006,LinkedIn_Sponsored,B2B_Social,High-Value Acquisition,12358,206,25666.94,12,5,33118.52,124.6,1.67,5133.39,1.29
2025-10-12,CMP_1006,LinkedIn_Sponsored,B2B_Social,High-Value Acquisition,13685,231,21920.34,14,6,35522.61,94.89,1.69,3653.39,1.62
2025-10-13,CMP_1006,LinkedIn_Sponsored,B2B_Social,High-Value Acquisition,16221,250,22240.19,13,6,42180.56,88.96,1.54,3706.7,1.9
2025-10-14,CMP_1006,LinkedIn_Sponsored,B2B_Social,High-Value Acquisition,14117,235,21762.93,15,6,45293.35,92.61,1.66,3627.16,2.08
2025-10-15,CMP_1006,LinkedIn_Sponsored,B2B_Social,High-Value Acquisition,15437,253,22808.91,16,6,39136.27,90.15,1.64,3801.48,1.72
2025-10-16,CMP_1006,LinkedIn_Sponsored,B2B_Social,High-Value Acquisition,13887,218,21440.53,14,6,32161.81,98.35,1.57,3573.42,1.5
2025-10-17,CMP_1006,LinkedIn_Sponsored,B2B_Social,High-Value Acquisition,11884,211,20286.98,13,5,29578.13,96.15,1.78,4057.4,1.46
2025-10-18,CMP_1006,LinkedIn_Sponsored,B2B_Social,High-Value Acquisition,13953,225,26136.51,12,6,31231.59,116.16,1.61,4356.08,1.19
2025-10-19,CMP_1006,LinkedIn_Sponsored,B2B_Social,High-Value Acquisition,12149,205,21036.32,12,5,32335.64,102.62,1.69,4207.26,1.54
2025-10-20,CMP_1006,LinkedIn_Sponsored,B2B_Social,High-Value Acquisition,15179,245,22247.27,16,7,47274.6,90.81,1.61,3178.18,2.12
2025-10-21,CMP_1006,LinkedIn_Sponsored,B2B_Social,High-Value Acquisition,12711,204,26633.21,12,5,28293.47,130.55,1.6,5326.64,1.06
2025-10-22,CMP_1006,LinkedIn_Sponsored,B2B_Social,High-Value Acquisition,12687,203,24524.06,11,5,31880.7,120.81,1.6,4904.81,1.3
2025-10-23,CMP_1006,LinkedIn_Sponsored,B2B_Social,High-Value Acquisition,13197,203,24796.47,12,5,34077.75,122.15,1.54,4959.29,1.37
2025-10-24,CMP_1006,LinkedIn_Sponsored,B2B_Social,High-Value Acquisition,14898,238,27198.42,14,6,45325.96,114.28,1.6,4533.07,1.67
2025-10-25,CMP_1006,LinkedIn_Sponsored,B2B_Social,High-Value Acquisition,13625,237,22610.76,14,6,43790.42,95.4,1.74,3768.46,1.94
2025-10-26,CMP_1006,LinkedIn_Sponsored,B2B_Social,High-Value Acquisition,14883,232,21460.31,13,6,31863.37,92.5,1.56,3576.72,1.48
2025-10-27,CMP_1006,LinkedIn_Sponsored,B2B_Social,High-Value Acquisition,13963,220,27592.45,13,5,31281.97,125.42,1.58,5518.49,1.13
2025-10-28,CMP_1006,LinkedIn_Sponsored,B2B_Social,High-Value Acquisition,12428,218,20784.2,12,6,40674.62,95.34,1.75,3464.03,1.96
2025-10-29,CMP_1006,LinkedIn_Sponsored,B2B_Social,High-Value Acquisition,16275,253,23137.53,15,6,35886.85,91.45,1.55,3856.25,1.55
2025-10-30,CMP_1006,LinkedIn_Sponsored,B2B_Social,High-Value Acquisition,14479,213,26437.51,14,6,38210.59,124.12,1.47,4406.25,1.45
2025-10-31,CMP_1006,LinkedIn_Sponsored,B2B_Social,High-Value Acquisition,15919,262,22984.72,16,7,51825.08,87.73,1.65,3283.53,2.25
2025-11-01,CMP_1006,LinkedIn_Sponsored,B2B_Social,High-Value Acquisition,12109,200,26134.8,12,5,27977.16,130.67,1.65,5226.96,1.07
2025-11-02,CMP_1006,LinkedIn_Sponsored,B2B_Social,High-Value Acquisition,15853,242,22861.43,15,6,40420.15,94.47,1.53,3810.24,1.77
2025-11-03,CMP_1006,LinkedIn_Sponsored,B2B_Social,High-Value Acquisition,16963,243,29187.96,14,6,44269.51,120.12,1.43,4864.66,1.52
2025-11-04,CMP_1006,LinkedIn_Sponsored,B2B_Social,High-Value Acquisition,16870,238,21034.1,16,6,36579.09,88.38,1.41,3505.68,1.74
2025-11-05,CMP_1006,LinkedIn_Sponsored,B2B_Social,High-Value Acquisition,16221,245,32704.12,14,7,51541.86,133.49,1.51,4672.02,1.58
2025-11-06,CMP_1006,LinkedIn_Sponsored,B2B_Social,High-Value Acquisition,15162,226,25496.14,12,5,37237.79,112.81,1.49,5099.23,1.46
2025-11-07,CMP_1006,LinkedIn_Sponsored,B2B_Social,High-Value Acquisition,17039,245,23189.93,16,7,49346.24,94.65,1.44,3312.85,2.13
2025-11-08,CMP_1006,LinkedIn_Sponsored,B2B_Social,High-Value Acquisition,11785,202,25798.68,12,5,29222.47,127.72,1.71,5159.74,1.13
2025-11-09,CMP_1006,LinkedIn_Sponsored,B2B_Social,High-Value Acquisition,15592,226,26953.33,15,6,38858.9,119.26,1.45,4492.22,1.44
2025-11-10,CMP_1006,LinkedIn_Sponsored,B2B_Social,High-Value Acquisition,12829,219,25686.46,14,6,36766.59,117.29,1.71,4281.08,1.43
2025-11-11,CMP_1006,LinkedIn_Sponsored,B2B_Social,High-Value Acquisition,13761,242,23972.42,15,6,44259.46,99.06,1.76,3995.4,1.85
2025-11-12,CMP_1006,LinkedIn_Sponsored,B2B_Social,High-Value Acquisition,14456,214,28144.15,13,6,44333.4,131.51,1.48,4690.69,1.58
2025-11-13,CMP_1006,LinkedIn_Sponsored,B2B_Social,High-Value Acquisition,13124,206,18630.89,13,5,27383.34,90.44,1.57,3726.18,1.47
2025-11-14,CMP_1006,LinkedIn_Sponsored,B2B_Social,High-Value Acquisition,13487,220,28199.61,13,6,34662.92,128.18,1.63,4699.94,1.23
2025-11-15,CMP_1006,LinkedIn_Sponsored,B2B_Social,High-Value Acquisition,16011,235,22157.87,14,6,36115.47,94.29,1.47,3692.98,1.63
2025-11-16,CMP_1006,LinkedIn_Sponsored,B2B_Social,High-Value Acquisition,15436,258,22918.82,15,7,48317.9,88.83,1.67,3274.12,2.11
2025-11-17,CMP_1006,LinkedIn_Sponsored,B2B_Social,High-Value Acquisition,13557,223,24216.09,12,6,45775.26,108.59,1.64,4036.02,1.89
2025-11-18,CMP_1006,LinkedIn_Sponsored,B2B_Social,High-Value Acquisition,15545,245,30190.66,16,6,35112.19,123.23,1.58,5031.78,1.16
2025-11-19,CMP_1006,LinkedIn_Sponsored,B2B_Social,High-Value Acquisition,12667,213,25305.48,12,6,32599.39,118.81,1.68,4217.58,1.29
2025-11-20,CMP_1006,LinkedIn_Sponsored,B2B_Social,High-Value Acquisition,14336,238,28602.0,13,6,32989.48,120.18,1.66,4767.0,1.15
2025-11-21,CMP_1006,LinkedIn_Sponsored,B2B_Social,High-Value Acquisition,13149,213,21640.08,13,5,33264.14,101.6,1.62,4328.02,1.54
2025-11-22,CMP_1006,LinkedIn_Sponsored,B2B_Social,High-Value Acquisition,12318,208,26332.91,11,5,31725.98,126.6,1.69,5266.58,1.2
2025-11-23,CMP_1006,LinkedIn_Sponsored,B2B_Social,High-Value Acquisition,12808,193,24276.98,11,5,28988.85,125.79,1.51,4855.4,1.19
2025-11-24,CMP_1006,LinkedIn_Sponsored,B2B_Social,High-Value Acquisition,13981,212,27608.08,13,5,37212.68,130.23,1.52,5521.62,1.35
2025-11-25,CMP_1006,LinkedIn_Sponsored,B2B_Social,High-Value Acquisition,13596,212,24833.49,12,5,29091.53,117.14,1.56,4966.7,1.17
2025-11-26,CMP_1006,LinkedIn_Sponsored,B2B_Social,High-Value Acquisition,13968,213,27934.28,13,6,31985.67,131.15,1.52,4655.71,1.15
2025-11-27,CMP_1006,LinkedIn_Sponsored,B2B_Social,High-Value Acquisition,15078,225,22783.66,14,6,39333.59,101.26,1.49,3797.28,1.73
2025-11-28,CMP_1006,LinkedIn_Sponsored,B2B_Social,High-Value Acquisition,13681,204,25863.65,13,5,28322.31,126.78,1.49,5172.73,1.1
2025-11-29,CMP_1006,LinkedIn_Sponsored,B2B_Social,High-Value Acquisition,12613,182,18047.01,11,4,24298.04,99.16,1.44,4511.75,1.35
2025-11-30,CMP_1006,LinkedIn_Sponsored,B2B_Social,High-Value Acquisition,14433,227,27824.29,13,6,45213.41,122.57,1.57,4637.38,1.62
2025-12-01,CMP_1006,LinkedIn_Sponsored,B2B_Social,High-Value Acquisition,14209,208,27048.04,11,6,38948.9,130.04,1.46,4508.01,1.44
2025-12-02,CMP_1006,LinkedIn_Sponsored,B2B_Social,High-Value Acquisition,13621,217,25182.43,14,6,33470.21,116.05,1.59,4197.07,1.33
2025-12-03,CMP_1006,LinkedIn_Sponsored,B2B_Social,High-Value Acquisition,16011,238,21304.18,15,6,31526.16,89.51,1.49,3550.7,1.48
2025-12-04,CMP_1006,LinkedIn_Sponsored,B2B_Social,High-Value Acquisition,10941,191,19394.84,11,5,32803.31,101.54,1.75,3878.97,1.69
2025-12-05,CMP_1006,LinkedIn_Sponsored,B2B_Social,High-Value Acquisition,12464,178,16265.99,11,4,22750.74,91.38,1.43,4066.5,1.4
2025-12-06,CMP_1006,LinkedIn_Sponsored,B2B_Social,High-Value Acquisition,13790,202,17746.76,12,5,28805.84,87.86,1.46,3549.35,1.62
2025-12-07,CMP_1006,LinkedIn_Sponsored,B2B_Social,High-Value Acquisition,7213,117,11002.3,7,3,16586.85,94.04,1.62,3667.43,1.51
2025-12-08,CMP_1006,LinkedIn_Sponsored,B2B_Social,High-Value Acquisition,14512,228,25734.54,12,5,31921.35,112.87,1.57,5146.91,1.24
2025-12-09,CMP_1006,LinkedIn_Sponsored,B2B_Social,High-Value Acquisition,12813,222,20481.09,13,6,37203.75,92.26,1.73,3413.52,1.82
2025-12-10,CMP_1006,LinkedIn_Sponsored,B2B_Social,High-Value Acquisition,10439,187,18957.78,10,4,22213.91,101.38,1.79,4739.44,1.17
2025-12-11,CMP_1006,LinkedIn_Sponsored,B2B_Social,High-Value Acquisition,12755,212,20689.56,13,6,37817.04,97.59,1.66,3448.26,1.83
2025-12-12,CMP_1006,LinkedIn_Sponsored,B2B_Social,High-Value Acquisition,13265,211,25369.25,13,5,33891.85,120.23,1.59,5073.85,1.34
2025-12-13,CMP_1006,LinkedIn_Sponsored,B2B_Social,High-Value Acquisition,14369,242,23498.69,15,6,41226.23,97.1,1.68,3916.45,1.75
2025-12-14,CMP_1006,LinkedIn_Sponsored,B2B_Social,High-Value Acquisition,11213,182,15983.31,11,5,30434.49,87.82,1.62,3196.66,1.9
2025-12-15,CMP_1006,LinkedIn_Sponsored,B2B_Social,High-Value Acquisition,14204,211,19777.62,11,6,34879.32,93.73,1.49,3296.27,1.76
2025-12-16,CMP_1006,LinkedIn_Sponsored,B2B_Social,High-Value Acquisition,12209,213,25441.02,12,5,36977.23,119.44,1.74,5088.2,1.45
2025-12-17,CMP_1006,LinkedIn_Sponsored,B2B_Social,High-Value Acquisition,15839,233,23449.7,12,5,29517.34,100.64,1.47,4689.94,1.26
2025-12-18,CMP_1006,LinkedIn_Sponsored,B2B_Social,High-Value Acquisition,12805,224,20864.08,13,6,45036.63,93.14,1.75,3477.35,2.16
2025-12-19,CMP_1006,LinkedIn_Sponsored,B2B_Social,High-Value Acquisition,12644,219,22024.26,13,6,33846.34,100.57,1.73,3670.71,1.54
2025-12-20,CMP_1006,LinkedIn_Sponsored,B2B_Social,High-Value Acquisition,13659,234,21570.26,14,5,35349.36,92.18,1.71,4314.05,1.64
2025-12-21,CMP_1006,LinkedIn_Sponsored,B2B_Social,High-Value Acquisition,13995,231,20831.7,13,7,41412.98,90.18,1.65,2975.96,1.99
2025-12-22,CMP_1006,LinkedIn_Sponsored,B2B_Social,High-Value Acquisition,11240,189,19320.78,12,5,31820.67,102.23,1.68,3864.16,1.65
2025-12-23,CMP_1006,LinkedIn_Sponsored,B2B_Social,High-Value Acquisition,13555,220,19682.74,12,6,42912.18,89.47,1.62,3280.46,2.18
2025-12-24,CMP_1006,LinkedIn_Sponsored,B2B_Social,High-Value Acquisition,11959,174,17354.26,10,4,26261.07,99.74,1.45,4338.56,1.51
2025-12-25,CMP_1006,LinkedIn_Sponsored,B2B_Social,High-Value Acquisition,13017,199,19865.07,11,5,35166.87,99.82,1.53,3973.01,1.77
2025-12-26,CMP_1006,LinkedIn_Sponsored,B2B_Social,High-Value Acquisition,10313,183,18632.17,12,5,28313.37,101.82,1.77,3726.43,1.52
2025-12-27,CMP_1006,LinkedIn_Sponsored,B2B_Social,High-Value Acquisition,13323,205,18645.01,12,6,42801.92,90.95,1.54,3107.5,2.3
2025-12-28,CMP_1006,LinkedIn_Sponsored,B2B_Social,High-Value Acquisition,10371,179,18212.04,10,5,29342.31,101.74,1.73,3642.41,1.61
2025-12-29,CMP_1006,LinkedIn_Sponsored,B2B_Social,High-Value Acquisition,15238,253,22474.71,16,6,35895.3,88.83,1.66,3745.78,1.6
2025-12-30,CMP_1006,LinkedIn_Sponsored,B2B_Social,High-Value Acquisition,13471,204,18106.71,11,5,28369.31,88.76,1.51,3621.34,1.57
2025-12-31,CMP_1006,LinkedIn_Sponsored,B2B_Social,High-Value Acquisition,15384,236,22778.33,15,6,38036.44,96.52,1.53,3796.39,1.67
2025-01-01,CMP_1007,Affiliate_Partner_Network,Affiliate,Performance CPA,27174,939,13956.72,83,35,94744.4,14.86,3.46,398.76,6.79
2025-01-02,CMP_1007,Affiliate_Partner_Network,Affiliate,Performance CPA,24024,791,12850.88,62,30,107927.82,16.25,3.29,428.36,8.4
2025-01-03,CMP_1007,Affiliate_Partner_Network,Affiliate,Performance CPA,28199,966,16410.49,79,37,132044.39,16.99,3.43,443.53,8.05
2025-01-04,CMP_1007,Affiliate_Partner_Network,Affiliate,Performance CPA,30616,1062,17534.08,80,39,114854.15,16.51,3.47,449.59,6.55
2025-01-05,CMP_1007,Affiliate_Partner_Network,Affiliate,Performance CPA,26907,751,12422.26,65,29,84331.54,16.54,2.79,428.35,6.79
2025-01-06,CMP_1007,Affiliate_Partner_Network,Affiliate,Performance CPA,23311,745,11449.23,65,30,109320.56,15.37,3.2,381.64,9.55
2025-01-07,CMP_1007,Affiliate_Partner_Network,Affiliate,Performance CPA,25168,838,14290.03,75,28,105931.43,17.05,3.33,510.36,7.41
2025-01-08,CMP_1007,Affiliate_Partner_Network,Affiliate,Performance CPA,29561,982,15656.68,75,36,105597.64,15.94,3.32,434.91,6.74
2025-01-09,CMP_1007,Affiliate_Partner_Network,Affiliate,Performance CPA,25339,693,11630.46,55,24,79727.61,16.78,2.73,484.6,6.86
2025-01-10,CMP_1007,Affiliate_Partner_Network,Affiliate,Performance CPA,28246,825,12689.63,68,32,87983.26,15.38,2.92,396.55,6.93
2025-01-11,CMP_1007,Affiliate_Partner_Network,Affiliate,Performance CPA,25930,784,13499.42,66,28,89637.03,17.22,3.02,482.12,6.64
2025-01-12,CMP_1007,Affiliate_Partner_Network,Affiliate,Performance CPA,31555,869,12960.7,72,32,88593.33,14.91,2.75,405.02,6.84
2025-01-13,CMP_1007,Affiliate_Partner_Network,Affiliate,Performance CPA,34213,1145,19688.66,95,45,124102.68,17.2,3.35,437.53,6.3
2025-01-14,CMP_1007,Affiliate_Partner_Network,Affiliate,Performance CPA,19621,576,9234.14,44,21,57988.6,16.03,2.94,439.72,6.28
2025-01-15,CMP_1007,Affiliate_Partner_Network,Affiliate,Performance CPA,27565,782,12575.44,60,30,114199.56,16.08,2.84,419.18,9.08
2025-01-16,CMP_1007,Affiliate_Partner_Network,Affiliate,Performance CPA,46521,1368,20477.73,122,47,172634.95,14.97,2.94,435.7,8.43
2025-01-17,CMP_1007,Affiliate_Partner_Network,Affiliate,Performance CPA,11529,340,5276.64,27,13,45330.03,15.52,2.95,405.9,8.59
2025-01-18,CMP_1007,Affiliate_Partner_Network,Affiliate,Performance CPA,32417,1077,17709.47,85,41,129728.96,16.44,3.32,431.94,7.33
2025-01-19,CMP_1007,Affiliate_Partner_Network,Affiliate,Performance CPA,23401,792,12974.65,64,27,87281.45,16.38,3.38,480.54,6.73
2025-01-20,CMP_1007,Affiliate_Partner_Network,Affiliate,Performance CPA,34911,1127,17591.31,102,42,133207.91,15.61,3.23,418.84,7.57
2025-01-21,CMP_1007,Affiliate_Partner_Network,Affiliate,Performance CPA,21689,740,11381.68,63,25,71286.54,15.38,3.41,455.27,6.26
2025-01-22,CMP_1007,Affiliate_Partner_Network,Affiliate,Performance CPA,27663,912,15020.81,81,33,123439.11,16.47,3.3,455.18,8.22
2025-01-23,CMP_1007,Affiliate_Partner_Network,Affiliate,Performance CPA,44549,1256,20407.6,114,44,128170.92,16.25,2.82,463.81,6.28
2025-01-24,CMP_1007,Affiliate_Partner_Network,Affiliate,Performance CPA,29326,935,15726.18,83,35,107185.39,16.82,3.19,449.32,6.82
2025-01-25,CMP_1007,Affiliate_Partner_Network,Affiliate,Performance CPA,29206,827,13978.9,70,33,104960.21,16.9,2.83,423.6,7.51
2025-01-26,CMP_1007,Affiliate_Partner_Network,Affiliate,Performance CPA,31232,1039,17280.13,90,42,132212.85,16.63,3.33,411.43,7.65
2025-01-27,CMP_1007,Affiliate_Partner_Network,Affiliate,Performance CPA,25753,738,11918.64,56,25,90471.03,16.15,2.87,476.75,7.59
2025-01-28,CMP_1007,Affiliate_Partner_Network,Affiliate,Performance CPA,25747,771,12521.01,69,26,98823.77,16.24,2.99,481.58,7.89
2025-01-29,CMP_1007,Affiliate_Partner_Network,Affiliate,Performance CPA,18204,600,9876.37,49,24,66851.92,16.46,3.3,411.52,6.77
2025-01-30,CMP_1007,Affiliate_Partner_Network,Affiliate,Performance CPA,35924,1005,15514.98,79,36,134070.59,15.44,2.8,430.97,8.64
2025-01-31,CMP_1007,Affiliate_Partner_Network,Affiliate,Performance CPA,24759,841,13532.3,77,33,125045.19,16.09,3.4,410.07,9.24
2025-02-01,CMP_1007,Affiliate_Partner_Network,Affiliate,Performance CPA,21976,757,12681.57,65,26,80416.71,16.75,3.44,487.75,6.34
2025-02-02,CMP_1007,Affiliate_Partner_Network,Affiliate,Performance CPA,22042,696,10738.3,63,23,81478.4,15.43,3.16,466.88,7.59
2025-02-03,CMP_1007,Affiliate_Partner_Network,Affiliate,Performance CPA,32538,1121,18577.87,101,44,142471.13,16.57,3.45,422.22,7.67
2025-02-04,CMP_1007,Affiliate_Partner_Network,Affiliate,Performance CPA,26043,884,14758.52,78,31,103385.5,16.7,3.39,476.08,7.01
2025-02-05,CMP_1007,Affiliate_Partner_Network,Affiliate,Performance CPA,21207,580,9041.12,45,20,72649.76,15.59,2.73,452.06,8.04
2025-02-06,CMP_1007,Affiliate_Partner_Network,Affiliate,Performance CPA,21129,636,10926.57,47,23,63181.52,17.18,3.01,475.07,5.78
2025-02-07,CMP_1007,Affiliate_Partner_Network,Affiliate,Performance CPA,25272,704,10552.69,59,25,76079.03,14.99,2.79,422.11,7.21
2025-02-08,CMP_1007,Affiliate_Partner_Network,Affiliate,Performance CPA,27626,856,14613.62,70,34,91479.25,17.07,3.1,429.81,6.26
2025-02-09,CMP_1007,Affiliate_Partner_Network,Affiliate,Performance CPA,39868,1281,19162.57,106,51,189848.29,14.96,3.21,375.74,9.91
2025-02-10,CMP_1007,Affiliate_Partner_Network,Affiliate,Performance CPA,34409,1190,19055.2,106,48,139790.99,16.01,3.46,396.98,7.34
2025-02-11,CMP_1007,Affiliate_Partner_Network,Affiliate,Performance CPA,16646,487,8146.58,38,20,52492.57,16.73,2.93,407.33,6.44
2025-02-12,CMP_1007,Affiliate_Partner_Network,Affiliate,Performance CPA,26581,768,11998.25,65,28,95358.17,15.62,2.89,428.51,7.95
2025-02-13,CMP_1007,Affiliate_Partner_Network,Affiliate,Performance CPA,41103,1141,16853.63,87,42,151129.04,14.77,2.78,401.28,8.97
2025-02-14,CMP_1007,Affiliate_Partner_Network,Affiliate,Performance CPA,24244,800,12957.18,64,29,94027.99,16.2,3.3,446.8,7.26
2025-02-15,CMP_1007,Affiliate_Partner_Network,Affiliate,Performance CPA,41021,1127,16986.28,87,43,115717.68,15.07,2.75,395.03,6.81
2025-02-16,CMP_1007,Affiliate_Partner_Network,Affiliate,Performance CPA,31421,902,13464.77,81,30,102024.02,14.93,2.87,448.83,7.58
2025-02-17,CMP_1007,Affiliate_Partner_Network,Affiliate,Performance CPA,20288,655,10296.49,55,23,83673.64,15.72,3.23,447.67,8.13
2025-02-18,CMP_1007,Affiliate_Partner_Network,Affiliate,Performance CPA,34155,1182,18631.69,104,49,158296.24,15.76,3.46,380.24,8.5
2025-02-19,CMP_1007,Affiliate_Partner_Network,Affiliate,Performance CPA,26473,871,13884.26,78,36,107937.06,15.94,3.29,385.67,7.77
2025-02-20,CMP_1007,Affiliate_Partner_Network,Affiliate,Performance CPA,25787,738,11909.52,59,30,83394.45,16.14,2.86,396.98,7.0
2025-02-21,CMP_1007,Affiliate_Partner_Network,Affiliate,Performance CPA,31175,988,16158.03,76,36,118443.22,16.35,3.17,448.83,7.33
2025-02-22,CMP_1007,Affiliate_Partner_Network,Affiliate,Performance CPA,34663,1001,17227.07,78,37,130101.79,17.21,2.89,465.6,7.55
2025-02-23,CMP_1007,Affiliate_Partner_Network,Affiliate,Performance CPA,31865,874,13498.79,73,36,110877.22,15.44,2.74,374.97,8.21
2025-02-24,CMP_1007,Affiliate_Partner_Network,Affiliate,Performance CPA,28868,942,15541.73,79,39,134322.73,16.5,3.26,398.51,8.64
2025-02-25,CMP_1007,Affiliate_Partner_Network,Affiliate,Performance CPA,24843,807,13737.41,70,29,86201.28,17.02,3.25,473.7,6.27
2025-02-26,CMP_1007,Affiliate_Partner_Network,Affiliate,Performance CPA,24506,714,11545.63,63,25,90406.07,16.17,2.91,461.83,7.83
2025-02-27,CMP_1007,Affiliate_Partner_Network,Affiliate,Performance CPA,37320,1070,17416.49,90,38,113883.11,16.28,2.87,458.33,6.54
2025-02-28,CMP_1007,Affiliate_Partner_Network,Affiliate,Performance CPA,25513,702,12117.2,60,25,84792.91,17.26,2.75,484.69,7.0
2025-03-01,CMP_1007,Affiliate_Partner_Network,Affiliate,Performance CPA,29232,944,14759.84,82,37,101398.11,15.64,3.23,398.91,6.87
2025-03-02,CMP_1007,Affiliate_Partner_Network,Affiliate,Performance CPA,24303,738,10929.2,60,27,93520.03,14.81,3.04,404.79,8.56
2025-03-03,CMP_1007,Affiliate_Partner_Network,Affiliate,Performance CPA,37399,1108,17188.17,84,43,141728.82,15.51,2.96,399.72,8.25
2025-03-04,CMP_1007,Affiliate_Partner_Network,Affiliate,Performance CPA,37600,1157,18637.52,96,45,153397.94,16.11,3.08,414.17,8.23
2025-03-05,CMP_1007,Affiliate_Partner_Network,Affiliate,Performance CPA,24181,685,10596.83,53,26,95404.32,15.47,2.83,407.57,9.0
2025-03-06,CMP_1007,Affiliate_Partner_Network,Affiliate,Performance CPA,17655,591,9849.65,53,22,80399.7,16.67,3.35,447.71,8.16
2025-03-07,CMP_1007,Affiliate_Partner_Network,Affiliate,Performance CPA,31020,871,12863.4,66,34,91329.72,14.77,2.81,378.34,7.1
2025-03-08,CMP_1007,Affiliate_Partner_Network,Affiliate,Performance CPA,6843,231,3585.47,18,8,28388.69,15.52,3.38,448.18,7.92
2025-03-09,CMP_1007,Affiliate_Partner_Network,Affiliate,Performance CPA,28928,934,13826.22,83,38,139596.31,14.8,3.23,363.85,10.1
2025-03-10,CMP_1007,Affiliate_Partner_Network,Affiliate,Performance CPA,38769,1132,16888.95,86,41,150561.4,14.92,2.92,411.93,8.91
2025-03-11,CMP_1007,Affiliate_Partner_Network,Affiliate,Performance CPA,16179,509,7958.25,41,19,71967.37,15.64,3.15,418.86,9.04
2025-03-12,CMP_1007,Affiliate_Partner_Network,Affiliate,Performance CPA,39192,1087,17173.92,90,43,117040.57,15.8,2.77,399.39,6.82
2025-03-13,CMP_1007,Affiliate_Partner_Network,Affiliate,Performance CPA,21039,598,8918.58,52,23,75729.38,14.91,2.84,387.76,8.49
2025-03-14,CMP_1007,Affiliate_Partner_Network,Affiliate,Performance CPA,31451,1048,17484.34,93,40,126464.4,16.68,3.33,437.11,7.23
2025-03-15,CMP_1007,Affiliate_Partner_Network,Affiliate,Performance CPA,26105,892,15114.9,67,30,113235.05,16.94,3.42,503.83,7.49
2025-03-16,CMP_1007,Affiliate_Partner_Network,Affiliate,Performance CPA,39835,1122,17646.58,85,39,113367.9,15.73,2.82,452.48,6.42
2025-03-17,CMP_1007,Affiliate_Partner_Network,Affiliate,Performance CPA,24369,792,12659.17,72,29,93822.49,15.98,3.25,436.52,7.41
2025-03-18,CMP_1007,Affiliate_Partner_Network,Affiliate,Performance CPA,53537,1464,23501.86,110,51,138990.57,16.05,2.73,460.82,5.91
2025-03-19,CMP_1007,Affiliate_Partner_Network,Affiliate,Performance CPA,40444,1165,19256.58,105,48,182183.69,16.53,2.88,401.18,9.46
2025-03-20,CMP_1007,Affiliate_Partner_Network,Affiliate,Performance CPA,29840,853,13670.05,75,34,123861.24,16.03,2.86,402.06,9.06
2025-03-21,CMP_1007,Affiliate_Partner_Network,Affiliate,Performance CPA,28064,924,14635.11,71,31,109211.8,15.84,3.29,472.1,7.46
2025-03-22,CMP_1007,Affiliate_Partner_Network,Affiliate,Performance CPA,34785,1186,19940.54,95,49,136545.38,16.81,3.41,406.95,6.85
2025-03-23,CMP_1007,Affiliate_Partner_Network,Affiliate,Performance CPA,33189,1012,15122.18,90,38,137409.78,14.94,3.05,397.95,9.09
2025-03-24,CMP_1007,Affiliate_Partner_Network,Affiliate,Performance CPA,23077,640,10991.89,57,23,73903.17,17.17,2.77,477.91,6.72
2025-03-25,CMP_1007,Affiliate_Partner_Network,Affiliate,Performance CPA,36276,1036,16377.81,84,36,102620.05,15.81,2.86,454.94,6.27
2025-03-26,CMP_1007,Affiliate_Partner_Network,Affiliate,Performance CPA,26179,825,13832.05,74,32,110232.07,16.77,3.15,432.25,7.97
2025-03-27,CMP_1007,Affiliate_Partner_Network,Affiliate,Performance CPA,18286,560,9214.36,48,19,69415.71,16.45,3.06,484.97,7.53
2025-03-28,CMP_1007,Affiliate_Partner_Network,Affiliate,Performance CPA,25133,688,11485.31,54,23,81787.95,16.69,2.74,499.36,7.12
2025-03-29,CMP_1007,Affiliate_Partner_Network,Affiliate,Performance CPA,32669,1089,18142.13,82,41,142012.5,16.66,3.33,442.49,7.83
2025-03-30,CMP_1007,Affiliate_Partner_Network,Affiliate,Performance CPA,39470,1130,16891.55,94,44,122299.93,14.95,2.86,383.9,7.24
2025-03-31,CMP_1007,Affiliate_Partner_Network,Affiliate,Performance CPA,24131,695,10568.64,55,24,74031.9,15.21,2.88,440.36,7.0
2025-04-01,CMP_1007,Affiliate_Partner_Network,Affiliate,Performance CPA,20624,673,11251.39,52,23,84538.81,16.72,3.26,489.19,7.51
2025-04-02,CMP_1007,Affiliate_Partner_Network,Affiliate,Performance CPA,49148,1395,20821.37,105,54,178946.36,14.93,2.84,385.58,8.59
2025-04-03,CMP_1007,Affiliate_Partner_Network,Affiliate,Performance CPA,17702,503,7800.02,39,17,46591.5,15.51,2.84,458.82,5.97
2025-04-04,CMP_1007,Affiliate_Partner_Network,Affiliate,Performance CPA,21379,632,9695.41,57,24,91435.61,15.34,2.96,403.98,9.43
2025-04-05,CMP_1007,Affiliate_Partner_Network,Affiliate,Performance CPA,28875,827,12870.08,64,34,129501.11,15.56,2.86,378.53,10.06
2025-04-06,CMP_1007,Affiliate_Partner_Network,Affiliate,Performance CPA,18451,524,7785.58,43,18,54835.01,14.86,2.84,432.53,7.04
2025-04-07,CMP_1007,Affiliate_Partner_Network,Affiliate,Performance CPA,29399,879,13559.63,67,32,121744.23,15.43,2.99,423.74,8.98
2025-04-08,CMP_1007,Affiliate_Partner_Network,Affiliate,Performance CPA,19467,658,10244.18,58,27,96338.54,15.57,3.38,379.41,9.4
2025-04-09,CMP_1007,Affiliate_Partner_Network,Affiliate,Performance CPA,37463,1151,17173.74,105,46,173814.69,14.92,3.07,373.34,10.12
2025-04-10,CMP_1007,Affiliate_Partner_Network,Affiliate,Performance CPA,27286,922,15420.48,80,36,116689.32,16.73,3.38,428.35,7.57
2025-04-11,CMP_1007,Affiliate_Partner_Network,Affiliate,Performance CPA,36558,1007,15608.73,91,38,112705.23,15.5,2.75,410.76,7.22
2025-04-12,CMP_1007,Affiliate_Partner_Network,Affiliate,Performance CPA,36799,1231,18597.63,109,49,166138.48,15.11,3.35,379.54,8.93
2025-04-13,CMP_1007,Affiliate_Partner_Network,Affiliate,Performance CPA,21085,706,10412.6,54,27,86885.67,14.75,3.35,385.65,8.34
2025-04-14,CMP_1007,Affiliate_Partner_Network,Affiliate,Performance CPA,19283,659,10589.42,49,26,69282.52,16.07,3.42,407.29,6.54
2025-04-15,CMP_1007,Affiliate_Partner_Network,Affiliate,Performance CPA,27811,922,13725.84,77,31,82167.76,14.89,3.32,442.77,5.99
2025-04-16,CMP_1007,Affiliate_Partner_Network,Affiliate,Performance CPA,22477,748,12195.86,61,28,100239.76,16.3,3.33,435.57,8.22
2025-04-17,CMP_1007,Affiliate_Partner_Network,Affiliate,Performance CPA,17869,571,9305.59,49,22,83321.75,16.3,3.2,422.98,8.95
2025-04-18,CMP_1007,Affiliate_Partner_Network,Affiliate,Performance CPA,30358,1043,15884.76,87,40,108909.64,15.23,3.44,397.12,6.86
2025-04-19,CMP_1007,Affiliate_Partner_Network,Affiliate,Performance CPA,43983,1213,20053.37,102,42,160436.99,16.53,2.76,477.46,8.0
2025-04-20,CMP_1007,Affiliate_Partner_Network,Affiliate,Performance CPA,28538,783,13337.02,70,32,97079.78,17.03,2.74,416.78,7.28
2025-04-21,CMP_1007,Affiliate_Partner_Network,Affiliate,Performance CPA,25392,757,12413.59,61,28,77816.9,16.4,2.98,443.34,6.27
2025-04-22,CMP_1007,Affiliate_Partner_Network,Affiliate,Performance CPA,39733,1187,20014.54,97,48,154025.64,16.86,2.99,416.97,7.7
2025-04-23,CMP_1007,Affiliate_Partner_Network,Affiliate,Performance CPA,33075,944,16047.34,78,39,119214.28,17.0,2.85,411.47,7.43
2025-04-24,CMP_1007,Affiliate_Partner_Network,Affiliate,Performance CPA,31533,906,14198.47,69,36,127566.62,15.67,2.87,394.4,8.98
2025-04-25,CMP_1007,Affiliate_Partner_Network,Affiliate,Performance CPA,34385,993,16117.97,89,41,110990.88,16.23,2.89,393.12,6.89
2025-04-26,CMP_1007,Affiliate_Partner_Network,Affiliate,Performance CPA,28192,851,14419.01,71,35,132734.56,16.94,3.02,411.97,9.21
2025-04-27,CMP_1007,Affiliate_Partner_Network,Affiliate,Performance CPA,26573,836,12479.82,63,31,83415.48,14.93,3.15,402.57,6.68
2025-04-28,CMP_1007,Affiliate_Partner_Network,Affiliate,Performance CPA,26616,734,11581.31,65,26,78074.1,15.78,2.76,445.44,6.74
2025-04-29,CMP_1007,Affiliate_Partner_Network,Affiliate,Performance CPA,36059,1003,15330.24,87,37,130931.23,15.28,2.78,414.33,8.54
2025-04-30,CMP_1007,Affiliate_Partner_Network,Affiliate,Performance CPA,33764,1008,15998.86,83,40,148212.71,15.87,2.99,399.97,9.26
2025-05-01,CMP_1007,Affiliate_Partner_Network,Affiliate,Performance CPA,35592,1095,16220.38,98,40,149692.77,14.81,3.08,405.51,9.23
2025-05-02,CMP_1007,Affiliate_Partner_Network,Affiliate,Performance CPA,24773,848,13852.19,74,29,83633.95,16.34,3.42,477.66,6.04
2025-05-03,CMP_1007,Affiliate_Partner_Network,Affiliate,Performance CPA,24490,754,12062.81,68,28,99753.0,16.0,3.08,430.81,8.27
2025-05-04,CMP_1007,Affiliate_Partner_Network,Affiliate,Performance CPA,25558,864,14804.87,68,32,96852.27,17.14,3.38,462.65,6.54
2025-05-05,CMP_1007,Affiliate_Partner_Network,Affiliate,Performance CPA,19808,607,10221.74,50,25,66860.37,16.84,3.06,408.87,6.54
2025-05-06,CMP_1007,Affiliate_Partner_Network,Affiliate,Performance CPA,22488,743,11870.94,57,28,81034.94,15.98,3.3,423.96,6.83
2025-05-07,CMP_1007,Affiliate_Partner_Network,Affiliate,Performance CPA,29845,947,14740.23,74,34,105772.55,15.57,3.17,433.54,7.18
2025-05-08,CMP_1007,Affiliate_Partner_Network,Affiliate,Performance CPA,38960,1215,18989.45,103,46,156478.29,15.63,3.12,412.81,8.24
2025-05-09,CMP_1007,Affiliate_Partner_Network,Affiliate,Performance CPA,24100,810,13503.55,64,30,96337.46,16.67,3.36,450.12,7.13
2025-05-10,CMP_1007,Affiliate_Partner_Network,Affiliate,Performance CPA,28490,917,14763.8,69,36,96366.69,16.1,3.22,410.11,6.53
2025-05-11,CMP_1007,Affiliate_Partner_Network,Affiliate,Performance CPA,45686,1297,20604.32,118,53,187889.66,15.89,2.84,388.76,9.12
2025-05-12,CMP_1007,Affiliate_Partner_Network,Affiliate,Performance CPA,34662,993,15664.08,90,37,134838.47,15.77,2.86,423.35,8.61
2025-05-13,CMP_1007,Affiliate_Partner_Network,Affiliate,Performance CPA,21628,674,11624.42,52,24,76581.6,17.25,3.12,484.35,6.59
2025-05-14,CMP_1007,Affiliate_Partner_Network,Affiliate,Performance CPA,25910,796,11809.38,65,31,94098.92,14.84,3.07,380.95,7.97
2025-05-15,CMP_1007,Affiliate_Partner_Network,Affiliate,Performance CPA,23009,798,13251.65,70,30,95829.7,16.61,3.47,441.72,7.23
2025-05-16,CMP_1007,Affiliate_Partner_Network,Affiliate,Performance CPA,28968,992,16731.64,91,36,137299.79,16.87,3.42,464.77,8.21
2025-05-17,CMP_1007,Affiliate_Partner_Network,Affiliate,Performance CPA,32933,965,14435.8,84,39,138620.22,14.96,2.93,370.15,9.6
2025-05-18,CMP_1007,Affiliate_Partner_Network,Affiliate,Performance CPA,27102,843,13776.58,73,31,112553.6,16.34,3.11,444.41,8.17
2025-05-19,CMP_1007,Affiliate_Partner_Network,Affiliate,Performance CPA,37146,1258,20247.52,99,46,163430.39,16.1,3.39,440.16,8.07
2025-05-20,CMP_1007,Affiliate_Partner_Network,Affiliate,Performance CPA,36553,1239,19815.28,100,45,165996.57,15.99,3.39,440.34,8.38
2025-05-21,CMP_1007,Affiliate_Partner_Network,Affiliate,Performance CPA,45298,1329,20707.21,114,46,169152.57,15.58,2.93,450.16,8.17
2025-05-22,CMP_1007,Affiliate_Partner_Network,Affiliate,Performance CPA,12334,354,5919.69,30,13,36749.32,16.72,2.87,455.36,6.21
2025-05-23,CMP_1007,Affiliate_Partner_Network,Affiliate,Performance CPA,26254,841,13894.19,70,33,116447.62,16.52,3.2,421.04,8.38
2025-05-24,CMP_1007,Affiliate_Partner_Network,Affiliate,Performance CPA,19616,650,10603.34,52,26,87194.9,16.31,3.31,407.82,8.22
2025-05-25,CMP_1007,Affiliate_Partner_Network,Affiliate,Performance CPA,34998,1096,16751.33,89,43,136884.98,15.28,3.13,389.57,8.17
2025-05-26,CMP_1007,Affiliate_Partner_Network,Affiliate,Performance CPA,37834,1223,20636.9,106,43,163646.03,16.87,3.23,479.93,7.93
2025-05-27,CMP_1007,Affiliate_Partner_Network,Affiliate,Performance CPA,36174,1131,17605.5,87,43,119521.44,15.57,3.13,409.43,6.79
2025-05-28,CMP_1007,Affiliate_Partner_Network,Affiliate,Performance CPA,34510,1108,17879.87,90,42,154257.59,16.14,3.21,425.71,8.63
2025-05-29,CMP_1007,Affiliate_Partner_Network,Affiliate,Performance CPA,40068,1104,16746.69,86,44,136262.47,15.17,2.76,380.61,8.14
2025-05-30,CMP_1007,Affiliate_Partner_Network,Affiliate,Performance CPA,28796,898,15232.29,67,35,95757.38,16.96,3.12,435.21,6.29
2025-05-31,CMP_1007,Affiliate_Partner_Network,Affiliate,Performance CPA,27653,911,14219.23,83,33,119334.13,15.61,3.29,430.89,8.39
2025-06-01,CMP_1007,Affiliate_Partner_Network,Affiliate,Performance CPA,33648,1120,17039.83,96,39,115879.33,15.21,3.33,436.92,6.8
2025-06-02,CMP_1007,Affiliate_Partner_Network,Affiliate,Performance CPA,26409,847,12923.48,77,29,94629.49,15.26,3.21,445.64,7.32
2025-06-03,CMP_1007,Affiliate_Partner_Network,Affiliate,Performance CPA,19218,655,10612.87,54,25,79457.58,16.2,3.41,424.51,7.49
2025-06-04,CMP_1007,Affiliate_Partner_Network,Affiliate,Performance CPA,24994,739,11934.25,62,26,97306.02,16.15,2.96,459.01,8.15
2025-06-05,CMP_1007,Affiliate_Partner_Network,Affiliate,Performance CPA,27811,798,13578.26,64,31,84261.72,17.02,2.87,438.01,6.21
2025-06-06,CMP_1007,Affiliate_Partner_Network,Affiliate,Performance CPA,16566,557,9514.78,47,21,78544.38,17.08,3.36,453.08,8.25
2025-06-07,CMP_1007,Affiliate_Partner_Network,Affiliate,Performance CPA,21657,747,12779.16,57,26,89162.47,17.11,3.45,491.51,6.98
2025-06-08,CMP_1007,Affiliate_Partner_Network,Affiliate,Performance CPA,27975,948,14115.1,85,34,125515.96,14.89,3.39,415.15,8.89
2025-06-09,CMP_1007,Affiliate_Partner_Network,Affiliate,Performance CPA,26084,868,14110.56,71,30,93956.46,16.26,3.33,470.35,6.66
2025-06-10,CMP_1007,Affiliate_Partner_Network,Affiliate,Performance CPA,41608,1442,21620.62,114,51,165536.15,14.99,3.47,423.93,7.66
2025-06-11,CMP_1007,Affiliate_Partner_Network,Affiliate,Performance CPA,15448,472,7612.58,41,17,56903.54,16.13,3.06,447.8,7.47
2025-06-12,CMP_1007,Affiliate_Partner_Network,Affiliate,Performance CPA,38917,1179,17420.42,106,43,135986.82,14.78,3.03,405.13,7.81
2025-06-13,CMP_1007,Affiliate_Partner_Network,Affiliate,Performance CPA,29482,848,14628.93,64,34,124576.05,17.25,2.88,430.26,8.52
2025-06-14,CMP_1007,Affiliate_Partner_Network,Affiliate,Performance CPA,37406,1226,20683.33,97,42,133902.43,16.87,3.28,492.46,6.47
2025-06-15,CMP_1007,Affiliate_Partner_Network,Affiliate,Performance CPA,8719,296,5016.36,27,12,39731.68,16.95,3.39,418.03,7.92
2025-06-16,CMP_1007,Affiliate_Partner_Network,Affiliate,Performance CPA,36952,1156,19219.08,88,47,148456.9,16.63,3.13,408.92,7.72
2025-06-17,CMP_1007,Affiliate_Partner_Network,Affiliate,Performance CPA,25872,827,12948.12,71,29,105136.98,15.66,3.2,446.49,8.12
2025-06-18,CMP_1007,Affiliate_Partner_Network,Affiliate,Performance CPA,21152,692,10913.64,63,27,101303.63,15.77,3.27,404.21,9.28
2025-06-19,CMP_1007,Affiliate_Partner_Network,Affiliate,Performance CPA,28443,791,11930.75,66,28,101207.1,15.08,2.78,426.1,8.48
2025-06-20,CMP_1007,Affiliate_Partner_Network,Affiliate,Performance CPA,29353,853,13658.42,72,32,100729.19,16.01,2.91,426.83,7.37
2025-06-21,CMP_1007,Affiliate_Partner_Network,Affiliate,Performance CPA,22148,607,9508.16,50,22,57257.54,15.66,2.74,432.19,6.02
2025-06-22,CMP_1007,Affiliate_Partner_Network,Affiliate,Performance CPA,25936,733,11535.49,61,28,94425.72,15.74,2.83,411.98,8.19
2025-06-23,CMP_1007,Affiliate_Partner_Network,Affiliate,Performance CPA,20689,634,10647.25,53,25,78112.66,16.79,3.06,425.89,7.34
2025-06-24,CMP_1007,Affiliate_Partner_Network,Affiliate,Performance CPA,23044,759,11998.92,59,27,77635.45,15.81,3.29,444.4,6.47
2025-06-25,CMP_1007,Affiliate_Partner_Network,Affiliate,Performance CPA,44457,1289,20168.66,109,51,181754.53,15.65,2.9,395.46,9.01
2025-06-26,CMP_1007,Affiliate_Partner_Network,Affiliate,Performance CPA,14827,485,8185.78,42,17,53961.89,16.88,3.27,481.52,6.59
2025-06-27,CMP_1007,Affiliate_Partner_Network,Affiliate,Performance CPA,36964,1147,19424.37,99,44,159809.97,16.93,3.1,441.46,8.23
2025-06-28,CMP_1007,Affiliate_Partner_Network,Affiliate,Performance CPA,35785,1160,17449.33,101,40,137126.73,15.04,3.24,436.23,7.86
2025-06-29,CMP_1007,Affiliate_Partner_Network,Affiliate,Performance CPA,21451,605,9550.34,49,21,65302.54,15.79,2.82,454.78,6.84
2025-06-30,CMP_1007,Affiliate_Partner_Network,Affiliate,Performance CPA,35790,1138,19018.6,86,46,158283.68,16.71,3.18,413.45,8.32
2025-07-01,CMP_1007,Affiliate_Partner_Network,Affiliate,Performance CPA,23402,781,11565.12,61,30,95164.81,14.81,3.34,385.5,8.23
2025-07-02,CMP_1007,Affiliate_Partner_Network,Affiliate,Performance CPA,39151,1090,17277.33,99,44,151304.81,15.85,2.78,392.67,8.76
2025-07-03,CMP_1007,Affiliate_Partner_Network,Affiliate,Performance CPA,29923,837,13325.88,74,29,77864.06,15.92,2.8,459.51,5.84
2025-07-04,CMP_1007,Affiliate_Partner_Network,Affiliate,Performance CPA,21624,658,9710.63,51,23,61988.19,14.76,3.04,422.2,6.38
2025-07-05,CMP_1007,Affiliate_Partner_Network,Affiliate,Performance CPA,31929,1041,15871.8,92,39,125619.85,15.25,3.26,406.97,7.91
2025-07-06,CMP_1007,Affiliate_Partner_Network,Affiliate,Performance CPA,31150,990,16449.28,80,34,120926.66,16.62,3.18,483.8,7.35
2025-07-07,CMP_1007,Affiliate_Partner_Network,Affiliate,Performance CPA,15996,524,8205.26,43,20,74230.45,15.66,3.28,410.26,9.05
2025-07-08,CMP_1007,Affiliate_Partner_Network,Affiliate,Performance CPA,30352,888,14238.72,80,33,90986.67,16.03,2.93,431.48,6.39
2025-07-09,CMP_1007,Affiliate_Partner_Network,Affiliate,Performance CPA,37732,1065,16862.97,89,40,120576.52,15.83,2.82,421.57,7.15
2025-07-10,CMP_1007,Affiliate_Partner_Network,Affiliate,Performance CPA,31055,1023,16026.72,85,36,99118.59,15.67,3.29,445.19,6.18
2025-07-11,CMP_1007,Affiliate_Partner_Network,Affiliate,Performance CPA,35402,1002,15634.82,92,34,106792.63,15.6,2.83,459.85,6.83
2025-07-12,CMP_1007,Affiliate_Partner_Network,Affiliate,Performance CPA,19509,554,8973.98,48,20,66496.07,16.2,2.84,448.7,7.41
2025-07-13,CMP_1007,Affiliate_Partner_Network,Affiliate,Performance CPA,24694,837,13855.88,74,32,98444.58,16.55,3.39,433.0,7.1
2025-07-14,CMP_1007,Affiliate_Partner_Network,Affiliate,Performance CPA,40995,1150,19515.02,93,46,143949.72,16.97,2.81,424.24,7.38
2025-07-15,CMP_1007,Affiliate_Partner_Network,Affiliate,Performance CPA,29762,903,14065.77,77,37,118563.64,15.58,3.03,380.16,8.43
2025-07-16,CMP_1007,Affiliate_Partner_Network,Affiliate,Performance CPA,26178,823,12204.59,69,29,100110.41,14.83,3.14,420.85,8.2
2025-07-17,CMP_1007,Affiliate_Partner_Network,Affiliate,Performance CPA,25643,749,12447.67,60,31,94832.09,16.62,2.92,401.54,7.62
2025-07-18,CMP_1007,Affiliate_Partner_Network,Affiliate,Performance CPA,23514,776,13005.34,67,31,116268.71,16.76,3.3,419.53,8.94
2025-07-19,CMP_1007,Affiliate_Partner_Network,Affiliate,Performance CPA,44342,1288,20887.27,105,51,173281.75,16.22,2.9,409.55,8.3
2025-07-20,CMP_1007,Affiliate_Partner_Network,Affiliate,Performance CPA,21835,717,11486.19,60,24,67875.61,16.02,3.28,478.59,5.91
2025-07-21,CMP_1007,Affiliate_Partner_Network,Affiliate,Performance CPA,37810,1104,16876.73,93,41,116836.38,15.29,2.92,411.63,6.92
2025-07-22,CMP_1007,Affiliate_Partner_Network,Affiliate,Performance CPA,24438,821,13921.92,68,32,90781.71,16.96,3.36,435.06,6.52
2025-07-23,CMP_1007,Affiliate_Partner_Network,Affiliate,Performance CPA,31460,922,15202.44,82,32,113514.3,16.49,2.93,475.08,7.47
2025-07-24,CMP_1007,Affiliate_Partner_Network,Affiliate,Performance CPA,36760,1103,17615.41,94,45,119318.14,15.97,3.0,391.45,6.77
2025-07-25,CMP_1007,Affiliate_Partner_Network,Affiliate,Performance CPA,17320,551,9415.08,48,20,63570.72,17.09,3.18,470.75,6.75
2025-07-26,CMP_1007,Affiliate_Partner_Network,Affiliate,Performance CPA,32992,905,14569.41,70,35,121750.29,16.1,2.74,416.27,8.36
2025-07-27,CMP_1007,Affiliate_Partner_Network,Affiliate,Performance CPA,41310,1171,18997.86,96,43,137930.65,16.22,2.83,441.81,7.26
2025-07-28,CMP_1007,Affiliate_Partner_Network,Affiliate,Performance CPA,29967,1016,15179.16,84,40,110896.32,14.94,3.39,379.48,7.31
2025-07-29,CMP_1007,Affiliate_Partner_Network,Affiliate,Performance CPA,32646,948,15582.96,78,32,89170.29,16.44,2.9,486.97,5.72
2025-07-30,CMP_1007,Affiliate_Partner_Network,Affiliate,Performance CPA,27414,889,13318.24,67,34,94289.7,14.98,3.24,391.71,7.08
2025-07-31,CMP_1007,Affiliate_Partner_Network,Affiliate,Performance CPA,22032,754,12931.42,59,29,76423.08,17.15,3.42,445.91,5.91
2025-08-01,CMP_1007,Affiliate_Partner_Network,Affiliate,Performance CPA,31949,953,14141.83,72,35,119734.64,14.84,2.98,404.05,8.47
2025-08-02,CMP_1007,Affiliate_Partner_Network,Affiliate,Performance CPA,37630,1134,18064.11,87,40,108943.02,15.93,3.01,451.6,6.03
2025-08-03,CMP_1007,Affiliate_Partner_Network,Affiliate,Performance CPA,29366,876,14240.66,69,34,107452.61,16.26,2.98,418.84,7.55
2025-08-04,CMP_1007,Affiliate_Partner_Network,Affiliate,Performance CPA,30008,951,14977.34,79,34,111699.89,15.75,3.17,440.51,7.46
2025-08-05,CMP_1007,Affiliate_Partner_Network,Affiliate,Performance CPA,24228,762,11586.21,68,31,83284.96,15.2,3.15,373.75,7.19
2025-08-06,CMP_1007,Affiliate_Partner_Network,Affiliate,Performance CPA,27642,874,13813.76,67,34,119406.09,15.81,3.16,406.29,8.64
2025-08-07,CMP_1007,Affiliate_Partner_Network,Affiliate,Performance CPA,28702,974,16010.35,74,37,122007.98,16.44,3.39,432.71,7.62
2025-08-08,CMP_1007,Affiliate_Partner_Network,Affiliate,Performance CPA,26591,827,12259.21,70,29,85131.11,14.82,3.11,422.73,6.94
2025-08-09,CMP_1007,Affiliate_Partner_Network,Affiliate,Performance CPA,27089,808,13678.82,64,33,122635.6,16.93,2.98,414.51,8.97
2025-08-10,CMP_1007,Affiliate_Partner_Network,Affiliate,Performance CPA,47131,1556,23020.53,119,53,155608.18,14.79,3.3,434.35,6.76
2025-08-11,CMP_1007,Affiliate_Partner_Network,Affiliate,Performance CPA,29320,1014,16771.11,88,37,127890.04,16.54,3.46,453.27,7.63
2025-08-12,CMP_1007,Affiliate_Partner_Network,Affiliate,Performance CPA,21312,694,11998.34,61,28,76723.06,17.29,3.26,428.51,6.39
2025-08-13,CMP_1007,Affiliate_Partner_Network,Affiliate,Performance CPA,33830,976,16755.47,81,38,110348.22,17.17,2.89,440.93,6.59
2025-08-14,CMP_1007,Affiliate_Partner_Network,Affiliate,Performance CPA,32880,960,15608.51,77,36,116954.23,16.26,2.92,433.57,7.49
2025-08-15,CMP_1007,Affiliate_Partner_Network,Affiliate,Performance CPA,28563,813,12591.91,61,29,96085.67,15.49,2.85,434.2,7.63
2025-08-16,CMP_1007,Affiliate_Partner_Network,Affiliate,Performance CPA,10301,294,4922.03,22,11,32719.65,16.74,2.85,447.46,6.65
2025-08-17,CMP_1007,Affiliate_Partner_Network,Affiliate,Performance CPA,33736,993,15462.41,83,34,93331.23,15.57,2.94,454.78,6.04
2025-08-18,CMP_1007,Affiliate_Partner_Network,Affiliate,Performance CPA,28174,931,14131.48,78,31,106186.91,15.18,3.3,455.85,7.51
2025-08-19,CMP_1007,Affiliate_Partner_Network,Affiliate,Performance CPA,32021,1005,15347.69,92,34,100249.51,15.27,3.14,451.4,6.53
2025-08-20,CMP_1007,Affiliate_Partner_Network,Affiliate,Performance CPA,10092,294,4523.52,23,11,40901.73,15.39,2.91,411.23,9.04
2025-08-21,CMP_1007,Affiliate_Partner_Network,Affiliate,Performance CPA,28848,899,14712.19,74,32,102354.58,16.37,3.12,459.76,6.96
2025-08-22,CMP_1007,Affiliate_Partner_Network,Affiliate,Performance CPA,17319,575,9062.19,50,20,54186.95,15.76,3.32,453.11,5.98
2025-08-23,CMP_1007,Affiliate_Partner_Network,Affiliate,Performance CPA,33414,926,15670.77,77,35,127907.48,16.92,2.77,447.74,8.16
2025-08-24,CMP_1007,Affiliate_Partner_Network,Affiliate,Performance CPA,42519,1236,18512.42,101,50,187509.66,14.98,2.91,370.25,10.13
2025-08-25,CMP_1007,Affiliate_Partner_Network,Affiliate,Performance CPA,21992,746,12578.47,58,29,107991.68,16.86,3.39,433.74,8.59
2025-08-26,CMP_1007,Affiliate_Partner_Network,Affiliate,Performance CPA,23921,671,10685.56,55,24,79393.28,15.92,2.81,445.23,7.43
2025-08-27,CMP_1007,Affiliate_Partner_Network,Affiliate,Performance CPA,23751,744,12852.72,61,30,83753.19,17.28,3.13,428.42,6.52
2025-08-28,CMP_1007,Affiliate_Partner_Network,Affiliate,Performance CPA,27364,911,13854.19,72,36,105600.85,15.21,3.33,384.84,7.62
2025-08-29,CMP_1007,Affiliate_Partner_Network,Affiliate,Performance CPA,28039,923,14066.5,79,38,135256.35,15.24,3.29,370.17,9.62
2025-08-30,CMP_1007,Affiliate_Partner_Network,Affiliate,Performance CPA,26900,894,13575.61,76,35,126689.14,15.19,3.32,387.87,9.33
2025-08-31,CMP_1007,Affiliate_Partner_Network,Affiliate,Performance CPA,23731,700,11453.43,54,27,77955.22,16.36,2.95,424.2,6.81
2025-09-01,CMP_1007,Affiliate_Partner_Network,Affiliate,Performance CPA,55416,1512,22570.05,129,55,193700.57,14.93,2.73,410.36,8.58
2025-09-02,CMP_1007,Affiliate_Partner_Network,Affiliate,Performance CPA,25840,830,13083.19,67,34,127392.69,15.76,3.21,384.8,9.74
2025-09-03,CMP_1007,Affiliate_Partner_Network,Affiliate,Performance CPA,10079,344,5823.76,28,13,45621.18,16.93,3.41,447.98,7.83
2025-09-04,CMP_1007,Affiliate_Partner_Network,Affiliate,Performance CPA,28353,984,16292.77,79,39,134741.3,16.56,3.47,417.76,8.27
2025-09-05,CMP_1007,Affiliate_Partner_Network,Affiliate,Performance CPA,30904,918,15151.12,81,37,106134.62,16.5,2.97,409.49,7.01
2025-09-06,CMP_1007,Affiliate_Partner_Network,Affiliate,Performance CPA,19907,614,10602.05,48,22,74828.56,17.27,3.08,481.91,7.06
2025-09-07,CMP_1007,Affiliate_Partner_Network,Affiliate,Performance CPA,44254,1406,20982.22,127,57,152978.45,14.92,3.18,368.11,7.29
2025-09-08,CMP_1007,Affiliate_Partner_Network,Affiliate,Performance CPA,35464,1029,15213.53,90,39,138803.67,14.78,2.9,390.09,9.12
2025-09-09,CMP_1007,Affiliate_Partner_Network,Affiliate,Performance CPA,27841,770,12820.41,69,27,88515.51,16.65,2.77,474.83,6.9
2025-09-10,CMP_1007,Affiliate_Partner_Network,Affiliate,Performance CPA,19410,600,10343.67,45,24,79646.2,17.24,3.09,430.99,7.7
2025-09-11,CMP_1007,Affiliate_Partner_Network,Affiliate,Performance CPA,30268,944,15592.07,84,32,93743.84,16.52,3.12,487.25,6.01
2025-09-12,CMP_1007,Affiliate_Partner_Network,Affiliate,Performance CPA,22377,676,11174.75,53,23,80087.66,16.53,3.02,485.86,7.17
2025-09-13,CMP_1007,Affiliate_Partner_Network,Affiliate,Performance CPA,29815,901,15197.47,76,32,107602.24,16.87,3.02,474.92,7.08
2025-09-14,CMP_1007,Affiliate_Partner_Network,Affiliate,Performance CPA,27527,939,15374.61,76,37,123305.05,16.37,3.41,415.53,8.02
2025-09-15,CMP_1007,Affiliate_Partner_Network,Affiliate,Performance CPA,24963,755,12909.02,60,30,79838.25,17.1,3.02,430.3,6.18
2025-09-16,CMP_1007,Affiliate_Partner_Network,Affiliate,Performance CPA,30196,914,13475.43,71,35,120138.73,14.74,3.03,385.01,8.92
2025-09-17,CMP_1007,Affiliate_Partner_Network,Affiliate,Performance CPA,40606,1120,17893.02,96,45,156720.46,15.98,2.76,397.62,8.76
2025-09-18,CMP_1007,Affiliate_Partner_Network,Affiliate,Performance CPA,24564,729,12403.41,55,29,108859.89,17.01,2.97,427.7,8.78
2025-09-19,CMP_1007,Affiliate_Partner_Network,Affiliate,Performance CPA,33135,961,15759.01,76,36,133198.03,16.4,2.9,437.75,8.45
2025-09-20,CMP_1007,Affiliate_Partner_Network,Affiliate,Performance CPA,31835,1060,16397.62,96,39,118865.06,15.47,3.33,420.45,7.25
2025-09-21,CMP_1007,Affiliate_Partner_Network,Affiliate,Performance CPA,27354,854,14327.62,74,33,92008.49,16.78,3.12,434.17,6.42
2025-09-22,CMP_1007,Affiliate_Partner_Network,Affiliate,Performance CPA,25390,740,12659.5,64,26,77739.2,17.11,2.91,486.9,6.14
2025-09-23,CMP_1007,Affiliate_Partner_Network,Affiliate,Performance CPA,30446,1000,15519.24,84,40,119088.97,15.52,3.28,387.98,7.67
2025-09-24,CMP_1007,Affiliate_Partner_Network,Affiliate,Performance CPA,38829,1175,17756.69,97,43,128796.43,15.11,3.03,412.95,7.25
2025-09-25,CMP_1007,Affiliate_Partner_Network,Affiliate,Performance CPA,35380,1022,16851.4,89,42,138297.67,16.49,2.89,401.22,8.21
2025-09-26,CMP_1007,Affiliate_Partner_Network,Affiliate,Performance CPA,23466,690,11691.77,59,28,93237.07,16.94,2.94,417.56,7.97
2025-09-27,CMP_1007,Affiliate_Partner_Network,Affiliate,Performance CPA,31542,965,15996.7,73,38,100465.87,16.58,3.06,420.97,6.28
2025-09-28,CMP_1007,Affiliate_Partner_Network,Affiliate,Performance CPA,29726,943,15134.35,78,34,107902.56,16.05,3.17,445.13,7.13
2025-09-29,CMP_1007,Affiliate_Partner_Network,Affiliate,Performance CPA,30124,920,14281.12,74,35,101227.67,15.52,3.05,408.03,7.09
2025-09-30,CMP_1007,Affiliate_Partner_Network,Affiliate,Performance CPA,29841,920,14001.89,82,31,106416.0,15.22,3.08,451.67,7.6
2025-10-01,CMP_1007,Affiliate_Partner_Network,Affiliate,Performance CPA,43375,1238,19960.37,110,45,133227.62,16.12,2.85,443.56,6.67
2025-10-02,CMP_1007,Affiliate_Partner_Network,Affiliate,Performance CPA,37633,1203,20485.64,105,48,128064.06,17.03,3.2,426.78,6.25
2025-10-03,CMP_1007,Affiliate_Partner_Network,Affiliate,Performance CPA,42579,1356,22655.91,103,51,137798.36,16.71,3.18,444.23,6.08
2025-10-04,CMP_1007,Affiliate_Partner_Network,Affiliate,Performance CPA,40778,1168,20058.02,99,41,137457.24,17.17,2.86,489.22,6.85
2025-10-05,CMP_1007,Affiliate_Partner_Network,Affiliate,Performance CPA,45783,1495,24775.74,132,60,161734.84,16.57,3.27,412.93,6.53
2025-10-06,CMP_1007,Affiliate_Partner_Network,Affiliate,Performance CPA,51047,1465,23444.17,123,54,166233.97,16.0,2.87,434.15,7.09
2025-10-07,CMP_1007,Affiliate_Partner_Network,Affiliate,Performance CPA,29624,898,15093.83,67,31,113120.32,16.81,3.03,486.9,7.49
2025-10-08,CMP_1007,Affiliate_Partner_Network,Affiliate,Performance CPA,35577,1219,19082.07,105,49,173381.76,15.65,3.43,389.43,9.09
2025-10-09,CMP_1007,Affiliate_Partner_Network,Affiliate,Performance CPA,39946,1232,19345.11,96,44,156350.74,15.7,3.08,439.66,8.08
2025-10-10,CMP_1007,Affiliate_Partner_Network,Affiliate,Performance CPA,44944,1255,19983.44,95,46,145761.02,15.92,2.79,434.42,7.29
2025-10-11,CMP_1007,Affiliate_Partner_Network,Affiliate,Performance CPA,46728,1277,20801.69,117,47,171036.19,16.29,2.73,442.59,8.22
2025-10-12,CMP_1007,Affiliate_Partner_Network,Affiliate,Performance CPA,27640,900,15096.77,75,34,92074.55,16.77,3.26,444.02,6.1
2025-10-13,CMP_1007,Affiliate_Partner_Network,Affiliate,Performance CPA,34468,1174,19259.85,90,42,155627.85,16.41,3.41,458.57,8.08
2025-10-14,CMP_1007,Affiliate_Partner_Network,Affiliate,Performance CPA,43384,1376,22140.88,113,50,133020.25,16.09,3.17,442.82,6.01
2025-10-15,CMP_1007,Affiliate_Partner_Network,Affiliate,Performance CPA,26286,863,14359.92,74,33,95677.22,16.64,3.28,435.15,6.66
2025-10-16,CMP_1007,Affiliate_Partner_Network,Affiliate,Performance CPA,29048,806,12084.31,65,32,119216.57,14.99,2.77,377.63,9.87
2025-10-17,CMP_1007,Affiliate_Partner_Network,Affiliate,Performance CPA,32000,1092,18587.32,98,41,117652.15,17.02,3.41,453.35,6.33
2025-10-18,CMP_1007,Affiliate_Partner_Network,Affiliate,Performance CPA,37531,1089,16783.48,91,39,108797.79,15.41,2.9,430.35,6.48
2025-10-19,CMP_1007,Affiliate_Partner_Network,Affiliate,Performance CPA,39311,1328,21103.45,112,54,153400.37,15.89,3.38,390.8,7.27
2025-10-20,CMP_1007,Affiliate_Partner_Network,Affiliate,Performance CPA,38767,1248,19856.59,110,49,183962.06,15.91,3.22,405.24,9.26
2025-10-21,CMP_1007,Affiliate_Partner_Network,Affiliate,Performance CPA,32343,932,14684.85,78,32,94545.72,15.76,2.88,458.9,6.44
2025-10-22,CMP_1007,Affiliate_Partner_Network,Affiliate,Performance CPA,41828,1151,17283.89,99,44,152593.38,15.02,2.75,392.82,8.83
2025-10-23,CMP_1007,Affiliate_Partner_Network,Affiliate,Performance CPA,31034,873,14335.99,69,30,108983.95,16.42,2.81,477.87,7.6
2025-10-24,CMP_1007,Affiliate_Partner_Network,Affiliate,Performance CPA,30082,1037,16174.95,88,41,119919.24,15.6,3.45,394.51,7.41
2025-10-25,CMP_1007,Affiliate_Partner_Network,Affiliate,Performance CPA,41857,1386,21154.23,120,54,176980.94,15.26,3.31,391.74,8.37
2025-10-26,CMP_1007,Affiliate_Partner_Network,Affiliate,Performance CPA,53403,1597,24622.53,143,58,189641.61,15.42,2.99,424.53,7.7
2025-10-27,CMP_1007,Affiliate_Partner_Network,Affiliate,Performance CPA,35628,1237,20443.63,102,46,167087.1,16.53,3.47,444.43,8.17
2025-10-28,CMP_1007,Affiliate_Partner_Network,Affiliate,Performance CPA,44627,1325,21079.69,113,54,198868.15,15.91,2.97,390.36,9.43
2025-10-29,CMP_1007,Affiliate_Partner_Network,Affiliate,Performance CPA,47658,1452,21781.75,120,60,205852.17,15.0,3.05,363.03,9.45
2025-10-30,CMP_1007,Affiliate_Partner_Network,Affiliate,Performance CPA,38900,1089,17619.77,97,43,136080.52,16.18,2.8,409.76,7.72
2025-10-31,CMP_1007,Affiliate_Partner_Network,Affiliate,Performance CPA,34691,1178,18649.45,94,42,157524.26,15.83,3.4,444.03,8.45
2025-11-01,CMP_1007,Affiliate_Partner_Network,Affiliate,Performance CPA,47766,1354,20612.32,102,48,170333.24,15.22,2.83,429.42,8.26
2025-11-02,CMP_1007,Affiliate_Partner_Network,Affiliate,Performance CPA,40972,1340,20551.54,106,49,186415.14,15.34,3.27,419.42,9.07
2025-11-03,CMP_1007,Affiliate_Partner_Network,Affiliate,Performance CPA,38119,1071,16601.51,89,39,134610.13,15.5,2.81,425.68,8.11
2025-11-04,CMP_1007,Affiliate_Partner_Network,Affiliate,Performance CPA,26843,841,14155.6,63,32,85401.54,16.83,3.13,442.36,6.03
2025-11-05,CMP_1007,Affiliate_Partner_Network,Affiliate,Performance CPA,47788,1595,24290.38,144,64,190365.03,15.23,3.34,379.54,7.84
2025-11-06,CMP_1007,Affiliate_Partner_Network,Affiliate,Performance CPA,40309,1374,22289.75,110,55,143692.87,16.22,3.41,405.27,6.45
2025-11-07,CMP_1007,Affiliate_Partner_Network,Affiliate,Performance CPA,44606,1256,21491.47,99,51,143714.79,17.11,2.82,421.4,6.69
2025-11-08,CMP_1007,Affiliate_Partner_Network,Affiliate,Performance CPA,41310,1290,21244.6,98,46,148945.04,16.47,3.12,461.84,7.01
2025-11-09,CMP_1007,Affiliate_Partner_Network,Affiliate,Performance CPA,40554,1256,20493.01,100,44,136475.2,16.32,3.1,465.75,6.66
2025-11-10,CMP_1007,Affiliate_Partner_Network,Affiliate,Performance CPA,50606,1460,21604.55,120,54,143381.75,14.8,2.89,400.08,6.64
2025-11-11,CMP_1007,Affiliate_Partner_Network,Affiliate,Performance CPA,45309,1554,23200.0,119,63,163886.88,14.93,3.43,368.25,7.06
2025-11-12,CMP_1007,Affiliate_Partner_Network,Affiliate,Performance CPA,45648,1252,26607.85,110,46,161210.56,21.25,2.74,578.43,6.06
2025-11-13,CMP_1007,Affiliate_Partner_Network,Affiliate,Performance CPA,35454,986,16464.67,89,34,108381.6,16.7,2.78,484.25,6.58
2025-11-14,CMP_1007,Affiliate_Partner_Network,Affiliate,Performance CPA,36615,1106,18342.35,87,44,156682.98,16.58,3.02,416.87,8.54
2025-11-15,CMP_1007,Affiliate_Partner_Network,Affiliate,Performance CPA,37889,1136,18199.24,90,45,135753.02,16.02,3.0,404.43,7.46
2025-11-16,CMP_1007,Affiliate_Partner_Network,Affiliate,Performance CPA,44446,1346,21291.95,117,55,187941.02,15.82,3.03,387.13,8.83
2025-11-17,CMP_1007,Affiliate_Partner_Network,Affiliate,Performance CPA,53297,1478,24192.24,113,50,158007.16,16.37,2.77,483.84,6.53
2025-11-18,CMP_1007,Affiliate_Partner_Network,Affiliate,Performance CPA,36812,1090,18361.36,89,44,159516.27,16.85,2.96,417.3,8.69
2025-11-19,CMP_1007,Affiliate_Partner_Network,Affiliate,Performance CPA,35511,973,14625.46,74,35,114673.69,15.03,2.74,417.87,7.84
2025-11-20,CMP_1007,Affiliate_Partner_Network,Affiliate,Performance CPA,52061,1473,21925.37,115,57,191219.42,14.88,2.83,384.66,8.72
2025-11-21,CMP_1007,Affiliate_Partner_Network,Affiliate,Performance CPA,30214,846,13264.92,66,34,129204.85,15.68,2.8,390.14,9.74
2025-11-22,CMP_1007,Affiliate_Partner_Network,Affiliate,Performance CPA,35863,1223,20046.57,105,42,160483.57,16.39,3.41,477.3,8.01
2025-11-23,CMP_1007,Affiliate_Partner_Network,Affiliate,Performance CPA,42919,1296,19931.02,111,48,139568.08,15.38,3.02,415.23,7.0
2025-11-24,CMP_1007,Affiliate_Partner_Network,Affiliate,Performance CPA,35813,1068,16636.07,97,43,135977.34,15.58,2.98,386.89,8.17
2025-11-25,CMP_1007,Affiliate_Partner_Network,Affiliate,Performance CPA,47701,1376,20821.94,111,56,154689.19,15.13,2.88,371.82,7.43
2025-11-26,CMP_1007,Affiliate_Partner_Network,Affiliate,Performance CPA,36601,1133,17045.02,90,43,135613.54,15.04,3.1,396.4,7.96
2025-11-27,CMP_1007,Affiliate_Partner_Network,Affiliate,Performance CPA,30818,1029,15520.16,92,37,101375.4,15.08,3.34,419.46,6.53
2025-11-28,CMP_1007,Affiliate_Partner_Network,Affiliate,Performance CPA,38798,1234,18333.47,107,45,154481.55,14.86,3.18,407.41,8.43
2025-11-29,CMP_1007,Affiliate_Partner_Network,Affiliate,Performance CPA,46811,1344,20010.77,102,54,192840.84,14.89,2.87,370.57,9.64
2025-11-30,CMP_1007,Affiliate_Partner_Network,Affiliate,Performance CPA,43006,1200,19443.36,95,43,141356.04,16.2,2.79,452.17,7.27
2025-12-01,CMP_1007,Affiliate_Partner_Network,Affiliate,Performance CPA,31180,920,15271.02,76,32,114666.21,16.6,2.95,477.22,7.51
2025-12-02,CMP_1007,Affiliate_Partner_Network,Affiliate,Performance CPA,28421,966,15630.31,80,39,144013.22,16.18,3.4,400.78,9.21
2025-12-03,CMP_1007,Affiliate_Partner_Network,Affiliate,Performance CPA,39766,1193,18552.08,90,46,160293.21,15.55,3.0,403.31,8.64
2025-12-04,CMP_1007,Affiliate_Partner_Network,Affiliate,Performance CPA,34830,989,16532.1,81,35,119400.54,16.72,2.84,472.35,7.22
2025-12-05,CMP_1007,Affiliate_Partner_Network,Affiliate,Performance CPA,25903,795,13445.38,60,30,81134.43,16.91,3.07,448.18,6.03
2025-12-06,CMP_1007,Affiliate_Partner_Network,Affiliate,Performance CPA,23187,734,12672.04,58,28,75462.39,17.26,3.17,452.57,5.96
2025-12-07,CMP_1007,Affiliate_Partner_Network,Affiliate,Performance CPA,34675,955,14860.23,82,36,113876.64,15.56,2.75,412.78,7.66
2025-12-08,CMP_1007,Affiliate_Partner_Network,Affiliate,Performance CPA,39118,1116,19033.62,84,38,109227.45,17.06,2.85,500.88,5.74
2025-12-09,CMP_1007,Affiliate_Partner_Network,Affiliate,Performance CPA,36229,1037,16111.19,91,37,127377.26,15.54,2.86,435.44,7.91
2025-12-10,CMP_1007,Affiliate_Partner_Network,Affiliate,Performance CPA,29368,913,14262.99,82,31,99613.04,15.62,3.11,460.1,6.98
2025-12-11,CMP_1007,Affiliate_Partner_Network,Affiliate,Performance CPA,36509,1104,17045.3,95,45,119306.94,15.44,3.02,378.78,7.0
2025-12-12,CMP_1007,Affiliate_Partner_Network,Affiliate,Performance CPA,44951,1335,19908.32,105,48,137848.05,14.91,2.97,414.76,6.92
2025-12-13,CMP_1007,Affiliate_Partner_Network,Affiliate,Performance CPA,30825,874,14967.11,68,31,116033.32,17.12,2.84,482.81,7.75
2025-12-14,CMP_1007,Affiliate_Partner_Network,Affiliate,Performance CPA,27446,910,15167.08,70,36,111622.62,16.67,3.32,421.31,7.36
2025-12-15,CMP_1007,Affiliate_Partner_Network,Affiliate,Performance CPA,32110,1062,17878.31,95,43,124375.84,16.83,3.31,415.77,6.96
2025-12-16,CMP_1007,Affiliate_Partner_Network,Affiliate,Performance CPA,24316,666,10532.04,59,23,84075.24,15.81,2.74,457.91,7.98
2025-12-17,CMP_1007,Affiliate_Partner_Network,Affiliate,Performance CPA,27631,821,12174.24,73,28,86753.66,14.83,2.97,434.79,7.13
2025-12-18,CMP_1007,Affiliate_Partner_Network,Affiliate,Performance CPA,24767,744,11020.73,58,26,95554.69,14.81,3.0,423.87,8.67
2025-12-19,CMP_1007,Affiliate_Partner_Network,Affiliate,Performance CPA,22267,631,10248.1,50,24,69401.48,16.24,2.83,427.0,6.77
2025-12-20,CMP_1007,Affiliate_Partner_Network,Affiliate,Performance CPA,28348,877,14445.58,77,36,98738.83,16.47,3.09,401.27,6.84
2025-12-21,CMP_1007,Affiliate_Partner_Network,Affiliate,Performance CPA,23297,776,11737.62,68,29,94517.71,15.13,3.33,404.75,8.05
2025-12-22,CMP_1007,Affiliate_Partner_Network,Affiliate,Performance CPA,25881,813,12103.05,71,31,90697.78,14.89,3.14,390.42,7.49
2025-12-23,CMP_1007,Affiliate_Partner_Network,Affiliate,Performance CPA,24136,746,12029.49,60,29,106803.07,16.13,3.09,414.81,8.88
2025-12-24,CMP_1007,Affiliate_Partner_Network,Affiliate,Performance CPA,41664,1426,21023.83,119,56,204303.93,14.74,3.42,375.43,9.72
2025-12-25,CMP_1007,Affiliate_Partner_Network,Affiliate,Performance CPA,47392,1349,20482.56,116,55,203133.13,15.18,2.85,372.41,9.92
2025-12-26,CMP_1007,Affiliate_Partner_Network,Affiliate,Performance CPA,30683,957,15669.61,77,39,116699.99,16.37,3.12,401.78,7.45
2025-12-27,CMP_1007,Affiliate_Partner_Network,Affiliate,Performance CPA,34296,1036,16864.99,94,39,146205.23,16.28,3.02,432.44,8.67
2025-12-28,CMP_1007,Affiliate_Partner_Network,Affiliate,Performance CPA,47177,1488,21940.83,129,59,218812.81,14.75,3.15,371.88,9.97
2025-12-29,CMP_1007,Affiliate_Partner_Network,Affiliate,Performance CPA,28895,836,14407.83,69,28,90719.64,17.23,2.89,514.57,6.3
2025-12-30,CMP_1007,Affiliate_Partner_Network,Affiliate,Performance CPA,36903,1019,16000.29,82,37,141068.56,15.7,2.76,432.44,8.82
2025-12-31,CMP_1007,Affiliate_Partner_Network,Affiliate,Performance CPA,29482,978,16869.15,89,40,128007.86,17.25,3.32,421.73,7.59
2025-01-01,CMP_1008,Email_CRM_Automation,CRM,Retention & Re-engagement,11003,1197,1853.15,195,95,339839.32,1.55,10.88,19.51,183.38
2025-01-02,CMP_1008,Email_CRM_Automation,CRM,Retention & Re-engagement,20310,2657,3828.73,434,187,760522.57,1.44,13.08,20.47,198.64
2025-01-03,CMP_1008,Email_CRM_Automation,CRM,Retention & Re-engagement,19558,2488,3683.55,414,182,726440.61,1.48,12.72,20.24,197.21
2025-01-04,CMP_1008,Email_CRM_Automation,CRM,Retention & Re-engagement,10084,1325,1863.9,198,106,358232.05,1.41,13.14,17.58,192.19
2025-01-05,CMP_1008,Email_CRM_Automation,CRM,Retention & Re-engagement,21746,2874,4408.46,441,218,856659.06,1.53,13.22,20.22,194.32
2025-01-06,CMP_1008,Email_CRM_Automation,CRM,Retention & Re-engagement,16041,2044,3128.55,360,161,542802.92,1.53,12.74,19.43,173.5
2025-01-07,CMP_1008,Email_CRM_Automation,CRM,Retention & Re-engagement,22436,2650,4291.83,395,193,591310.47,1.62,11.81,22.24,137.78
2025-01-08,CMP_1008,Email_CRM_Automation,CRM,Retention & Re-engagement,15490,1943,2706.69,293,137,413239.07,1.39,12.54,19.76,152.67
2025-01-09,CMP_1008,Email_CRM_Automation,CRM,Retention & Re-engagement,15753,1785,2491.76,298,146,595790.53,1.4,11.33,17.07,239.1
2025-01-10,CMP_1008,Email_CRM_Automation,CRM,Retention & Re-engagement,18692,2015,2909.32,350,138,503300.64,1.44,10.78,21.08,173.0
2025-01-11,CMP_1008,Email_CRM_Automation,CRM,Retention & Re-engagement,21001,2365,3405.24,428,186,749252.18,1.44,11.26,18.31,220.03
2025-01-12,CMP_1008,Email_CRM_Automation,CRM,Retention & Re-engagement,20255,2691,4130.98,424,205,784858.62,1.54,13.29,20.15,189.99
2025-01-13,CMP_1008,Email_CRM_Automation,CRM,Retention & Re-engagement,16374,2144,3161.22,387,160,547403.41,1.47,13.09,19.76,173.16
2025-01-14,CMP_1008,Email_CRM_Automation,CRM,Retention & Re-engagement,23996,2565,3937.82,426,173,683143.8,1.54,10.69,22.76,173.48
2025-01-15,CMP_1008,Email_CRM_Automation,CRM,Retention & Re-engagement,16821,2005,2925.39,350,136,422363.84,1.46,11.92,21.51,144.38
2025-01-16,CMP_1008,Email_CRM_Automation,CRM,Retention & Re-engagement,9631,1294,1890.81,227,104,433097.01,1.46,13.44,18.18,229.05
2025-01-17,CMP_1008,Email_CRM_Automation,CRM,Retention & Re-engagement,15461,1765,2580.93,275,141,537800.87,1.46,11.42,18.3,208.37
2025-01-18,CMP_1008,Email_CRM_Automation,CRM,Retention & Re-engagement,15445,1866,2802.72,331,136,561080.6,1.5,12.08,20.61,200.19
2025-01-19,CMP_1008,Email_CRM_Automation,CRM,Retention & Re-engagement,11825,1503,2233.43,269,121,359062.16,1.49,12.71,18.46,160.77
2025-01-20,CMP_1008,Email_CRM_Automation,CRM,Retention & Re-engagement,15799,1960,2909.13,352,135,473111.25,1.48,12.41,21.55,162.63
2025-01-21,CMP_1008,Email_CRM_Automation,CRM,Retention & Re-engagement,9828,1291,1842.09,232,96,291019.58,1.43,13.14,19.19,157.98
2025-01-22,CMP_1008,Email_CRM_Automation,CRM,Retention & Re-engagement,18473,2423,3550.21,437,183,669668.36,1.47,13.12,19.4,188.63
2025-01-23,CMP_1008,Email_CRM_Automation,CRM,Retention & Re-engagement,21358,2615,3796.24,426,188,560497.91,1.45,12.24,20.19,147.65
2025-01-24,CMP_1008,Email_CRM_Automation,CRM,Retention & Re-engagement,12836,1578,2384.23,266,115,398230.33,1.51,12.29,20.73,167.03
2025-01-25,CMP_1008,Email_CRM_Automation,CRM,Retention & Re-engagement,14826,1769,2796.02,320,131,494319.34,1.58,11.93,21.34,176.79
2025-01-26,CMP_1008,Email_CRM_Automation,CRM,Retention & Re-engagement,16241,2156,3416.81,391,154,565565.51,1.58,13.28,22.19,165.52
2025-01-27,CMP_1008,Email_CRM_Automation,CRM,Retention & Re-engagement,14650,1785,2657.48,274,143,590162.97,1.49,12.18,18.58,222.08
2025-01-28,CMP_1008,Email_CRM_Automation,CRM,Retention & Re-engagement,9066,1136,1607.44,180,92,349837.08,1.42,12.53,17.47,217.64
2025-01-29,CMP_1008,Email_CRM_Automation,CRM,Retention & Re-engagement,14345,1746,2680.74,261,142,531647.29,1.54,12.17,18.88,198.32
2025-01-30,CMP_1008,Email_CRM_Automation,CRM,Retention & Re-engagement,18112,1942,3011.51,328,153,604163.25,1.55,10.72,19.68,200.62
2025-01-31,CMP_1008,Email_CRM_Automation,CRM,Retention & Re-engagement,17963,2014,3152.17,363,166,496806.52,1.57,11.21,18.99,157.61
2025-02-01,CMP_1008,Email_CRM_Automation,CRM,Retention & Re-engagement,17817,2055,3176.95,370,141,502937.93,1.55,11.53,22.53,158.31
2025-02-02,CMP_1008,Email_CRM_Automation,CRM,Retention & Re-engagement,20845,2397,3555.06,407,166,641533.71,1.48,11.5,21.42,180.46
2025-02-03,CMP_1008,Email_CRM_Automation,CRM,Retention & Re-engagement,15395,1855,2704.96,278,151,465917.72,1.46,12.05,17.91,172.25
2025-02-04,CMP_1008,Email_CRM_Automation,CRM,Retention & Re-engagement,21776,2352,3756.75,413,164,482464.88,1.6,10.8,22.91,128.43
2025-02-05,CMP_1008,Email_CRM_Automation,CRM,Retention & Re-engagement,11761,1430,2218.86,217,116,406597.08,1.55,12.16,19.13,183.25
2025-02-06,CMP_1008,Email_CRM_Automation,CRM,Retention & Re-engagement,20236,2429,3780.27,409,174,550273.26,1.56,12.0,21.73,145.56
2025-02-07,CMP_1008,Email_CRM_Automation,CRM,Retention & Re-engagement,6481,810,1194.62,138,55,184288.09,1.47,12.5,21.72,154.27
2025-02-08,CMP_1008,Email_CRM_Automation,CRM,Retention & Re-engagement,28600,3100,4585.62,484,211,895671.63,1.48,10.84,21.73,195.32
2025-02-09,CMP_1008,Email_CRM_Automation,CRM,Retention & Re-engagement,17084,2158,2989.27,351,171,708953.59,1.39,12.63,17.48,237.17
2025-02-10,CMP_1008,Email_CRM_Automation,CRM,Retention & Re-engagement,18785,2085,3178.17,363,170,625449.47,1.52,11.1,18.7,196.8
2025-02-11,CMP_1008,Email_CRM_Automation,CRM,Retention & Re-engagement,11241,1425,2097.32,255,109,432097.05,1.47,12.68,19.24,206.02
2025-02-12,CMP_1008,Email_CRM_Automation,CRM,Retention & Re-engagement,25263,2822,4010.83,468,197,739457.88,1.42,11.17,20.36,184.37
2025-02-13,CMP_1008,Email_CRM_Automation,CRM,Retention & Re-engagement,20032,2383,3751.36,368,183,775954.83,1.57,11.9,20.5,206.85
2025-02-14,CMP_1008,Email_CRM_Automation,CRM,Retention & Re-engagement,15098,1610,2463.03,240,116,366126.85,1.53,10.66,21.23,148.65
2025-02-15,CMP_1008,Email_CRM_Automation,CRM,Retention & Re-engagement,21804,2507,3615.72,391,203,725441.43,1.44,11.5,17.81,200.64
2025-02-16,CMP_1008,Email_CRM_Automation,CRM,Retention & Re-engagement,19835,2332,3586.64,394,170,569833.65,1.54,11.76,21.1,158.88
2025-02-17,CMP_1008,Email_CRM_Automation,CRM,Retention & Re-engagement,24785,2724,3951.3,437,200,749002.14,1.45,10.99,19.76,189.56
2025-02-18,CMP_1008,Email_CRM_Automation,CRM,Retention & Re-engagement,25815,2753,4404.88,430,193,689612.24,1.6,10.66,22.82,156.56
2025-02-19,CMP_1008,Email_CRM_Automation,CRM,Retention & Re-engagement,24429,2998,4311.97,532,243,1019129.14,1.44,12.27,17.74,236.35
2025-02-20,CMP_1008,Email_CRM_Automation,CRM,Retention & Re-engagement,12597,1659,2597.31,259,116,336263.56,1.57,13.17,22.39,129.47
2025-02-21,CMP_1008,Email_CRM_Automation,CRM,Retention & Re-engagement,18468,2289,3261.66,396,186,701169.76,1.42,12.39,17.54,214.97
2025-02-22,CMP_1008,Email_CRM_Automation,CRM,Retention & Re-engagement,18368,2122,3423.72,339,160,545850.01,1.61,11.55,21.4,159.43
2025-02-23,CMP_1008,Email_CRM_Automation,CRM,Retention & Re-engagement,22446,2708,3962.13,434,183,668852.29,1.46,12.06,21.65,168.81
2025-02-24,CMP_1008,Email_CRM_Automation,CRM,Retention & Re-engagement,24150,2606,3674.84,451,176,738188.26,1.41,10.79,20.88,200.88
2025-02-25,CMP_1008,Email_CRM_Automation,CRM,Retention & Re-engagement,19304,2363,3295.13,378,189,639058.69,1.39,12.24,17.43,193.94
2025-02-26,CMP_1008,Email_CRM_Automation,CRM,Retention & Re-engagement,16009,2086,3009.32,335,141,482331.84,1.44,13.03,21.34,160.28
2025-02-27,CMP_1008,Email_CRM_Automation,CRM,Retention & Re-engagement,12570,1348,2001.07,226,106,365923.14,1.48,10.72,18.88,182.86
2025-02-28,CMP_1008,Email_CRM_Automation,CRM,Retention & Re-engagement,22655,2450,3628.39,380,171,606211.31,1.48,10.81,21.22,167.07
2025-03-01,CMP_1008,Email_CRM_Automation,CRM,Retention & Re-engagement,22233,2732,3818.84,453,205,835886.81,1.4,12.29,18.63,218.89
2025-03-02,CMP_1008,Email_CRM_Automation,CRM,Retention & Re-engagement,21840,2332,3333.81,398,169,492452.87,1.43,10.68,19.73,147.71
2025-03-03,CMP_1008,Email_CRM_Automation,CRM,Retention & Re-engagement,13810,1527,2334.34,247,114,400660.17,1.53,11.06,20.48,171.64
2025-03-04,CMP_1008,Email_CRM_Automation,CRM,Retention & Re-engagement,12356,1321,2132.03,237,100,397218.97,1.61,10.69,21.32,186.31
2025-03-05,CMP_1008,Email_CRM_Automation,CRM,Retention & Re-engagement,8690,1142,1817.06,178,80,285190.39,1.59,13.14,22.71,156.95
2025-03-06,CMP_1008,Email_CRM_Automation,CRM,Retention & Re-engagement,6632,762,1216.26,129,59,232990.86,1.6,11.49,20.61,191.56
2025-03-07,CMP_1008,Email_CRM_Automation,CRM,Retention & Re-engagement,6972,859,1385.41,148,62,235670.11,1.61,12.32,22.35,170.11
2025-03-08,CMP_1008,Email_CRM_Automation,CRM,Retention & Re-engagement,26824,3022,4358.09,520,227,866971.16,1.44,11.27,19.2,198.93
2025-03-09,CMP_1008,Email_CRM_Automation,CRM,Retention & Re-engagement,20937,2571,3823.11,406,201,801198.85,1.49,12.28,19.02,209.57
2025-03-10,CMP_1008,Email_CRM_Automation,CRM,Retention & Re-engagement,10782,1232,1778.3,209,96,369367.25,1.44,11.43,18.52,207.71
2025-03-11,CMP_1008,Email_CRM_Automation,CRM,Retention & Re-engagement,13502,1525,2249.64,234,118,355974.94,1.48,11.29,19.06,158.24
2025-03-12,CMP_1008,Email_CRM_Automation,CRM,Retention & Re-engagement,20593,2665,4278.92,471,216,744271.8,1.61,12.94,19.81,173.94
2025-03-13,CMP_1008,Email_CRM_Automation,CRM,Retention & Re-engagement,15857,2033,2817.31,306,167,635889.77,1.39,12.82,16.87,225.71
2025-03-14,CMP_1008,Email_CRM_Automation,CRM,Retention & Re-engagement,18104,2040,3185.23,348,139,560092.57,1.56,11.27,22.92,175.84
2025-03-15,CMP_1008,Email_CRM_Automation,CRM,Retention & Re-engagement,24114,2594,3719.83,426,181,702649.93,1.43,10.76,20.55,188.89
2025-03-16,CMP_1008,Email_CRM_Automation,CRM,Retention & Re-engagement,15650,1807,2597.2,302,129,439124.24,1.44,11.55,20.13,169.08
2025-03-17,CMP_1008,Email_CRM_Automation,CRM,Retention & Re-engagement,16322,1878,2629.9,305,142,482302.46,1.4,11.51,18.52,183.39
2025-03-18,CMP_1008,Email_CRM_Automation,CRM,Retention & Re-engagement,20078,2143,3364.14,348,156,588230.25,1.57,10.67,21.56,174.85
2025-03-19,CMP_1008,Email_CRM_Automation,CRM,Retention & Re-engagement,16281,1861,3009.39,278,130,445558.08,1.62,11.43,23.15,148.06
2025-03-20,CMP_1008,Email_CRM_Automation,CRM,Retention & Re-engagement,21679,2350,3421.95,382,170,519649.56,1.46,10.84,20.13,151.86
2025-03-21,CMP_1008,Email_CRM_Automation,CRM,Retention & Re-engagement,19205,2423,3519.67,408,179,575498.4,1.45,12.62,19.66,163.51
2025-03-22,CMP_1008,Email_CRM_Automation,CRM,Retention & Re-engagement,16795,2060,3025.83,329,145,442016.45,1.47,12.27,20.87,146.08
2025-03-23,CMP_1008,Email_CRM_Automation,CRM,Retention & Re-engagement,17314,2073,3172.64,367,156,552842.59,1.53,11.97,20.34,174.25
2025-03-24,CMP_1008,Email_CRM_Automation,CRM,Retention & Re-engagement,18824,2378,3810.35,361,166,657440.86,1.6,12.63,22.95,172.54
2025-03-25,CMP_1008,Email_CRM_Automation,CRM,Retention & Re-engagement,16720,2070,3133.07,337,160,486005.52,1.51,12.38,19.58,155.12
2025-03-26,CMP_1008,Email_CRM_Automation,CRM,Retention & Re-engagement,19464,2476,3988.96,419,178,553384.1,1.61,12.72,22.41,138.73
2025-03-27,CMP_1008,Email_CRM_Automation,CRM,Retention & Re-engagement,24566,2865,4390.32,483,228,667070.38,1.53,11.66,19.26,151.94
2025-03-28,CMP_1008,Email_CRM_Automation,CRM,Retention & Re-engagement,11699,1491,2219.92,248,115,413158.19,1.49,12.74,19.3,186.11
2025-03-29,CMP_1008,Email_CRM_Automation,CRM,Retention & Re-engagement,15604,1820,2581.65,279,149,622467.48,1.42,11.66,17.33,241.11
2025-03-30,CMP_1008,Email_CRM_Automation,CRM,Retention & Re-engagement,18125,2248,3284.26,373,179,670055.36,1.46,12.4,18.35,204.02
2025-03-31,CMP_1008,Email_CRM_Automation,CRM,Retention & Re-engagement,14503,1911,3052.88,316,146,619809.42,1.6,13.18,20.91,203.02
2025-04-01,CMP_1008,Email_CRM_Automation,CRM,Retention & Re-engagement,26020,2991,4342.44,462,242,944406.02,1.45,11.5,17.94,217.48
2025-04-02,CMP_1008,Email_CRM_Automation,CRM,Retention & Re-engagement,21282,2557,3558.74,438,193,732751.63,1.39,12.01,18.44,205.9
2025-04-03,CMP_1008,Email_CRM_Automation,CRM,Retention & Re-engagement,18353,2136,3368.16,377,149,485502.35,1.58,11.64,22.61,144.14
2025-04-04,CMP_1008,Email_CRM_Automation,CRM,Retention & Re-engagement,15303,1971,2899.77,335,145,547646.88,1.47,12.88,20.0,188.86
2025-04-05,CMP_1008,Email_CRM_Automation,CRM,Retention & Re-engagement,19198,2127,2962.4,359,164,646622.99,1.39,11.08,18.06,218.28
2025-04-06,CMP_1008,Email_CRM_Automation,CRM,Retention & Re-engagement,22077,2944,4546.71,458,223,826973.12,1.54,13.34,20.39,181.88
2025-04-07,CMP_1008,Email_CRM_Automation,CRM,Retention & Re-engagement,13609,1516,2456.62,251,110,396573.59,1.62,11.14,22.33,161.43
2025-04-08,CMP_1008,Email_CRM_Automation,CRM,Retention & Re-engagement,9275,1066,1518.73,160,87,320191.42,1.42,11.49,17.46,210.83
2025-04-09,CMP_1008,Email_CRM_Automation,CRM,Retention & Re-engagement,19688,2319,3654.84,413,173,635007.86,1.58,11.78,21.13,173.74
2025-04-10,CMP_1008,Email_CRM_Automation,CRM,Retention & Re-engagement,25559,2899,4395.6,444,222,789273.21,1.52,11.34,19.8,179.56
2025-04-11,CMP_1008,Email_CRM_Automation,CRM,Retention & Re-engagement,17975,2103,2950.91,348,168,502907.57,1.4,11.7,17.56,170.42
2025-04-12,CMP_1008,Email_CRM_Automation,CRM,Retention & Re-engagement,23668,2697,4142.5,475,202,720687.23,1.54,11.4,20.51,173.97
2025-04-13,CMP_1008,Email_CRM_Automation,CRM,Retention & Re-engagement,13538,1799,2904.4,288,125,416613.34,1.61,13.29,23.24,143.44
2025-04-14,CMP_1008,Email_CRM_Automation,CRM,Retention & Re-engagement,18233,2194,3487.93,366,148,471096.07,1.59,12.03,23.57,135.06
2025-04-15,CMP_1008,Email_CRM_Automation,CRM,Retention & Re-engagement,16343,2081,2884.41,319,167,628741.82,1.39,12.73,17.27,217.98
2025-04-16,CMP_1008,Email_CRM_Automation,CRM,Retention & Re-engagement,12596,1657,2536.7,285,120,442661.0,1.53,13.15,21.14,174.5
2025-04-17,CMP_1008,Email_CRM_Automation,CRM,Retention & Re-engagement,13469,1810,2633.75,313,138,478257.28,1.46,13.44,19.09,181.59
2025-04-18,CMP_1008,Email_CRM_Automation,CRM,Retention & Re-engagement,10873,1272,1764.32,227,97,291405.44,1.39,11.7,18.19,165.17
2025-04-19,CMP_1008,Email_CRM_Automation,CRM,Retention & Re-engagement,23389,2651,4221.8,414,190,698249.06,1.59,11.33,22.22,165.39
2025-04-20,CMP_1008,Email_CRM_Automation,CRM,Retention & Re-engagement,15900,1824,2832.62,317,127,502204.26,1.55,11.47,22.3,177.29
2025-04-21,CMP_1008,Email_CRM_Automation,CRM,Retention & Re-engagement,28169,3529,5432.55,580,273,818597.05,1.54,12.53,19.9,150.68
2025-04-22,CMP_1008,Email_CRM_Automation,CRM,Retention & Re-engagement,19035,2052,3196.22,367,168,623967.5,1.56,10.78,19.03,195.22
2025-04-23,CMP_1008,Email_CRM_Automation,CRM,Retention & Re-engagement,11067,1405,2102.43,223,105,434276.37,1.5,12.7,20.02,206.56
2025-04-24,CMP_1008,Email_CRM_Automation,CRM,Retention & Re-engagement,13439,1590,2307.83,252,116,433151.69,1.45,11.83,19.9,187.69
2025-04-25,CMP_1008,Email_CRM_Automation,CRM,Retention & Re-engagement,12036,1526,2385.4,267,103,304356.55,1.56,12.68,23.16,127.59
2025-04-26,CMP_1008,Email_CRM_Automation,CRM,Retention & Re-engagement,21098,2260,3433.57,354,174,706176.8,1.52,10.71,19.73,205.67
2025-04-27,CMP_1008,Email_CRM_Automation,CRM,Retention & Re-engagement,23264,2792,4468.54,464,223,807520.79,1.6,12.0,20.04,180.71
2025-04-28,CMP_1008,Email_CRM_Automation,CRM,Retention & Re-engagement,18037,2377,3731.96,370,179,722401.41,1.57,13.18,20.85,193.57
2025-04-29,CMP_1008,Email_CRM_Automation,CRM,Retention & Re-engagement,16764,2154,3030.46,332,171,636516.94,1.41,12.85,17.72,210.04
2025-04-30,CMP_1008,Email_CRM_Automation,CRM,Retention & Re-engagement,15179,1880,2903.6,305,152,546622.13,1.54,12.39,19.1,188.26
2025-05-01,CMP_1008,Email_CRM_Automation,CRM,Retention & Re-engagement,14507,1558,2340.17,278,109,393331.82,1.5,10.74,21.47,168.08
2025-05-02,CMP_1008,Email_CRM_Automation,CRM,Retention & Re-engagement,17577,1978,2980.97,343,150,608119.08,1.51,11.25,19.87,204.0
2025-05-03,CMP_1008,Email_CRM_Automation,CRM,Retention & Re-engagement,19930,2477,3950.38,427,187,638197.92,1.59,12.43,21.13,161.55
2025-05-04,CMP_1008,Email_CRM_Automation,CRM,Retention & Re-engagement,23653,2712,4014.41,437,200,598008.6,1.48,11.47,20.07,148.97
2025-05-05,CMP_1008,Email_CRM_Automation,CRM,Retention & Re-engagement,20336,2437,3654.76,409,177,659117.26,1.5,11.98,20.65,180.34
2025-05-06,CMP_1008,Email_CRM_Automation,CRM,Retention & Re-engagement,14897,1876,3025.93,299,130,401056.41,1.61,12.59,23.28,132.54
2025-05-07,CMP_1008,Email_CRM_Automation,CRM,Retention & Re-engagement,23224,2483,3527.52,442,187,718443.68,1.42,10.69,18.86,203.67
2025-05-08,CMP_1008,Email_CRM_Automation,CRM,Retention & Re-engagement,18043,2408,3833.61,392,196,759240.17,1.59,13.35,19.56,198.05
2025-05-09,CMP_1008,Email_CRM_Automation,CRM,Retention & Re-engagement,22182,2778,3881.72,475,225,764367.23,1.4,12.52,17.25,196.91
2025-05-10,CMP_1008,Email_CRM_Automation,CRM,Retention & Re-engagement,21007,2256,3294.33,373,179,567566.41,1.46,10.74,18.4,172.29
2025-05-11,CMP_1008,Email_CRM_Automation,CRM,Retention & Re-engagement,20695,2307,3477.1,351,173,518592.09,1.51,11.15,20.1,149.15
2025-05-12,CMP_1008,Email_CRM_Automation,CRM,Retention & Re-engagement,18198,2210,3106.65,371,150,550468.86,1.41,12.14,20.71,177.19
2025-05-13,CMP_1008,Email_CRM_Automation,CRM,Retention & Re-engagement,17578,2222,3514.0,339,169,642920.51,1.58,12.64,20.79,182.96
2025-05-14,CMP_1008,Email_CRM_Automation,CRM,Retention & Re-engagement,20272,2537,3888.02,444,196,653798.9,1.53,12.51,19.84,168.16
2025-05-15,CMP_1008,Email_CRM_Automation,CRM,Retention & Re-engagement,20854,2741,4030.47,408,213,892149.96,1.47,13.14,18.92,221.35
2025-05-16,CMP_1008,Email_CRM_Automation,CRM,Retention & Re-engagement,17689,2027,3014.87,318,149,507360.19,1.49,11.46,20.23,168.29
2025-05-17,CMP_1008,Email_CRM_Automation,CRM,Retention & Re-engagement,20795,2683,4110.68,424,189,717628.76,1.53,12.9,21.75,174.58
2025-05-18,CMP_1008,Email_CRM_Automation,CRM,Retention & Re-engagement,22179,2887,3995.99,478,221,666152.6,1.38,13.02,18.08,166.71
2025-05-19,CMP_1008,Email_CRM_Automation,CRM,Retention & Re-engagement,22122,2481,3681.83,389,186,743058.86,1.48,11.22,19.79,201.82
2025-05-20,CMP_1008,Email_CRM_Automation,CRM,Retention & Re-engagement,21924,2585,3902.2,466,196,634137.28,1.51,11.79,19.91,162.51
2025-05-21,CMP_1008,Email_CRM_Automation,CRM,Retention & Re-engagement,26354,3247,4661.4,538,219,880136.67,1.44,12.32,21.28,188.81
2025-05-22,CMP_1008,Email_CRM_Automation,CRM,Retention & Re-engagement,26243,3045,4252.65,546,244,799914.57,1.4,11.6,17.43,188.1
2025-05-23,CMP_1008,Email_CRM_Automation,CRM,Retention & Re-engagement,26549,3147,4462.42,504,244,1025861.73,1.42,11.85,18.29,229.89
2025-05-24,CMP_1008,Email_CRM_Automation,CRM,Retention & Re-engagement,17630,1881,3001.72,338,145,604751.11,1.6,10.67,20.7,201.47
2025-05-25,CMP_1008,Email_CRM_Automation,CRM,Retention & Re-engagement,21700,2317,3309.71,381,172,574622.67,1.43,10.68,19.24,173.62
2025-05-26,CMP_1008,Email_CRM_Automation,CRM,Retention & Re-engagement,13561,1716,2672.04,278,139,433275.5,1.56,12.65,19.22,162.15
2025-05-27,CMP_1008,Email_CRM_Automation,CRM,Retention & Re-engagement,24641,2647,3822.85,462,203,673618.72,1.44,10.74,18.83,176.21
2025-05-28,CMP_1008,Email_CRM_Automation,CRM,Retention & Re-engagement,20334,2299,3310.23,407,172,667666.62,1.44,11.31,19.25,201.7
2025-05-29,CMP_1008,Email_CRM_Automation,CRM,Retention & Re-engagement,15208,1766,2452.93,290,124,378629.1,1.39,11.61,19.78,154.36
2025-05-30,CMP_1008,Email_CRM_Automation,CRM,Retention & Re-engagement,18806,2031,3270.06,344,166,700583.78,1.61,10.8,19.7,214.24
2025-05-31,CMP_1008,Email_CRM_Automation,CRM,Retention & Re-engagement,17898,1974,2948.03,306,159,656652.33,1.49,11.03,18.54,222.74
2025-06-01,CMP_1008,Email_CRM_Automation,CRM,Retention & Re-engagement,22677,2827,4404.1,496,219,791957.25,1.56,12.47,20.11,179.82
2025-06-02,CMP_1008,Email_CRM_Automation,CRM,Retention & Re-engagement,18886,2399,3447.48,393,172,684671.27,1.44,12.7,20.04,198.6
2025-06-03,CMP_1008,Email_CRM_Automation,CRM,Retention & Re-engagement,18689,2323,3298.24,363,188,568760.01,1.42,12.43,17.54,172.44
2025-06-04,CMP_1008,Email_CRM_Automation,CRM,Retention & Re-engagement,15874,2038,3134.15,326,166,671800.96,1.54,12.84,18.88,214.35
2025-06-05,CMP_1008,Email_CRM_Automation,CRM,Retention & Re-engagement,10145,1354,2158.76,204,100,363573.15,1.59,13.35,21.59,168.42
2025-06-06,CMP_1008,Email_CRM_Automation,CRM,Retention & Re-engagement,13574,1581,2217.8,251,119,450917.14,1.4,11.65,18.64,203.32
2025-06-07,CMP_1008,Email_CRM_Automation,CRM,Retention & Re-engagement,13704,1715,2702.75,304,127,521422.64,1.58,12.51,21.28,192.92
2025-06-08,CMP_1008,Email_CRM_Automation,CRM,Retention & Re-engagement,19361,2289,3634.57,368,186,718448.07,1.59,11.82,19.54,197.67
2025-06-09,CMP_1008,Email_CRM_Automation,CRM,Retention & Re-engagement,11722,1565,2270.57,248,107,412193.16,1.45,13.35,21.22,181.54
2025-06-10,CMP_1008,Email_CRM_Automation,CRM,Retention & Re-engagement,18107,2061,3207.54,326,153,446703.84,1.56,11.38,20.96,139.27
2025-06-11,CMP_1008,Email_CRM_Automation,CRM,Retention & Re-engagement,12119,1560,2473.68,265,112,402325.34,1.59,12.87,22.09,162.64
2025-06-12,CMP_1008,Email_CRM_Automation,CRM,Retention & Re-engagement,22338,2577,3832.51,454,192,772320.66,1.49,11.54,19.96,201.52
2025-06-13,CMP_1008,Email_CRM_Automation,CRM,Retention & Re-engagement,16823,2030,3049.95,315,158,474837.66,1.5,12.07,19.3,155.69
2025-06-14,CMP_1008,Email_CRM_Automation,CRM,Retention & Re-engagement,19280,2353,3571.62,420,177,544523.73,1.52,12.2,20.18,152.46
2025-06-15,CMP_1008,Email_CRM_Automation,CRM,Retention & Re-engagement,17211,1833,2620.47,303,126,444575.42,1.43,10.65,20.8,169.65
2025-06-16,CMP_1008,Email_CRM_Automation,CRM,Retention & Re-engagement,15396,1945,3120.97,293,137,521446.78,1.6,12.63,22.78,167.08
2025-06-17,CMP_1008,Email_CRM_Automation,CRM,Retention & Re-engagement,15940,2123,3208.52,367,170,573143.78,1.51,13.32,18.87,178.63
2025-06-18,CMP_1008,Email_CRM_Automation,CRM,Retention & Re-engagement,21723,2679,4054.03,426,203,652005.82,1.51,12.33,19.97,160.83
2025-06-19,CMP_1008,Email_CRM_Automation,CRM,Retention & Re-engagement,13221,1745,2718.36,285,134,406037.49,1.56,13.2,20.29,149.37
2025-06-20,CMP_1008,Email_CRM_Automation,CRM,Retention & Re-engagement,11305,1379,2203.05,240,109,353030.67,1.6,12.2,20.21,160.25
2025-06-21,CMP_1008,Email_CRM_Automation,CRM,Retention & Re-engagement,21369,2677,3752.59,482,192,779821.28,1.4,12.53,19.54,207.81
2025-06-22,CMP_1008,Email_CRM_Automation,CRM,Retention & Re-engagement,16323,2075,3328.67,323,150,440805.1,1.6,12.71,22.19,132.43
2025-06-23,CMP_1008,Email_CRM_Automation,CRM,Retention & Re-engagement,18176,2104,3223.86,317,165,639882.48,1.53,11.58,19.54,198.48
2025-06-24,CMP_1008,Email_CRM_Automation,CRM,Retention & Re-engagement,15856,2008,3212.23,353,158,592142.06,1.6,12.66,20.33,184.34
2025-06-25,CMP_1008,Email_CRM_Automation,CRM,Retention & Re-engagement,20602,2412,3706.9,364,173,627898.03,1.54,11.71,21.43,169.39
2025-06-26,CMP_1008,Email_CRM_Automation,CRM,Retention & Re-engagement,17727,1985,2871.61,329,139,553019.52,1.45,11.2,20.66,192.58
2025-06-27,CMP_1008,Email_CRM_Automation,CRM,Retention & Re-engagement,31666,3640,5152.25,589,289,1137913.5,1.42,11.49,17.83,220.86
2025-06-28,CMP_1008,Email_CRM_Automation,CRM,Retention & Re-engagement,16084,1984,2844.51,310,163,682136.82,1.43,12.34,17.45,239.81
2025-06-29,CMP_1008,Email_CRM_Automation,CRM,Retention & Re-engagement,23780,3005,4725.12,515,246,910490.35,1.57,12.64,19.21,192.69
2025-06-30,CMP_1008,Email_CRM_Automation,CRM,Retention & Re-engagement,17322,2253,3453.29,384,176,564690.62,1.53,13.01,19.62,163.52
2025-07-01,CMP_1008,Email_CRM_Automation,CRM,Retention & Re-engagement,12314,1462,2195.56,265,112,443471.28,1.5,11.87,19.6,201.99
2025-07-02,CMP_1008,Email_CRM_Automation,CRM,Retention & Re-engagement,14303,1853,2706.38,312,144,473821.32,1.46,12.96,18.79,175.08
2025-07-03,CMP_1008,Email_CRM_Automation,CRM,Retention & Re-engagement,23333,3079,4684.69,548,252,957020.93,1.52,13.2,18.59,204.29
2025-07-04,CMP_1008,Email_CRM_Automation,CRM,Retention & Re-engagement,17271,2238,3611.33,352,165,530345.26,1.61,12.96,21.89,146.86
2025-07-05,CMP_1008,Email_CRM_Automation,CRM,Retention & Re-engagement,9291,1204,1883.15,217,92,323626.5,1.56,12.96,20.47,171.85
2025-07-06,CMP_1008,Email_CRM_Automation,CRM,Retention & Re-engagement,16812,1883,2737.07,292,138,584958.46,1.45,11.2,19.83,213.72
2025-07-07,CMP_1008,Email_CRM_Automation,CRM,Retention & Re-engagement,19996,2375,3479.66,364,174,527281.2,1.47,11.88,20.0,151.53
2025-07-08,CMP_1008,Email_CRM_Automation,CRM,Retention & Re-engagement,14130,1532,2311.59,267,116,449453.17,1.51,10.84,19.93,194.43
2025-07-09,CMP_1008,Email_CRM_Automation,CRM,Retention & Re-engagement,9015,1088,1528.29,180,81,315665.5,1.4,12.07,18.87,206.55
2025-07-10,CMP_1008,Email_CRM_Automation,CRM,Retention & Re-engagement,9888,1258,1988.09,192,96,287926.98,1.58,12.72,20.71,144.83
2025-07-11,CMP_1008,Email_CRM_Automation,CRM,Retention & Re-engagement,12290,1603,2263.53,270,116,340087.52,1.41,13.04,19.51,150.25
2025-07-12,CMP_1008,Email_CRM_Automation,CRM,Retention & Re-engagement,22619,2990,4513.03,502,245,753515.51,1.51,13.22,18.42,166.96
2025-07-13,CMP_1008,Email_CRM_Automation,CRM,Retention & Re-engagement,26953,2917,4393.4,489,223,865472.94,1.51,10.82,19.7,196.99
2025-07-14,CMP_1008,Email_CRM_Automation,CRM,Retention & Re-engagement,16275,2080,3250.51,354,147,505644.81,1.56,12.78,22.11,155.56
2025-07-15,CMP_1008,Email_CRM_Automation,CRM,Retention & Re-engagement,18725,2099,3055.2,346,160,464526.44,1.46,11.21,19.1,152.04
2025-07-16,CMP_1008,Email_CRM_Automation,CRM,Retention & Re-engagement,11577,1496,2345.93,269,105,388352.11,1.57,12.92,22.34,165.54
2025-07-17,CMP_1008,Email_CRM_Automation,CRM,Retention & Re-engagement,7851,1006,1525.0,150,82,327297.99,1.52,12.81,18.6,214.62
2025-07-18,CMP_1008,Email_CRM_Automation,CRM,Retention & Re-engagement,11780,1502,2344.76,242,118,403088.88,1.56,12.75,19.87,171.91
2025-07-19,CMP_1008,Email_CRM_Automation,CRM,Retention & Re-engagement,21287,2508,3653.84,413,201,723909.83,1.46,11.78,18.18,198.12
2025-07-20,CMP_1008,Email_CRM_Automation,CRM,Retention & Re-engagement,11291,1273,1868.76,206,95,370948.04,1.47,11.27,19.67,198.5
2025-07-21,CMP_1008,Email_CRM_Automation,CRM,Retention & Re-engagement,16201,1879,2765.25,303,149,496296.65,1.47,11.6,18.56,179.48
2025-07-22,CMP_1008,Email_CRM_Automation,CRM,Retention & Re-engagement,14453,1786,2680.46,278,139,505135.92,1.5,12.36,19.28,188.45
2025-07-23,CMP_1008,Email_CRM_Automation,CRM,Retention & Re-engagement,21612,2832,4074.37,472,217,885377.4,1.44,13.1,18.78,217.3
2025-07-24,CMP_1008,Email_CRM_Automation,CRM,Retention & Re-engagement,14529,1786,2815.43,309,132,479745.25,1.58,12.29,21.33,170.4
2025-07-25,CMP_1008,Email_CRM_Automation,CRM,Retention & Re-engagement,21453,2440,3368.98,409,186,734128.6,1.38,11.37,18.11,217.91
2025-07-26,CMP_1008,Email_CRM_Automation,CRM,Retention & Re-engagement,15988,1923,2887.65,331,144,535326.89,1.5,12.03,20.05,185.38
2025-07-27,CMP_1008,Email_CRM_Automation,CRM,Retention & Re-engagement,20094,2124,3128.38,358,144,514892.44,1.47,10.57,21.72,164.59
2025-07-28,CMP_1008,Email_CRM_Automation,CRM,Retention & Re-engagement,19326,2347,3692.7,369,186,605767.61,1.57,12.14,19.85,164.04
2025-07-29,CMP_1008,Email_CRM_Automation,CRM,Retention & Re-engagement,19009,2503,3556.95,388,206,597388.11,1.42,13.17,17.27,167.95
2025-07-30,CMP_1008,Email_CRM_Automation,CRM,Retention & Re-engagement,25988,2894,4177.12,431,227,870104.41,1.44,11.14,18.4,208.3
2025-07-31,CMP_1008,Email_CRM_Automation,CRM,Retention & Re-engagement,13300,1657,2464.72,270,129,484034.29,1.49,12.46,19.11,196.39
2025-08-01,CMP_1008,Email_CRM_Automation,CRM,Retention & Re-engagement,20203,2588,3643.19,445,200,620185.46,1.41,12.81,18.22,170.23
2025-08-02,CMP_1008,Email_CRM_Automation,CRM,Retention & Re-engagement,16948,1901,2751.56,332,146,534220.15,1.45,11.22,18.85,194.15
2025-08-03,CMP_1008,Email_CRM_Automation,CRM,Retention & Re-engagement,11132,1470,2108.86,227,116,487742.28,1.43,13.21,18.18,231.28
2025-08-04,CMP_1008,Email_CRM_Automation,CRM,Retention & Re-engagement,12527,1440,2058.64,214,111,361348.09,1.43,11.5,18.55,175.53
2025-08-05,CMP_1008,Email_CRM_Automation,CRM,Retention & Re-engagement,19173,2223,3503.27,365,182,585922.44,1.58,11.59,19.25,167.25
2025-08-06,CMP_1008,Email_CRM_Automation,CRM,Retention & Re-engagement,21836,2621,3757.24,419,207,773471.5,1.43,12.0,18.15,205.86
2025-08-07,CMP_1008,Email_CRM_Automation,CRM,Retention & Re-engagement,19110,2447,3656.73,382,192,780846.54,1.49,12.8,19.05,213.54
2025-08-08,CMP_1008,Email_CRM_Automation,CRM,Retention & Re-engagement,16298,2182,3225.6,351,168,522322.23,1.48,13.39,19.2,161.93
2025-08-09,CMP_1008,Email_CRM_Automation,CRM,Retention & Re-engagement,17708,2229,3601.11,386,152,597093.73,1.62,12.59,23.69,165.81
2025-08-10,CMP_1008,Email_CRM_Automation,CRM,Retention & Re-engagement,22230,2661,3858.72,404,198,637876.89,1.45,11.97,19.49,165.31
2025-08-11,CMP_1008,Email_CRM_Automation,CRM,Retention & Re-engagement,24110,2659,3893.58,415,182,753673.99,1.46,11.03,21.39,193.57
2025-08-12,CMP_1008,Email_CRM_Automation,CRM,Retention & Re-engagement,5877,727,1097.94,130,51,167889.52,1.51,12.37,21.53,152.91
2025-08-13,CMP_1008,Email_CRM_Automation,CRM,Retention & Re-engagement,18961,2205,3560.18,329,153,447650.56,1.61,11.63,23.27,125.74
2025-08-14,CMP_1008,Email_CRM_Automation,CRM,Retention & Re-engagement,15920,1902,2663.21,307,145,505590.79,1.4,11.95,18.37,189.84
2025-08-15,CMP_1008,Email_CRM_Automation,CRM,Retention & Re-engagement,15826,1915,3072.03,328,155,478910.59,1.6,12.1,19.82,155.89
2025-08-16,CMP_1008,Email_CRM_Automation,CRM,Retention & Re-engagement,17696,2130,3012.08,338,157,663511.23,1.41,12.04,19.19,220.28
2025-08-17,CMP_1008,Email_CRM_Automation,CRM,Retention & Re-engagement,18056,2188,3101.83,332,158,569974.77,1.42,12.12,19.63,183.75
2025-08-18,CMP_1008,Email_CRM_Automation,CRM,Retention & Re-engagement,17725,2070,2890.23,317,146,544668.07,1.4,11.68,19.8,188.45
2025-08-19,CMP_1008,Email_CRM_Automation,CRM,Retention & Re-engagement,20767,2471,3450.73,416,182,530714.15,1.4,11.9,18.96,153.8
2025-08-20,CMP_1008,Email_CRM_Automation,CRM,Retention & Re-engagement,14034,1639,2450.12,261,111,375138.76,1.49,11.68,22.07,153.11
2025-08-21,CMP_1008,Email_CRM_Automation,CRM,Retention & Re-engagement,19396,2434,3878.59,373,185,759135.28,1.59,12.55,20.97,195.72
2025-08-22,CMP_1008,Email_CRM_Automation,CRM,Retention & Re-engagement,12993,1485,2359.02,242,111,449182.48,1.59,11.43,21.25,190.41
2025-08-23,CMP_1008,Email_CRM_Automation,CRM,Retention & Re-engagement,17261,2285,3664.96,339,185,548333.76,1.6,13.24,19.81,149.62
2025-08-24,CMP_1008,Email_CRM_Automation,CRM,Retention & Re-engagement,18420,2266,3388.85,372,184,591954.94,1.5,12.3,18.42,174.68
2025-08-25,CMP_1008,Email_CRM_Automation,CRM,Retention & Re-engagement,8431,1114,1611.41,168,85,324458.68,1.45,13.21,18.96,201.35
2025-08-26,CMP_1008,Email_CRM_Automation,CRM,Retention & Re-engagement,24616,3204,4554.87,490,235,703202.33,1.42,13.02,19.38,154.38
2025-08-27,CMP_1008,Email_CRM_Automation,CRM,Retention & Re-engagement,16126,2014,3044.36,361,158,572892.19,1.51,12.49,19.27,188.18
2025-08-28,CMP_1008,Email_CRM_Automation,CRM,Retention & Re-engagement,15965,1960,2969.83,317,156,490126.93,1.52,12.28,19.04,165.04
2025-08-29,CMP_1008,Email_CRM_Automation,CRM,Retention & Re-engagement,18844,2382,3605.38,424,192,687722.26,1.51,12.64,18.78,190.75
2025-08-30,CMP_1008,Email_CRM_Automation,CRM,Retention & Re-engagement,11867,1563,2333.78,280,126,387851.23,1.49,13.17,18.52,166.19
2025-08-31,CMP_1008,Email_CRM_Automation,CRM,Retention & Re-engagement,21878,2908,4607.89,466,218,861006.16,1.58,13.29,21.14,186.85
2025-09-01,CMP_1008,Email_CRM_Automation,CRM,Retention & Re-engagement,16573,2091,3115.22,365,156,632657.68,1.49,12.62,19.97,203.09
2025-09-02,CMP_1008,Email_CRM_Automation,CRM,Retention & Re-engagement,16976,1994,3014.49,303,146,567670.42,1.51,11.75,20.65,188.31
2025-09-03,CMP_1008,Email_CRM_Automation,CRM,Retention & Re-engagement,17849,1964,2878.96,336,160,601871.2,1.47,11.0,17.99,209.06
2025-09-04,CMP_1008,Email_CRM_Automation,CRM,Retention & Re-engagement,17253,2097,3205.35,317,164,608241.13,1.53,12.15,19.54,189.76
2025-09-05,CMP_1008,Email_CRM_Automation,CRM,Retention & Re-engagement,17792,2279,3574.79,408,187,688261.82,1.57,12.81,19.12,192.53
2025-09-06,CMP_1008,Email_CRM_Automation,CRM,Retention & Re-engagement,21140,2512,3532.73,438,170,504452.38,1.41,11.88,20.78,142.79
2025-09-07,CMP_1008,Email_CRM_Automation,CRM,Retention & Re-engagement,19513,2268,3403.56,344,178,592132.48,1.5,11.62,19.12,173.97
2025-09-08,CMP_1008,Email_CRM_Automation,CRM,Retention & Re-engagement,15620,1943,2805.99,324,141,530501.64,1.44,12.44,19.9,189.06
2025-09-09,CMP_1008,Email_CRM_Automation,CRM,Retention & Re-engagement,23290,2566,3683.7,447,200,627677.8,1.44,11.02,18.42,170.39
2025-09-10,CMP_1008,Email_CRM_Automation,CRM,Retention & Re-engagement,13518,1754,2469.47,305,127,480713.86,1.41,12.98,19.44,194.66
2025-09-11,CMP_1008,Email_CRM_Automation,CRM,Retention & Re-engagement,18634,2178,3016.02,328,162,561084.9,1.38,11.69,18.62,186.03
2025-09-12,CMP_1008,Email_CRM_Automation,CRM,Retention & Re-engagement,13497,1443,2145.58,231,113,383264.76,1.49,10.69,18.99,178.63
2025-09-13,CMP_1008,Email_CRM_Automation,CRM,Retention & Re-engagement,14469,1763,2612.45,317,121,355106.29,1.48,12.18,21.59,135.93
2025-09-14,CMP_1008,Email_CRM_Automation,CRM,Retention & Re-engagement,21852,2905,4433.47,526,217,765270.25,1.53,13.29,20.43,172.61
2025-09-15,CMP_1008,Email_CRM_Automation,CRM,Retention & Re-engagement,18062,2362,3619.95,408,177,622710.01,1.53,13.08,20.45,172.02
2025-09-16,CMP_1008,Email_CRM_Automation,CRM,Retention & Re-engagement,25344,3009,4615.36,492,203,634725.63,1.53,11.87,22.74,137.52
2025-09-17,CMP_1008,Email_CRM_Automation,CRM,Retention & Re-engagement,23240,2804,4057.5,448,193,809304.19,1.45,12.07,21.02,199.46
2025-09-18,CMP_1008,Email_CRM_Automation,CRM,Retention & Re-engagement,17318,1868,2962.35,321,135,572804.42,1.59,10.79,21.94,193.36
2025-09-19,CMP_1008,Email_CRM_Automation,CRM,Retention & Re-engagement,11037,1431,2170.14,221,111,330059.94,1.52,12.97,19.55,152.09
2025-09-20,CMP_1008,Email_CRM_Automation,CRM,Retention & Re-engagement,15463,1669,2672.35,298,124,433926.09,1.6,10.79,21.55,162.38
2025-09-21,CMP_1008,Email_CRM_Automation,CRM,Retention & Re-engagement,14366,1736,2606.74,287,132,384841.46,1.5,12.08,19.75,147.63
2025-09-22,CMP_1008,Email_CRM_Automation,CRM,Retention & Re-engagement,16762,2114,3279.21,321,160,586075.39,1.55,12.61,20.5,178.72
2025-09-23,CMP_1008,Email_CRM_Automation,CRM,Retention & Re-engagement,14592,1659,2539.73,274,131,504307.88,1.53,11.37,19.39,198.57
2025-09-24,CMP_1008,Email_CRM_Automation,CRM,Retention & Re-engagement,18536,2273,3202.55,410,158,639892.68,1.41,12.26,20.27,199.81
2025-09-25,CMP_1008,Email_CRM_Automation,CRM,Retention & Re-engagement,23021,2622,3796.76,467,191,568358.88,1.45,11.39,19.88,149.7
2025-09-26,CMP_1008,Email_CRM_Automation,CRM,Retention & Re-engagement,21557,2354,3588.98,411,181,738412.68,1.52,10.92,19.83,205.74
2025-09-27,CMP_1008,Email_CRM_Automation,CRM,Retention & Re-engagement,16191,2071,3047.78,336,169,657512.59,1.47,12.79,18.03,215.73
2025-09-28,CMP_1008,Email_CRM_Automation,CRM,Retention & Re-engagement,19229,2518,3485.22,382,175,680559.19,1.38,13.09,19.92,195.27
2025-09-29,CMP_1008,Email_CRM_Automation,CRM,Retention & Re-engagement,18406,2130,3088.27,340,154,495935.0,1.45,11.57,20.05,160.59
2025-09-30,CMP_1008,Email_CRM_Automation,CRM,Retention & Re-engagement,19356,2546,3886.26,403,178,717422.88,1.53,13.15,21.83,184.6
2025-10-01,CMP_1008,Email_CRM_Automation,CRM,Retention & Re-engagement,26969,2960,4202.74,492,227,804269.14,1.42,10.98,18.51,191.37
2025-10-02,CMP_1008,Email_CRM_Automation,CRM,Retention & Re-engagement,24495,2714,4135.72,445,209,727002.48,1.52,11.08,19.79,175.79
2025-10-03,CMP_1008,Email_CRM_Automation,CRM,Retention & Re-engagement,21750,2487,3632.37,403,168,638264.62,1.46,11.43,21.62,175.72
2025-10-04,CMP_1008,Email_CRM_Automation,CRM,Retention & Re-engagement,30462,3528,5585.43,529,290,942102.59,1.58,11.58,19.26,168.67
2025-10-05,CMP_1008,Email_CRM_Automation,CRM,Retention & Re-engagement,21356,2436,3794.75,407,179,545978.47,1.56,11.41,21.2,143.88
2025-10-06,CMP_1008,Email_CRM_Automation,CRM,Retention & Re-engagement,17971,2273,3318.28,383,157,488602.6,1.46,12.65,21.14,147.25
2025-10-07,CMP_1008,Email_CRM_Automation,CRM,Retention & Re-engagement,27512,3377,4944.11,520,243,708968.9,1.46,12.27,20.35,143.4
2025-10-08,CMP_1008,Email_CRM_Automation,CRM,Retention & Re-engagement,24285,2845,4451.48,499,222,891794.47,1.56,11.72,20.05,200.34
2025-10-09,CMP_1008,Email_CRM_Automation,CRM,Retention & Re-engagement,16489,2082,3360.15,366,140,472089.49,1.61,12.63,24.0,140.5
2025-10-10,CMP_1008,Email_CRM_Automation,CRM,Retention & Re-engagement,21298,2297,3580.43,384,169,492458.98,1.56,10.79,21.19,137.54
2025-10-11,CMP_1008,Email_CRM_Automation,CRM,Retention & Re-engagement,19654,2433,3423.71,380,174,715419.18,1.41,12.38,19.68,208.96
2025-10-12,CMP_1008,Email_CRM_Automation,CRM,Retention & Re-engagement,18812,2199,3281.64,379,178,520480.8,1.49,11.69,18.44,158.6
2025-10-13,CMP_1008,Email_CRM_Automation,CRM,Retention & Re-engagement,30982,3961,5770.25,715,323,1050310.81,1.46,12.78,17.86,182.02
2025-10-14,CMP_1008,Email_CRM_Automation,CRM,Retention & Re-engagement,16992,2263,3246.24,370,159,612391.02,1.43,13.32,20.42,188.65
2025-10-15,CMP_1008,Email_CRM_Automation,CRM,Retention & Re-engagement,18561,2047,3258.27,308,146,542455.08,1.59,11.03,22.32,166.49
2025-10-16,CMP_1008,Email_CRM_Automation,CRM,Retention & Re-engagement,19742,2353,3316.69,398,188,602093.06,1.41,11.92,17.64,181.53
2025-10-17,CMP_1008,Email_CRM_Automation,CRM,Retention & Re-engagement,19787,2335,3602.95,355,182,579880.6,1.54,11.8,19.8,160.95
2025-10-18,CMP_1008,Email_CRM_Automation,CRM,Retention & Re-engagement,27803,3223,4585.17,548,228,715869.77,1.42,11.59,20.11,156.13
2025-10-19,CMP_1008,Email_CRM_Automation,CRM,Retention & Re-engagement,24231,2722,4037.45,409,201,796353.75,1.48,11.23,20.09,197.24
2025-10-20,CMP_1008,Email_CRM_Automation,CRM,Retention & Re-engagement,18943,2470,3833.11,367,202,677572.77,1.55,13.04,18.98,176.77
2025-10-21,CMP_1008,Email_CRM_Automation,CRM,Retention & Re-engagement,12190,1583,2321.16,274,130,484169.4,1.47,12.99,17.86,208.59
2025-10-22,CMP_1008,Email_CRM_Automation,CRM,Retention & Re-engagement,23014,2490,3713.12,451,188,722418.08,1.49,10.82,19.75,194.56
2025-10-23,CMP_1008,Email_CRM_Automation,CRM,Retention & Re-engagement,27972,3088,4961.13,488,215,852993.93,1.61,11.04,23.08,171.94
2025-10-24,CMP_1008,Email_CRM_Automation,CRM,Retention & Re-engagement,15062,1626,2269.25,257,122,419989.11,1.4,10.8,18.6,185.08
2025-10-25,CMP_1008,Email_CRM_Automation,CRM,Retention & Re-engagement,27582,3121,4484.92,514,230,755796.53,1.44,11.32,19.5,168.52
2025-10-26,CMP_1008,Email_CRM_Automation,CRM,Retention & Re-engagement,28351,3387,5331.52,576,238,860505.76,1.57,11.95,22.4,161.4
2025-10-27,CMP_1008,Email_CRM_Automation,CRM,Retention & Re-engagement,21370,2730,4279.78,437,212,884072.72,1.57,12.77,20.19,206.57
2025-10-28,CMP_1008,Email_CRM_Automation,CRM,Retention & Re-engagement,14662,1611,2466.54,275,111,452443.79,1.53,10.99,22.22,183.43
2025-10-29,CMP_1008,Email_CRM_Automation,CRM,Retention & Re-engagement,13142,1532,2136.41,273,103,364158.71,1.39,11.66,20.74,170.45
2025-10-30,CMP_1008,Email_CRM_Automation,CRM,Retention & Re-engagement,23065,2698,4327.57,438,205,721516.93,1.6,11.7,21.11,166.73
2025-10-31,CMP_1008,Email_CRM_Automation,CRM,Retention & Re-engagement,29478,3292,4628.22,529,262,853122.84,1.41,11.17,17.66,184.33
2025-11-01,CMP_1008,Email_CRM_Automation,CRM,Retention & Re-engagement,24621,2639,4200.89,473,200,757187.53,1.59,10.72,21.0,180.24
2025-11-02,CMP_1008,Email_CRM_Automation,CRM,Retention & Re-engagement,33202,3553,5046.45,573,285,1116259.64,1.42,10.7,17.71,221.2
2025-11-03,CMP_1008,Email_CRM_Automation,CRM,Retention & Re-engagement,19503,2381,3582.47,363,190,752450.38,1.5,12.21,18.86,210.04
2025-11-04,CMP_1008,Email_CRM_Automation,CRM,Retention & Re-engagement,17484,2289,3689.37,388,167,622995.22,1.61,13.09,22.09,168.86
2025-11-05,CMP_1008,Email_CRM_Automation,CRM,Retention & Re-engagement,32209,3767,5719.01,597,277,1016733.9,1.52,11.7,20.65,177.78
2025-11-06,CMP_1008,Email_CRM_Automation,CRM,Retention & Re-engagement,14631,1769,2764.83,266,129,528059.22,1.56,12.09,21.43,190.99
2025-11-07,CMP_1008,Email_CRM_Automation,CRM,Retention & Re-engagement,20389,2343,3659.35,420,160,671564.67,1.56,11.49,22.87,183.52
2025-11-08,CMP_1008,Email_CRM_Automation,CRM,Retention & Re-engagement,12804,1646,2485.93,290,121,420425.42,1.51,12.86,20.54,169.12
2025-11-09,CMP_1008,Email_CRM_Automation,CRM,Retention & Re-engagement,21894,2342,3315.91,397,160,622081.43,1.42,10.7,20.72,187.61
2025-11-10,CMP_1008,Email_CRM_Automation,CRM,Retention & Re-engagement,17506,1941,2930.53,316,154,541804.38,1.51,11.09,19.03,184.88
2025-11-11,CMP_1008,Email_CRM_Automation,CRM,Retention & Re-engagement,23432,2963,4195.18,458,232,821725.23,1.42,12.65,18.08,195.87
2025-11-12,CMP_1008,Email_CRM_Automation,CRM,Retention & Re-engagement,30155,3213,4980.39,508,258,752050.29,1.55,10.65,19.3,151.0
2025-11-13,CMP_1008,Email_CRM_Automation,CRM,Retention & Re-engagement,20535,2599,3927.54,439,205,794772.89,1.51,12.66,19.16,202.36
2025-11-14,CMP_1008,Email_CRM_Automation,CRM,Retention & Re-engagement,26614,3119,4788.43,511,244,995953.39,1.54,11.72,19.62,207.99
2025-11-15,CMP_1008,Email_CRM_Automation,CRM,Retention & Re-engagement,26911,3107,4491.0,556,236,739479.58,1.45,11.55,19.03,164.66
2025-11-16,CMP_1008,Email_CRM_Automation,CRM,Retention & Re-engagement,24000,3140,4491.15,520,253,844657.16,1.43,13.08,17.75,188.07
2025-11-17,CMP_1008,Email_CRM_Automation,CRM,Retention & Re-engagement,27818,3319,4630.66,522,259,1085641.21,1.4,11.93,17.88,234.45
2025-11-18,CMP_1008,Email_CRM_Automation,CRM,Retention & Re-engagement,24174,3090,4600.75,544,241,862919.08,1.49,12.78,19.09,187.56
2025-11-19,CMP_1008,Email_CRM_Automation,CRM,Retention & Re-engagement,22452,2824,4321.83,442,224,936866.87,1.53,12.58,19.29,216.78
2025-11-20,CMP_1008,Email_CRM_Automation,CRM,Retention & Re-engagement,28554,3560,5542.58,592,287,1004655.07,1.56,12.47,19.31,181.26
2025-11-21,CMP_1008,Email_CRM_Automation,CRM,Retention & Re-engagement,20920,2718,3791.96,464,218,671096.55,1.4,12.99,17.39,176.98
2025-11-22,CMP_1008,Email_CRM_Automation,CRM,Retention & Re-engagement,21712,2736,4317.16,418,212,869021.44,1.58,12.6,20.36,201.29
2025-11-23,CMP_1008,Email_CRM_Automation,CRM,Retention & Re-engagement,21504,2527,3746.07,412,173,709845.78,1.48,11.75,21.65,189.49
2025-11-24,CMP_1008,Email_CRM_Automation,CRM,Retention & Re-engagement,29473,3679,5256.47,625,298,1197923.67,1.43,12.48,17.64,227.9
2025-11-25,CMP_1008,Email_CRM_Automation,CRM,Retention & Re-engagement,21259,2777,4459.13,491,190,767696.57,1.61,13.06,23.47,172.16
2025-11-26,CMP_1008,Email_CRM_Automation,CRM,Retention & Re-engagement,15953,1996,2782.54,318,148,564938.3,1.39,12.51,18.8,203.03
2025-11-27,CMP_1008,Email_CRM_Automation,CRM,Retention & Re-engagement,25082,3245,5189.43,530,237,762215.81,1.6,12.94,21.9,146.88
2025-11-28,CMP_1008,Email_CRM_Automation,CRM,Retention & Re-engagement,17104,2089,3369.99,319,152,552363.93,1.61,12.21,22.17,163.91
2025-11-29,CMP_1008,Email_CRM_Automation,CRM,Retention & Re-engagement,23794,2537,3826.96,456,181,527074.02,1.51,10.66,21.14,137.73
2025-11-30,CMP_1008,Email_CRM_Automation,CRM,Retention & Re-engagement,27593,2947,4164.63,474,226,687515.08,1.41,10.68,18.43,165.08
2025-12-01,CMP_1008,Email_CRM_Automation,CRM,Retention & Re-engagement,16611,1954,2844.58,300,146,438860.11,1.46,11.76,19.48,154.28
2025-12-02,CMP_1008,Email_CRM_Automation,CRM,Retention & Re-engagement,22252,2411,3471.74,391,195,755605.84,1.44,10.83,17.8,217.64
2025-12-03,CMP_1008,Email_CRM_Automation,CRM,Retention & Re-engagement,14329,1873,2952.93,338,147,546462.91,1.58,13.07,20.09,185.06
2025-12-04,CMP_1008,Email_CRM_Automation,CRM,Retention & Re-engagement,12312,1653,2554.49,270,129,459669.02,1.55,13.43,19.8,179.95
2025-12-05,CMP_1008,Email_CRM_Automation,CRM,Retention & Re-engagement,17629,2070,3071.45,341,151,590158.09,1.48,11.74,20.34,192.14
2025-12-06,CMP_1008,Email_CRM_Automation,CRM,Retention & Re-engagement,22173,2539,3712.85,437,182,539090.24,1.46,11.45,20.4,145.2
2025-12-07,CMP_1008,Email_CRM_Automation,CRM,Retention & Re-engagement,17597,2224,3269.21,354,171,647707.38,1.47,12.64,19.12,198.12
2025-12-08,CMP_1008,Email_CRM_Automation,CRM,Retention & Re-engagement,23461,2590,3843.95,411,191,737430.45,1.48,11.04,20.13,191.84
2025-12-09,CMP_1008,Email_CRM_Automation,CRM,Retention & Re-engagement,23200,2661,3681.86,463,206,800344.27,1.38,11.47,17.87,217.37
2025-12-10,CMP_1008,Email_CRM_Automation,CRM,Retention & Re-engagement,21333,2523,3895.37,456,191,604661.33,1.54,11.83,20.39,155.23
2025-12-11,CMP_1008,Email_CRM_Automation,CRM,Retention & Re-engagement,21628,2716,3940.31,486,190,570378.33,1.45,12.56,20.74,144.75
2025-12-12,CMP_1008,Email_CRM_Automation,CRM,Retention & Re-engagement,15916,1832,2818.52,325,126,370648.63,1.54,11.51,22.37,131.5
2025-12-13,CMP_1008,Email_CRM_Automation,CRM,Retention & Re-engagement,14116,1607,2299.26,244,110,430938.91,1.43,11.38,20.9,187.43
2025-12-14,CMP_1008,Email_CRM_Automation,CRM,Retention & Re-engagement,28563,3214,4610.27,538,243,956319.64,1.43,11.25,18.97,207.43
2025-12-15,CMP_1008,Email_CRM_Automation,CRM,Retention & Re-engagement,13080,1634,2552.28,266,132,493245.29,1.56,12.49,19.34,193.26
2025-12-16,CMP_1008,Email_CRM_Automation,CRM,Retention & Re-engagement,17550,2218,3365.58,369,175,573022.05,1.52,12.64,19.23,170.26
2025-12-17,CMP_1008,Email_CRM_Automation,CRM,Retention & Re-engagement,21194,2271,3235.57,380,176,586707.2,1.42,10.72,18.38,181.33
2025-12-18,CMP_1008,Email_CRM_Automation,CRM,Retention & Re-engagement,17065,2147,3014.1,344,166,667509.36,1.4,12.58,18.16,221.46
2025-12-19,CMP_1008,Email_CRM_Automation,CRM,Retention & Re-engagement,20315,2246,3560.55,369,176,693900.0,1.59,11.06,20.23,194.89
2025-12-20,CMP_1008,Email_CRM_Automation,CRM,Retention & Re-engagement,16640,2040,2909.55,352,147,445762.65,1.43,12.26,19.79,153.21
2025-12-21,CMP_1008,Email_CRM_Automation,CRM,Retention & Re-engagement,22647,2587,4015.99,398,180,597289.86,1.55,11.42,22.31,148.73
2025-12-22,CMP_1008,Email_CRM_Automation,CRM,Retention & Re-engagement,13691,1484,2056.59,234,114,344733.78,1.39,10.84,18.04,167.62
2025-12-23,CMP_1008,Email_CRM_Automation,CRM,Retention & Re-engagement,26409,2880,4362.01,447,201,599267.62,1.51,10.91,21.7,137.38
2025-12-24,CMP_1008,Email_CRM_Automation,CRM,Retention & Re-engagement,18137,1967,3107.73,301,141,554352.46,1.58,10.85,22.04,178.38
2025-12-25,CMP_1008,Email_CRM_Automation,CRM,Retention & Re-engagement,29617,3476,5052.36,550,238,991895.88,1.45,11.74,21.23,196.32
2025-12-26,CMP_1008,Email_CRM_Automation,CRM,Retention & Re-engagement,24873,2995,4607.46,453,231,716401.15,1.54,12.04,19.95,155.49
2025-12-27,CMP_1008,Email_CRM_Automation,CRM,Retention & Re-engagement,19908,2463,3645.19,429,191,726427.55,1.48,12.37,19.08,199.28
2025-12-28,CMP_1008,Email_CRM_Automation,CRM,Retention & Re-engagement,17756,2243,3118.63,403,160,481482.8,1.39,12.63,19.49,154.39
2025-12-29,CMP_1008,Email_CRM_Automation,CRM,Retention & Re-engagement,13840,1803,2694.2,300,122,514231.25,1.49,13.03,22.08,190.87
2025-12-30,CMP_1008,Email_CRM_Automation,CRM,Retention & Re-engagement,17456,2070,3315.49,332,154,619852.75,1.6,11.86,21.53,186.96
2025-12-31,CMP_1008,Email_CRM_Automation,CRM,Retention & Re-engagement,21620,2320,3570.0,417,161,628539.56,1.54,10.73,22.17,176.06
