date,campaign_id,channel,channel_type,strategic_intent,impressions,clicks,spend_inr,leads,direct_conversions,direct_revenue_inr
2025-01-01,CMP_1001,Google_Search_Brand,Search,High Intent / Brand Defense,7780,677,12993.43,127,57,169232.64
2025-01-02,CMP_1001,Google_Search_Brand,Search,High Intent / Brand Defense,6868,598,11723.47,126,49,206244.79
2025-01-03,CMP_1001,Google_Search_Brand,Search,High Intent / Brand Defense,8008,629,11061.05,122,58,201691.82
2025-01-04,CMP_1001,Google_Search_Brand,Search,High Intent / Brand Defense,9142,798,14285.12,149,70,237177.65
2025-01-05,CMP_1001,Google_Search_Brand,Search,High Intent / Brand Defense,10728,915,16131.3,188,76,282435.84
2025-01-06,CMP_1001,Google_Search_Brand,Search,High Intent / Brand Defense,8643,658,11548.45,145,66,263301.75
2025-01-07,CMP_1001,Google_Search_Brand,Search,High Intent / Brand Defense,6767,567,10798.72,106,52,152711.96
2025-01-08,CMP_1001,Google_Search_Brand,Search,High Intent / Brand Defense,7230,579,11416.61,120,51,183461.92
2025-01-09,CMP_1001,Google_Search_Brand,Search,High Intent / Brand Defense,5175,469,9343.63,103,46,170344.62
2025-01-10,CMP_1001,Google_Search_Brand,Search,High Intent / Brand Defense,8184,627,12393.72,119,52,173287.36
2025-01-11,CMP_1001,Google_Search_Brand,Search,High Intent / Brand Defense,6408,526,10242.96,101,48,147919.53
2025-01-12,CMP_1001,Google_Search_Brand,Search,High Intent / Brand Defense,7940,606,11760.31,134,58,183294.69
2025-01-13,CMP_1001,Google_Search_Brand,Search,High Intent / Brand Defense,9539,728,14062.0,143,61,247893.06
2025-01-14,CMP_1001,Google_Search_Brand,Search,High Intent / Brand Defense,9000,734,13862.56,135,64,213263.96
2025-01-15,CMP_1001,Google_Search_Brand,Search,High Intent / Brand Defense,8207,693,13625.05,129,66,259028.07
2025-01-16,CMP_1001,Google_Search_Brand,Search,High Intent / Brand Defense,8693,787,14712.48,159,72,249944.82
2025-01-17,CMP_1001,Google_Search_Brand,Search,High Intent / Brand Defense,7960,678,12174.09,148,59,203439.13
2025-01-18,CMP_1001,Google_Search_Brand,Search,High Intent / Brand Defense,8229,654,12601.99,121,57,177227.87
2025-01-19,CMP_1001,Google_Search_Brand,Search,High Intent / Brand Defense,9846,774,15030.8,168,71,283156.42
2025-01-20,CMP_1001,Google_Search_Brand,Search,High Intent / Brand Defense,7910,643,12657.5,119,55,190897.66
2025-01-21,CMP_1001,Google_Search_Brand,Search,High Intent / Brand Defense,8660,738,12592.24,146,64,195393.08
2025-01-22,CMP_1001,Google_Search_Brand,Search,High Intent / Brand Defense,7380,694,12522.11,135,64,246150.77
2025-01-23,CMP_1001,Google_Search_Brand,Search,High Intent / Brand Defense,7868,629,12515.1,127,55,180256.07
2025-01-24,CMP_1001,Google_Search_Brand,Search,High Intent / Brand Defense,7921,691,11851.11,139,57,186330.67
2025-01-25,CMP_1001,Google_Search_Brand,Search,High Intent / Brand Defense,8657,734,12815.28,162,64,243462.68
2025-01-26,CMP_1001,Google_Search_Brand,Search,High Intent / Brand Defense,8989,716,13803.09,151,64,239995.9
2025-01-27,CMP_1001,Google_Search_Brand,Search,High Intent / Brand Defense,8297,762,13173.71,148,65,191454.52
2025-01-28,CMP_1001,Google_Search_Brand,Search,High Intent / Brand Defense,9839,872,16380.91,159,80,255842.74
2025-01-29,CMP_1001,Google_Search_Brand,Search,High Intent / Brand Defense,6252,517,9875.39,113,44,147569.41
2025-01-30,CMP_1001,Google_Search_Brand,Search,High Intent / Brand Defense,7953,745,12947.18,162,65,246192.59
2025-01-31,CMP_1001,Google_Search_Brand,Search,High Intent / Brand Defense,8402,670,12454.92,124,66,271561.52
2025-02-01,CMP_1001,Google_Search_Brand,Search,High Intent / Brand Defense,10242,837,15814.29,164,80,328805.6
2025-02-02,CMP_1001,Google_Search_Brand,Search,High Intent / Brand Defense,9462,724,13700.99,136,71,263746.79
2025-02-03,CMP_1001,Google_Search_Brand,Search,High Intent / Brand Defense,9678,744,12692.9,155,61,189630.64
2025-02-04,CMP_1001,Google_Search_Brand,Search,High Intent / Brand Defense,10456,830,15731.55,175,72,239943.14
2025-02-05,CMP_1001,Google_Search_Brand,Search,High Intent / Brand Defense,7643,673,12947.67,145,63,230762.68
2025-02-06,CMP_1001,Google_Search_Brand,Search,High Intent / Brand Defense,8097,646,11509.22,143,58,237984.63
2025-02-07,CMP_1001,Google_Search_Brand,Search,High Intent / Brand Defense,6097,555,10492.53,112,51,181551.03
2025-02-08,CMP_1001,Google_Search_Brand,Search,High Intent / Brand Defense,10744,809,14451.33,168,69,287662.63
2025-02-09,CMP_1001,Google_Search_Brand,Search,High Intent / Brand Defense,6184,578,11485.68,113,48,199320.64
2025-02-10,CMP_1001,Google_Search_Brand,Search,High Intent / Brand Defense,7060,651,12946.48,126,58,234757.66
2025-02-11,CMP_1001,Google_Search_Brand,Search,High Intent / Brand Defense,8433,660,11854.34,135,66,253215.63
2025-02-12,CMP_1001,Google_Search_Brand,Search,High Intent / Brand Defense,5715,543,10232.29,101,50,204161.37
2025-02-13,CMP_1001,Google_Search_Brand,Search,High Intent / Brand Defense,7189,640,12307.45,134,57,187489.24
2025-02-14,CMP_1001,Google_Search_Brand,Search,High Intent / Brand Defense,7117,665,13030.07,134,61,242516.57
2025-02-15,CMP_1001,Google_Search_Brand,Search,High Intent / Brand Defense,8426,751,14227.57,160,74,247875.83
2025-02-16,CMP_1001,Google_Search_Brand,Search,High Intent / Brand Defense,8234,622,11654.35,125,57,186942.68
2025-02-17,CMP_1001,Google_Search_Brand,Search,High Intent / Brand Defense,8140,614,11526.36,112,60,202791.56
2025-02-18,CMP_1001,Google_Search_Brand,Search,High Intent / Brand Defense,7929,628,12128.56,130,52,153934.93
2025-02-19,CMP_1001,Google_Search_Brand,Search,High Intent / Brand Defense,6163,529,9844.51,110,50,210857.94
2025-02-20,CMP_1001,Google_Search_Brand,Search,High Intent / Brand Defense,5104,410,7949.71,81,34,99432.22
2025-02-21,CMP_1001,Google_Search_Brand,Search,High Intent / Brand Defense,6771,622,12372.91,130,56,175038.1
2025-02-22,CMP_1001,Google_Search_Brand,Search,High Intent / Brand Defense,7339,656,12250.11,137,57,238751.16
2025-02-23,CMP_1001,Google_Search_Brand,Search,High Intent / Brand Defense,7188,619,11893.34,128,56,180707.19
2025-02-24,CMP_1001,Google_Search_Brand,Search,High Intent / Brand Defense,11027,851,14533.82,156,71,287793.27
2025-02-25,CMP_1001,Google_Search_Brand,Search,High Intent / Brand Defense,6558,554,10584.66,103,50,176696.08
2025-02-26,CMP_1001,Google_Search_Brand,Search,High Intent / Brand Defense,7222,631,11494.86,131,52,176772.6
2025-02-27,CMP_1001,Google_Search_Brand,Search,High Intent / Brand Defense,5913,503,9504.43,109,47,146244.77
2025-02-28,CMP_1001,Google_Search_Brand,Search,High Intent / Brand Defense,8357,725,12398.12,159,67,229000.04
2025-03-01,CMP_1001,Google_Search_Brand,Search,High Intent / Brand Defense,7534,634,11999.57,129,63,215151.27
2025-03-02,CMP_1001,Google_Search_Brand,Search,High Intent / Brand Defense,9814,798,13761.98,172,66,263846.69
2025-03-03,CMP_1001,Google_Search_Brand,Search,High Intent / Brand Defense,7796,602,10754.6,126,56,228668.27
2025-03-04,CMP_1001,Google_Search_Brand,Search,High Intent / Brand Defense,9729,763,13625.72,162,74,313544.44
2025-03-05,CMP_1001,Google_Search_Brand,Search,High Intent / Brand Defense,8811,726,13259.26,155,64,265973.12
2025-03-06,CMP_1001,Google_Search_Brand,Search,High Intent / Brand Defense,6652,600,11564.64,111,59,211051.45
2025-03-07,CMP_1001,Google_Search_Brand,Search,High Intent / Brand Defense,8963,729,14197.55,159,65,188808.05
2025-03-08,CMP_1001,Google_Search_Brand,Search,High Intent / Brand Defense,8069,698,13848.33,145,63,207192.3
2025-03-09,CMP_1001,Google_Search_Brand,Search,High Intent / Brand Defense,8122,719,12939.71,152,70,277471.65
2025-03-10,CMP_1001,Google_Search_Brand,Search,High Intent / Brand Defense,8092,696,11975.51,139,68,228972.62
2025-03-11,CMP_1001,Google_Search_Brand,Search,High Intent / Brand Defense,7553,587,10205.49,125,55,166513.98
2025-03-12,CMP_1001,Google_Search_Brand,Search,High Intent / Brand Defense,7906,724,12489.93,152,61,183328.14
2025-03-13,CMP_1001,Google_Search_Brand,Search,High Intent / Brand Defense,6671,550,10986.11,108,53,221447.68
2025-03-14,CMP_1001,Google_Search_Brand,Search,High Intent / Brand Defense,6334,546,10563.11,108,54,164226.34
2025-03-15,CMP_1001,Google_Search_Brand,Search,High Intent / Brand Defense,9209,691,12773.11,138,57,173940.76
2025-03-16,CMP_1001,Google_Search_Brand,Search,High Intent / Brand Defense,8304,720,13845.44,159,64,209828.38
2025-03-17,CMP_1001,Google_Search_Brand,Search,High Intent / Brand Defense,6653,528,10345.54,116,43,180988.51
2025-03-18,CMP_1001,Google_Search_Brand,Search,High Intent / Brand Defense,8385,722,12448.18,159,66,247234.82
2025-03-19,CMP_1001,Google_Search_Brand,Search,High Intent / Brand Defense,7493,630,12025.18,130,58,238703.34
2025-03-20,CMP_1001,Google_Search_Brand,Search,High Intent / Brand Defense,11673,918,16379.61,184,81,298385.56
2025-03-21,CMP_1001,Google_Search_Brand,Search,High Intent / Brand Defense,6347,601,10383.4,133,57,206288.19
2025-03-22,CMP_1001,Google_Search_Brand,Search,High Intent / Brand Defense,10138,792,15100.85,173,77,321993.05
2025-03-23,CMP_1001,Google_Search_Brand,Search,High Intent / Brand Defense,7192,628,12046.19,125,62,252206.51
2025-03-24,CMP_1001,Google_Search_Brand,Search,High Intent / Brand Defense,9246,720,14358.88,148,64,269381.35
2025-03-25,CMP_1001,Google_Search_Brand,Search,High Intent / Brand Defense,6158,566,11061.65,113,51,166353.51
2025-03-26,CMP_1001,Google_Search_Brand,Search,High Intent / Brand Defense,6611,622,12010.49,134,54,189147.96
2025-03-27,CMP_1001,Google_Search_Brand,Search,High Intent / Brand Defense,7362,694,12093.96,143,60,228210.78
2025-03-28,CMP_1001,Google_Search_Brand,Search,High Intent / Brand Defense,5807,514,8931.77,104,49,176273.7
2025-03-29,CMP_1001,Google_Search_Brand,Search,High Intent / Brand Defense,9365,806,15755.35,165,79,271660.2
2025-03-30,CMP_1001,Google_Search_Brand,Search,High Intent / Brand Defense,9577,758,14490.75,142,62,208741.54
2025-03-31,CMP_1001,Google_Search_Brand,Search,High Intent / Brand Defense,9480,785,14737.26,156,78,262362.94
2025-04-01,CMP_1001,Google_Search_Brand,Search,High Intent / Brand Defense,9418,824,15004.71,178,82,253381.63
2025-04-02,CMP_1001,Google_Search_Brand,Search,High Intent / Brand Defense,7237,614,12148.19,118,56,236479.28
2025-04-03,CMP_1001,Google_Search_Brand,Search,High Intent / Brand Defense,5219,416,7865.12,77,35,107244.98
2025-04-04,CMP_1001,Google_Search_Brand,Search,High Intent / Brand Defense,8707,676,11821.76,140,58,194886.24
2025-04-05,CMP_1001,Google_Search_Brand,Search,High Intent / Brand Defense,8784,688,13074.64,130,57,177825.85
2025-04-06,CMP_1001,Google_Search_Brand,Search,High Intent / Brand Defense,10789,846,15110.28,157,71,249682.8
2025-04-07,CMP_1001,Google_Search_Brand,Search,High Intent / Brand Defense,6615,588,10892.7,108,57,213404.84
2025-04-08,CMP_1001,Google_Search_Brand,Search,High Intent / Brand Defense,6002,556,9604.24,122,46,150261.47
2025-04-09,CMP_1001,Google_Search_Brand,Search,High Intent / Brand Defense,9523,753,13228.33,148,69,257427.03
2025-04-10,CMP_1001,Google_Search_Brand,Search,High Intent / Brand Defense,8856,746,13515.02,158,62,200465.48
2025-04-11,CMP_1001,Google_Search_Brand,Search,High Intent / Brand Defense,8277,709,13153.11,132,64,231319.01
2025-04-12,CMP_1001,Google_Search_Brand,Search,High Intent / Brand Defense,9702,779,13822.5,153,64,212993.77
2025-04-13,CMP_1001,Google_Search_Brand,Search,High Intent / Brand Defense,7368,685,11906.85,141,65,257612.74
2025-04-14,CMP_1001,Google_Search_Brand,Search,High Intent / Brand Defense,6934,531,9836.9,108,49,191286.09
2025-04-15,CMP_1001,Google_Search_Brand,Search,High Intent / Brand Defense,6751,555,9925.51,115,51,172088.87
2025-04-16,CMP_1001,Google_Search_Brand,Search,High Intent / Brand Defense,6677,582,11619.32,111,49,151796.53
2025-04-17,CMP_1001,Google_Search_Brand,Search,High Intent / Brand Defense,7541,608,10698.71,115,60,179947.07
2025-04-18,CMP_1001,Google_Search_Brand,Search,High Intent / Brand Defense,7129,593,11025.75,131,50,171554.18
2025-04-19,CMP_1001,Google_Search_Brand,Search,High Intent / Brand Defense,7767,687,12046.46,150,63,231045.78
2025-04-20,CMP_1001,Google_Search_Brand,Search,High Intent / Brand Defense,9105,824,14710.78,156,73,253207.33
2025-04-21,CMP_1001,Google_Search_Brand,Search,High Intent / Brand Defense,5764,503,8744.92,97,47,145696.86
2025-04-22,CMP_1001,Google_Search_Brand,Search,High Intent / Brand Defense,7646,655,12096.17,120,58,178222.63
2025-04-23,CMP_1001,Google_Search_Brand,Search,High Intent / Brand Defense,8883,788,14012.59,167,73,257788.08
2025-04-24,CMP_1001,Google_Search_Brand,Search,High Intent / Brand Defense,7251,594,10846.22,130,58,243741.32
2025-04-25,CMP_1001,Google_Search_Brand,Search,High Intent / Brand Defense,8191,643,12742.29,118,62,227619.57
2025-04-26,CMP_1001,Google_Search_Brand,Search,High Intent / Brand Defense,7907,614,11992.03,131,53,164966.32
2025-04-27,CMP_1001,Google_Search_Brand,Search,High Intent / Brand Defense,8611,736,13988.9,144,72,246508.22
2025-04-28,CMP_1001,Google_Search_Brand,Search,High Intent / Brand Defense,6853,574,11158.03,113,52,171593.44
2025-04-29,CMP_1001,Google_Search_Brand,Search,High Intent / Brand Defense,7289,679,12036.84,134,63,259736.53
2025-04-30,CMP_1001,Google_Search_Brand,Search,High Intent / Brand Defense,10533,813,15352.87,179,76,254255.84
2025-05-01,CMP_1001,Google_Search_Brand,Search,High Intent / Brand Defense,8951,767,14476.99,167,74,229124.56
2025-05-02,CMP_1001,Google_Search_Brand,Search,High Intent / Brand Defense,9039,722,12969.42,153,60,219903.0
2025-05-03,CMP_1001,Google_Search_Brand,Search,High Intent / Brand Defense,8934,818,14757.96,152,80,245070.77
2025-05-04,CMP_1001,Google_Search_Brand,Search,High Intent / Brand Defense,8730,795,14467.32,149,69,267186.18
2025-05-05,CMP_1001,Google_Search_Brand,Search,High Intent / Brand Defense,9479,814,15539.21,156,72,225862.05
2025-05-06,CMP_1001,Google_Search_Brand,Search,High Intent / Brand Defense,9653,837,16511.28,166,76,317551.21
2025-05-07,CMP_1001,Google_Search_Brand,Search,High Intent / Brand Defense,8880,775,14359.94,141,76,315983.75
2025-05-08,CMP_1001,Google_Search_Brand,Search,High Intent / Brand Defense,6931,617,11549.02,135,59,182749.73
2025-05-09,CMP_1001,Google_Search_Brand,Search,High Intent / Brand Defense,10698,961,17564.05,211,95,332798.45
2025-05-10,CMP_1001,Google_Search_Brand,Search,High Intent / Brand Defense,10011,950,16490.84,205,80,331387.6
2025-05-11,CMP_1001,Google_Search_Brand,Search,High Intent / Brand Defense,8934,741,13911.45,136,65,258822.24
2025-05-12,CMP_1001,Google_Search_Brand,Search,High Intent / Brand Defense,11494,938,15988.38,185,86,356126.31
2025-05-13,CMP_1001,Google_Search_Brand,Search,High Intent / Brand Defense,6950,584,11220.08,111,53,163322.97
2025-05-14,CMP_1001,Google_Search_Brand,Search,High Intent / Brand Defense,7520,639,11209.84,127,63,213119.91
2025-05-15,CMP_1001,Google_Search_Brand,Search,High Intent / Brand Defense,11603,1025,17497.91,194,102,315402.49
2025-05-16,CMP_1001,Google_Search_Brand,Search,High Intent / Brand Defense,11484,879,16053.13,195,80,295977.89
2025-05-17,CMP_1001,Google_Search_Brand,Search,High Intent / Brand Defense,8408,783,13827.86,149,67,196960.41
2025-05-18,CMP_1001,Google_Search_Brand,Search,High Intent / Brand Defense,8641,746,13751.75,137,72,252466.04
2025-05-19,CMP_1001,Google_Search_Brand,Search,High Intent / Brand Defense,5404,466,8498.06,87,40,162481.14
2025-05-20,CMP_1001,Google_Search_Brand,Search,High Intent / Brand Defense,9779,806,15983.01,155,76,261886.76
2025-05-21,CMP_1001,Google_Search_Brand,Search,High Intent / Brand Defense,11546,916,15671.36,175,87,253762.15
2025-05-22,CMP_1001,Google_Search_Brand,Search,High Intent / Brand Defense,10349,943,16343.11,178,89,286039.64
2025-05-23,CMP_1001,Google_Search_Brand,Search,High Intent / Brand Defense,7533,695,13319.35,149,62,235512.94
2025-05-24,CMP_1001,Google_Search_Brand,Search,High Intent / Brand Defense,9160,740,13050.36,161,61,183383.79
2025-05-25,CMP_1001,Google_Search_Brand,Search,High Intent / Brand Defense,8504,791,14452.27,170,70,226997.11
2025-05-26,CMP_1001,Google_Search_Brand,Search,High Intent / Brand Defense,7162,622,11297.77,120,58,199914.39
2025-05-27,CMP_1001,Google_Search_Brand,Search,High Intent / Brand Defense,5714,538,9636.14,114,45,183200.24
2025-05-28,CMP_1001,Google_Search_Brand,Search,High Intent / Brand Defense,10005,931,17192.91,199,84,245326.89
2025-05-29,CMP_1001,Google_Search_Brand,Search,High Intent / Brand Defense,9517,762,14415.6,143,74,312930.24
2025-05-30,CMP_1001,Google_Search_Brand,Search,High Intent / Brand Defense,7126,558,10379.66,107,46,190138.53
2025-05-31,CMP_1001,Google_Search_Brand,Search,High Intent / Brand Defense,9232,795,14191.69,165,77,244146.44
2025-06-01,CMP_1001,Google_Search_Brand,Search,High Intent / Brand Defense,8493,659,11243.25,144,65,240661.32
2025-06-02,CMP_1001,Google_Search_Brand,Search,High Intent / Brand Defense,9352,874,15330.95,174,78,280466.79
2025-06-03,CMP_1001,Google_Search_Brand,Search,High Intent / Brand Defense,10448,817,14028.74,173,68,252299.51
2025-06-04,CMP_1001,Google_Search_Brand,Search,High Intent / Brand Defense,7336,602,10776.96,127,53,193996.45
2025-06-05,CMP_1001,Google_Search_Brand,Search,High Intent / Brand Defense,5637,498,9186.68,109,47,149568.99
2025-06-06,CMP_1001,Google_Search_Brand,Search,High Intent / Brand Defense,6737,586,10848.72,114,56,169958.52
2025-06-07,CMP_1001,Google_Search_Brand,Search,High Intent / Brand Defense,8688,779,13444.02,157,74,257621.02
2025-06-08,CMP_1001,Google_Search_Brand,Search,High Intent / Brand Defense,8463,753,14615.5,145,70,236664.71
2025-06-09,CMP_1001,Google_Search_Brand,Search,High Intent / Brand Defense,6715,628,10875.07,117,62,216787.21
2025-06-10,CMP_1001,Google_Search_Brand,Search,High Intent / Brand Defense,7020,630,12355.4,135,59,226058.27
2025-06-11,CMP_1001,Google_Search_Brand,Search,High Intent / Brand Defense,5970,477,9329.31,96,41,173562.37
2025-06-12,CMP_1001,Google_Search_Brand,Search,High Intent / Brand Defense,8473,732,12859.24,160,61,234147.99
2025-06-13,CMP_1001,Google_Search_Brand,Search,High Intent / Brand Defense,7399,693,12415.38,153,69,243910.26
2025-06-14,CMP_1001,Google_Search_Brand,Search,High Intent / Brand Defense,8036,737,13256.64,135,69,220994.03
2025-06-15,CMP_1001,Google_Search_Brand,Search,High Intent / Brand Defense,9990,763,13259.51,160,67,259670.75
2025-06-16,CMP_1001,Google_Search_Brand,Search,High Intent / Brand Defense,6862,624,11626.26,121,58,237505.92
2025-06-17,CMP_1001,Google_Search_Brand,Search,High Intent / Brand Defense,7416,590,11120.54,108,58,169297.73
2025-06-18,CMP_1001,Google_Search_Brand,Search,High Intent / Brand Defense,6740,614,12164.57,136,54,212402.31
2025-06-19,CMP_1001,Google_Search_Brand,Search,High Intent / Brand Defense,9173,776,14130.96,161,76,321354.87
2025-06-20,CMP_1001,Google_Search_Brand,Search,High Intent / Brand Defense,6767,608,11108.99,116,51,171986.59
2025-06-21,CMP_1001,Google_Search_Brand,Search,High Intent / Brand Defense,11144,901,16106.77,172,75,218573.14
2025-06-22,CMP_1001,Google_Search_Brand,Search,High Intent / Brand Defense,8154,723,13130.63,138,72,285078.9
2025-06-23,CMP_1001,Google_Search_Brand,Search,High Intent / Brand Defense,8653,721,12468.43,156,72,253847.96
2025-06-24,CMP_1001,Google_Search_Brand,Search,High Intent / Brand Defense,6136,488,9754.56,107,46,170960.01
2025-06-25,CMP_1001,Google_Search_Brand,Search,High Intent / Brand Defense,8653,688,12764.82,130,59,185469.81
2025-06-26,CMP_1001,Google_Search_Brand,Search,High Intent / Brand Defense,6587,623,10725.23,135,62,263070.63
2025-06-27,CMP_1001,Google_Search_Brand,Search,High Intent / Brand Defense,9881,819,14378.03,174,78,241745.28
2025-06-28,CMP_1001,Google_Search_Brand,Search,High Intent / Brand Defense,7976,684,12095.55,141,63,189908.59
2025-06-29,CMP_1001,Google_Search_Brand,Search,High Intent / Brand Defense,9187,737,14465.86,138,73,305847.08
2025-06-30,CMP_1001,Google_Search_Brand,Search,High Intent / Brand Defense,7705,663,12571.73,123,59,200414.53
2025-07-01,CMP_1001,Google_Search_Brand,Search,High Intent / Brand Defense,7950,712,12668.91,143,60,191366.95
2025-07-02,CMP_1001,Google_Search_Brand,Search,High Intent / Brand Defense,6607,561,10964.78,113,52,208601.44
2025-07-03,CMP_1001,Google_Search_Brand,Search,High Intent / Brand Defense,7773,689,12447.58,141,60,245096.21
2025-07-04,CMP_1001,Google_Search_Brand,Search,High Intent / Brand Defense,7287,674,13181.31,142,66,253345.04
2025-07-05,CMP_1001,Google_Search_Brand,Search,High Intent / Brand Defense,9265,810,15417.41,172,69,282070.91
2025-07-06,CMP_1001,Google_Search_Brand,Search,High Intent / Brand Defense,7936,714,12865.76,134,69,277497.47
2025-07-07,CMP_1001,Google_Search_Brand,Search,High Intent / Brand Defense,8848,663,12293.43,128,62,261913.62
2025-07-08,CMP_1001,Google_Search_Brand,Search,High Intent / Brand Defense,5721,491,9280.29,104,41,160924.92
2025-07-09,CMP_1001,Google_Search_Brand,Search,High Intent / Brand Defense,7665,724,13492.51,141,68,282713.96
2025-07-10,CMP_1001,Google_Search_Brand,Search,High Intent / Brand Defense,6947,620,11107.13,114,57,191542.85
2025-07-11,CMP_1001,Google_Search_Brand,Search,High Intent / Brand Defense,8661,656,12388.18,142,66,277706.48
2025-07-12,CMP_1001,Google_Search_Brand,Search,High Intent / Brand Defense,8326,627,12082.16,114,55,195500.51
2025-07-13,CMP_1001,Google_Search_Brand,Search,High Intent / Brand Defense,8147,723,13954.42,144,63,267503.63
2025-07-14,CMP_1001,Google_Search_Brand,Search,High Intent / Brand Defense,5713,520,9103.97,109,45,135091.72
2025-07-15,CMP_1001,Google_Search_Brand,Search,High Intent / Brand Defense,4526,399,7602.39,77,40,123817.55
2025-07-16,CMP_1001,Google_Search_Brand,Search,High Intent / Brand Defense,8289,728,13300.4,144,63,266377.2
2025-07-17,CMP_1001,Google_Search_Brand,Search,High Intent / Brand Defense,6954,647,11801.65,123,56,164211.17
2025-07-18,CMP_1001,Google_Search_Brand,Search,High Intent / Brand Defense,5742,485,9496.92,107,41,166924.43
2025-07-19,CMP_1001,Google_Search_Brand,Search,High Intent / Brand Defense,9190,832,16087.53,180,80,299332.77
2025-07-20,CMP_1001,Google_Search_Brand,Search,High Intent / Brand Defense,8283,701,13593.04,131,59,225519.76
2025-07-21,CMP_1001,Google_Search_Brand,Search,High Intent / Brand Defense,9291,733,13418.01,148,61,224570.35
2025-07-22,CMP_1001,Google_Search_Brand,Search,High Intent / Brand Defense,9062,762,13681.29,139,64,219122.64
2025-07-23,CMP_1001,Google_Search_Brand,Search,High Intent / Brand Defense,6652,579,10694.75,112,55,223287.16
2025-07-24,CMP_1001,Google_Search_Brand,Search,High Intent / Brand Defense,5972,567,10066.05,106,52,193995.97
2025-07-25,CMP_1001,Google_Search_Brand,Search,High Intent / Brand Defense,7225,623,11904.58,113,55,197674.83
2025-07-26,CMP_1001,Google_Search_Brand,Search,High Intent / Brand Defense,9711,742,12705.65,147,63,230696.9
2025-07-27,CMP_1001,Google_Search_Brand,Search,High Intent / Brand Defense,6803,620,11836.03,117,53,160707.25
2025-07-28,CMP_1001,Google_Search_Brand,Search,High Intent / Brand Defense,9201,864,14798.71,159,80,308345.78
2025-07-29,CMP_1001,Google_Search_Brand,Search,High Intent / Brand Defense,7899,706,13849.27,151,62,247886.05
2025-07-30,CMP_1001,Google_Search_Brand,Search,High Intent / Brand Defense,9064,797,14634.79,162,76,228077.27
2025-07-31,CMP_1001,Google_Search_Brand,Search,High Intent / Brand Defense,9017,720,12395.2,135,71,226357.3
2025-08-01,CMP_1001,Google_Search_Brand,Search,High Intent / Brand Defense,8085,687,13045.67,140,65,208045.4
2025-08-02,CMP_1001,Google_Search_Brand,Search,High Intent / Brand Defense,6368,603,12052.6,125,52,198385.74
2025-08-03,CMP_1001,Google_Search_Brand,Search,High Intent / Brand Defense,7218,647,12685.25,137,58,194907.35
2025-08-04,CMP_1001,Google_Search_Brand,Search,High Intent / Brand Defense,5034,478,8662.83,87,47,172818.93
2025-08-05,CMP_1001,Google_Search_Brand,Search,High Intent / Brand Defense,8983,832,15367.86,181,75,244986.44
2025-08-06,CMP_1001,Google_Search_Brand,Search,High Intent / Brand Defense,6316,590,11082.23,112,55,206190.7
2025-08-07,CMP_1001,Google_Search_Brand,Search,High Intent / Brand Defense,6010,561,10748.87,106,48,202132.67
2025-08-08,CMP_1001,Google_Search_Brand,Search,High Intent / Brand Defense,7893,728,12791.61,147,63,256675.85
2025-08-09,CMP_1001,Google_Search_Brand,Search,High Intent / Brand Defense,9379,815,14743.4,153,73,307213.26
2025-08-10,CMP_1001,Google_Search_Brand,Search,High Intent / Brand Defense,4773,421,7502.91,82,40,122719.53
2025-08-11,CMP_1001,Google_Search_Brand,Search,High Intent / Brand Defense,8794,671,11906.16,126,61,204247.78
2025-08-12,CMP_1001,Google_Search_Brand,Search,High Intent / Brand Defense,7955,665,12954.08,127,62,238775.45
2025-08-13,CMP_1001,Google_Search_Brand,Search,High Intent / Brand Defense,7336,659,11302.7,137,60,242284.31
2025-08-14,CMP_1001,Google_Search_Brand,Search,High Intent / Brand Defense,6709,582,11301.48,126,50,152110.53
2025-08-15,CMP_1001,Google_Search_Brand,Search,High Intent / Brand Defense,6783,637,11856.8,117,54,189269.5
2025-08-16,CMP_1001,Google_Search_Brand,Search,High Intent / Brand Defense,8160,663,13125.56,134,55,170046.07
2025-08-17,CMP_1001,Google_Search_Brand,Search,High Intent / Brand Defense,9587,818,15032.66,165,77,237154.28
2025-08-18,CMP_1001,Google_Search_Brand,Search,High Intent / Brand Defense,9138,741,12692.98,156,64,243575.56
2025-08-19,CMP_1001,Google_Search_Brand,Search,High Intent / Brand Defense,6988,548,10752.46,115,53,221257.79
2025-08-20,CMP_1001,Google_Search_Brand,Search,High Intent / Brand Defense,9783,831,15828.06,172,82,300614.4
2025-08-21,CMP_1001,Google_Search_Brand,Search,High Intent / Brand Defense,9111,804,14211.05,159,76,230657.46
2025-08-22,CMP_1001,Google_Search_Brand,Search,High Intent / Brand Defense,7952,757,14374.06,139,76,261698.01
2025-08-23,CMP_1001,Google_Search_Brand,Search,High Intent / Brand Defense,8234,740,13842.71,161,66,220094.5
2025-08-24,CMP_1001,Google_Search_Brand,Search,High Intent / Brand Defense,8095,739,14043.84,157,72,250732.32
2025-08-25,CMP_1001,Google_Search_Brand,Search,High Intent / Brand Defense,8369,627,11699.89,122,56,192012.51
2025-08-26,CMP_1001,Google_Search_Brand,Search,High Intent / Brand Defense,7760,642,12251.15,128,55,186869.23
2025-08-27,CMP_1001,Google_Search_Brand,Search,High Intent / Brand Defense,9613,810,15284.03,160,79,284080.15
2025-08-28,CMP_1001,Google_Search_Brand,Search,High Intent / Brand Defense,10089,760,14019.63,148,68,233403.13
2025-08-29,CMP_1001,Google_Search_Brand,Search,High Intent / Brand Defense,8251,746,14045.14,160,71,297455.37
2025-08-30,CMP_1001,Google_Search_Brand,Search,High Intent / Brand Defense,13427,1058,18079.5,193,100,411132.15
2025-08-31,CMP_1001,Google_Search_Brand,Search,High Intent / Brand Defense,8299,779,13408.4,152,65,230801.06
2025-09-01,CMP_1001,Google_Search_Brand,Search,High Intent / Brand Defense,8274,667,11874.81,129,65,235511.86
2025-09-02,CMP_1001,Google_Search_Brand,Search,High Intent / Brand Defense,8984,722,13836.63,143,61,191318.15
2025-09-03,CMP_1001,Google_Search_Brand,Search,High Intent / Brand Defense,5923,465,8859.0,94,44,133555.52
2025-09-04,CMP_1001,Google_Search_Brand,Search,High Intent / Brand Defense,5232,443,8814.01,95,41,120910.68
2025-09-05,CMP_1001,Google_Search_Brand,Search,High Intent / Brand Defense,7228,681,12880.95,140,66,270106.37
2025-09-06,CMP_1001,Google_Search_Brand,Search,High Intent / Brand Defense,7525,626,11796.02,135,62,208980.49
2025-09-07,CMP_1001,Google_Search_Brand,Search,High Intent / Brand Defense,7385,670,11874.2,129,65,225308.46
2025-09-08,CMP_1001,Google_Search_Brand,Search,High Intent / Brand Defense,6713,564,10653.02,116,48,186823.12
2025-09-09,CMP_1001,Google_Search_Brand,Search,High Intent / Brand Defense,8091,641,12557.99,119,53,199443.31
2025-09-10,CMP_1001,Google_Search_Brand,Search,High Intent / Brand Defense,9495,786,13927.76,162,72,304803.96
2025-09-11,CMP_1001,Google_Search_Brand,Search,High Intent / Brand Defense,10586,942,16421.05,187,85,328604.3
2025-09-12,CMP_1001,Google_Search_Brand,Search,High Intent / Brand Defense,9630,736,13137.97,136,73,230018.59
2025-09-13,CMP_1001,Google_Search_Brand,Search,High Intent / Brand Defense,11520,915,16456.79,179,76,273290.02
2025-09-14,CMP_1001,Google_Search_Brand,Search,High Intent / Brand Defense,7902,696,13667.57,141,61,203915.84
2025-09-15,CMP_1001,Google_Search_Brand,Search,High Intent / Brand Defense,4911,467,8888.21,97,43,166998.44
2025-09-16,CMP_1001,Google_Search_Brand,Search,High Intent / Brand Defense,5999,566,10589.98,107,54,170816.57
2025-09-17,CMP_1001,Google_Search_Brand,Search,High Intent / Brand Defense,8310,638,11888.46,127,61,205124.53
2025-09-18,CMP_1001,Google_Search_Brand,Search,High Intent / Brand Defense,9009,717,14182.62,142,61,258626.43
2025-09-19,CMP_1001,Google_Search_Brand,Search,High Intent / Brand Defense,7784,668,13218.28,144,61,228022.67
2025-09-20,CMP_1001,Google_Search_Brand,Search,High Intent / Brand Defense,8510,780,13584.1,166,74,217499.18
2025-09-21,CMP_1001,Google_Search_Brand,Search,High Intent / Brand Defense,8756,702,12581.77,138,59,245691.5
2025-09-22,CMP_1001,Google_Search_Brand,Search,High Intent / Brand Defense,5445,457,8327.59,94,42,173895.67
2025-09-23,CMP_1001,Google_Search_Brand,Search,High Intent / Brand Defense,7396,703,13015.98,152,60,249336.57
2025-09-24,CMP_1001,Google_Search_Brand,Search,High Intent / Brand Defense,7226,670,12163.66,145,65,257688.69
2025-09-25,CMP_1001,Google_Search_Brand,Search,High Intent / Brand Defense,8606,658,11802.22,130,56,214767.47
2025-09-26,CMP_1001,Google_Search_Brand,Search,High Intent / Brand Defense,6955,637,12056.36,119,62,256986.89
2025-09-27,CMP_1001,Google_Search_Brand,Search,High Intent / Brand Defense,8191,714,13181.76,152,61,217982.88
2025-09-28,CMP_1001,Google_Search_Brand,Search,High Intent / Brand Defense,8019,611,11069.77,111,52,218391.5
2025-09-29,CMP_1001,Google_Search_Brand,Search,High Intent / Brand Defense,6454,610,11389.55,121,54,193231.06
2025-09-30,CMP_1001,Google_Search_Brand,Search,High Intent / Brand Defense,6754,535,10121.33,110,50,154837.69
2025-10-01,CMP_1001,Google_Search_Brand,Search,High Intent / Brand Defense,10195,925,15911.82,185,77,326712.4
2025-10-02,CMP_1001,Google_Search_Brand,Search,High Intent / Brand Defense,10379,827,16497.33,155,70,231171.79
2025-10-03,CMP_1001,Google_Search_Brand,Search,High Intent / Brand Defense,10076,896,15525.83,165,82,348131.63
2025-10-04,CMP_1001,Google_Search_Brand,Search,High Intent / Brand Defense,10876,952,17073.88,193,86,263827.89
2025-10-05,CMP_1001,Google_Search_Brand,Search,High Intent / Brand Defense,11253,945,18581.29,179,84,290070.18
2025-10-06,CMP_1001,Google_Search_Brand,Search,High Intent / Brand Defense,11929,895,17282.93,178,82,239120.32
2025-10-07,CMP_1001,Google_Search_Brand,Search,High Intent / Brand Defense,11028,996,17718.31,186,92,292806.06
2025-10-08,CMP_1001,Google_Search_Brand,Search,High Intent / Brand Defense,10839,932,16169.38,186,91,275128.7
2025-10-09,CMP_1001,Google_Search_Brand,Search,High Intent / Brand Defense,12072,940,17358.58,183,90,318364.62
2025-10-10,CMP_1001,Google_Search_Brand,Search,High Intent / Brand Defense,8060,732,13456.2,159,73,289093.77
2025-10-11,CMP_1001,Google_Search_Brand,Search,High Intent / Brand Defense,8127,722,12972.88,144,63,254115.88
2025-10-12,CMP_1001,Google_Search_Brand,Search,High Intent / Brand Defense,11616,1081,20514.62,224,101,301045.32
2025-10-13,CMP_1001,Google_Search_Brand,Search,High Intent / Brand Defense,10364,807,14988.57,171,74,282318.12
2025-10-14,CMP_1001,Google_Search_Brand,Search,High Intent / Brand Defense,11952,897,15469.36,198,86,289856.28
2025-10-15,CMP_1001,Google_Search_Brand,Search,High Intent / Brand Defense,11289,925,16569.36,197,87,273342.34
2025-10-16,CMP_1001,Google_Search_Brand,Search,High Intent / Brand Defense,13864,1043,18571.41,193,104,342347.71
2025-10-17,CMP_1001,Google_Search_Brand,Search,High Intent / Brand Defense,10440,914,17637.91,180,79,241351.76
2025-10-18,CMP_1001,Google_Search_Brand,Search,High Intent / Brand Defense,11633,996,18856.39,183,100,397625.13
2025-10-19,CMP_1001,Google_Search_Brand,Search,High Intent / Brand Defense,10201,967,17312.46,199,90,351664.16
2025-10-20,CMP_1001,Google_Search_Brand,Search,High Intent / Brand Defense,12141,992,17276.59,217,86,292068.66
2025-10-21,CMP_1001,Google_Search_Brand,Search,High Intent / Brand Defense,11962,1002,18345.01,207,100,321734.21
2025-10-22,CMP_1001,Google_Search_Brand,Search,High Intent / Brand Defense,9116,802,15757.49,155,78,316794.13
2025-10-23,CMP_1001,Google_Search_Brand,Search,High Intent / Brand Defense,8562,801,15646.37,154,77,270757.7
2025-10-24,CMP_1001,Google_Search_Brand,Search,High Intent / Brand Defense,10080,889,17181.95,168,82,346790.37
2025-10-25,CMP_1001,Google_Search_Brand,Search,High Intent / Brand Defense,11786,892,17669.76,168,76,294677.28
2025-10-26,CMP_1001,Google_Search_Brand,Search,High Intent / Brand Defense,8885,817,15142.77,173,75,276965.46
2025-10-27,CMP_1001,Google_Search_Brand,Search,High Intent / Brand Defense,11586,937,17372.73,192,89,362917.01
2025-10-28,CMP_1001,Google_Search_Brand,Search,High Intent / Brand Defense,12741,1073,18779.51,195,93,360652.88
2025-10-29,CMP_1001,Google_Search_Brand,Search,High Intent / Brand Defense,11441,879,17546.36,174,85,269236.52
2025-10-30,CMP_1001,Google_Search_Brand,Search,High Intent / Brand Defense,13174,1036,19539.81,203,100,364374.81
2025-10-31,CMP_1001,Google_Search_Brand,Search,High Intent / Brand Defense,11038,997,16989.34,183,96,303875.86
2025-11-01,CMP_1001,Google_Search_Brand,Search,High Intent / Brand Defense,11395,887,15958.1,172,87,369316.28
2025-11-02,CMP_1001,Google_Search_Brand,Search,High Intent / Brand Defense,11196,940,17039.06,198,93,343778.25
2025-11-03,CMP_1001,Google_Search_Brand,Search,High Intent / Brand Defense,9350,700,13363.27,145,62,246146.72
2025-11-04,CMP_1001,Google_Search_Brand,Search,High Intent / Brand Defense,8444,733,12678.38,147,69,205495.86
2025-11-05,CMP_1001,Google_Search_Brand,Search,High Intent / Brand Defense,11846,1032,19284.22,216,100,325695.62
2025-11-06,CMP_1001,Google_Search_Brand,Search,High Intent / Brand Defense,12216,1038,20212.19,192,87,290977.08
2025-11-07,CMP_1001,Google_Search_Brand,Search,High Intent / Brand Defense,10638,908,17592.77,181,77,256898.35
2025-11-08,CMP_1001,Google_Search_Brand,Search,High Intent / Brand Defense,12909,989,18110.61,188,92,357926.17
2025-11-09,CMP_1001,Google_Search_Brand,Search,High Intent / Brand Defense,8235,748,14151.63,139,67,270152.78
2025-11-10,CMP_1001,Google_Search_Brand,Search,High Intent / Brand Defense,12675,1096,19908.19,225,94,317968.18
2025-11-11,CMP_1001,Google_Search_Brand,Search,High Intent / Brand Defense,9788,920,16481.77,177,83,338383.79
2025-11-12,CMP_1001,Google_Search_Brand,Search,High Intent / Brand Defense,8244,648,12663.12,139,59,209263.42
2025-11-13,CMP_1001,Google_Search_Brand,Search,High Intent / Brand Defense,9823,881,16144.97,187,75,278992.97
2025-11-14,CMP_1001,Google_Search_Brand,Search,High Intent / Brand Defense,12571,1133,19744.5,236,113,337167.47
2025-11-15,CMP_1001,Google_Search_Brand,Search,High Intent / Brand Defense,11260,899,15999.69,196,78,254268.43
2025-11-16,CMP_1001,Google_Search_Brand,Search,High Intent / Brand Defense,9752,819,15792.65,174,68,241610.58
2025-11-17,CMP_1001,Google_Search_Brand,Search,High Intent / Brand Defense,6741,628,11351.52,114,59,247812.77
2025-11-18,CMP_1001,Google_Search_Brand,Search,High Intent / Brand Defense,10233,961,17968.09,177,86,278968.06
2025-11-19,CMP_1001,Google_Search_Brand,Search,High Intent / Brand Defense,11698,1010,17788.53,202,101,375477.31
2025-11-20,CMP_1001,Google_Search_Brand,Search,High Intent / Brand Defense,9827,758,13691.42,142,65,210035.45
2025-11-21,CMP_1001,Google_Search_Brand,Search,High Intent / Brand Defense,11589,894,16601.14,193,85,253472.46
2025-11-22,CMP_1001,Google_Search_Brand,Search,High Intent / Brand Defense,11258,967,18497.27,179,88,312328.45
2025-11-23,CMP_1001,Google_Search_Brand,Search,High Intent / Brand Defense,11153,928,17073.12,193,86,255823.46
2025-11-24,CMP_1001,Google_Search_Brand,Search,High Intent / Brand Defense,10641,971,18007.87,194,81,320706.41
2025-11-25,CMP_1001,Google_Search_Brand,Search,High Intent / Brand Defense,10437,851,14908.07,181,78,247153.81
2025-11-26,CMP_1001,Google_Search_Brand,Search,High Intent / Brand Defense,8022,744,14601.62,161,64,224235.87
2025-11-27,CMP_1001,Google_Search_Brand,Search,High Intent / Brand Defense,11358,965,17966.22,179,91,364733.49
2025-11-28,CMP_1001,Google_Search_Brand,Search,High Intent / Brand Defense,9754,884,16044.33,195,76,273731.35
2025-11-29,CMP_1001,Google_Search_Brand,Search,High Intent / Brand Defense,10974,963,18038.46,206,86,355568.93
2025-11-30,CMP_1001,Google_Search_Brand,Search,High Intent / Brand Defense,10240,799,14863.71,168,77,255701.28
2025-12-01,CMP_1001,Google_Search_Brand,Search,High Intent / Brand Defense,8029,747,13130.45,155,63,219796.91
2025-12-02,CMP_1001,Google_Search_Brand,Search,High Intent / Brand Defense,9006,689,12992.7,150,67,239664.44
2025-12-03,CMP_1001,Google_Search_Brand,Search,High Intent / Brand Defense,7735,684,13640.72,142,58,237186.46
2025-12-04,CMP_1001,Google_Search_Brand,Search,High Intent / Brand Defense,10293,804,14704.74,146,74,266937.5
2025-12-05,CMP_1001,Google_Search_Brand,Search,High Intent / Brand Defense,9651,866,14959.27,164,85,340333.74
2025-12-06,CMP_1001,Google_Search_Brand,Search,High Intent / Brand Defense,8690,776,14451.59,151,70,280519.83
2025-12-07,CMP_1001,Google_Search_Brand,Search,High Intent / Brand Defense,5638,517,9556.29,101,44,169766.92
2025-12-08,CMP_1001,Google_Search_Brand,Search,High Intent / Brand Defense,8405,646,12584.36,123,55,184976.02
2025-12-09,CMP_1001,Google_Search_Brand,Search,High Intent / Brand Defense,10266,898,17030.75,176,88,310723.65
2025-12-10,CMP_1001,Google_Search_Brand,Search,High Intent / Brand Defense,7522,660,13155.36,123,62,206592.77
2025-12-11,CMP_1001,Google_Search_Brand,Search,High Intent / Brand Defense,7945,733,12870.77,140,71,232156.9
2025-12-12,CMP_1001,Google_Search_Brand,Search,High Intent / Brand Defense,8430,750,14202.32,152,66,209826.96
2025-12-13,CMP_1001,Google_Search_Brand,Search,High Intent / Brand Defense,8360,756,14827.82,161,71,230323.3
2025-12-14,CMP_1001,Google_Search_Brand,Search,High Intent / Brand Defense,8114,718,14159.16,147,60,209879.73
2025-12-15,CMP_1001,Google_Search_Brand,Search,High Intent / Brand Defense,10404,859,16014.16,190,72,249455.94
2025-12-16,CMP_1001,Google_Search_Brand,Search,High Intent / Brand Defense,8788,790,13559.24,173,69,279956.78
2025-12-17,CMP_1001,Google_Search_Brand,Search,High Intent / Brand Defense,8441,770,14826.21,140,77,298626.99
2025-12-18,CMP_1001,Google_Search_Brand,Search,High Intent / Brand Defense,8078,741,13280.91,143,73,222146.98
2025-12-19,CMP_1001,Google_Search_Brand,Search,High Intent / Brand Defense,10522,839,14534.57,153,76,250778.78
2025-12-20,CMP_1001,Google_Search_Brand,Search,High Intent / Brand Defense,11500,930,17476.37,180,89,263037.21
2025-12-21,CMP_1001,Google_Search_Brand,Search,High Intent / Brand Defense,10155,798,15700.62,147,69,273973.23
2025-12-22,CMP_1001,Google_Search_Brand,Search,High Intent / Brand Defense,11593,1005,17221.23,223,99,356317.45
2025-12-23,CMP_1001,Google_Search_Brand,Search,High Intent / Brand Defense,7391,690,11945.29,144,67,273722.56
2025-12-24,CMP_1001,Google_Search_Brand,Search,High Intent / Brand Defense,8927,762,14276.74,152,67,233230.38
2025-12-25,CMP_1001,Google_Search_Brand,Search,High Intent / Brand Defense,8980,753,14822.41,155,71,262324.28
2025-12-26,CMP_1001,Google_Search_Brand,Search,High Intent / Brand Defense,10873,866,16547.32,175,73,249144.28
2025-12-27,CMP_1001,Google_Search_Brand,Search,High Intent / Brand Defense,10499,914,18141.89,194,84,315200.04
2025-12-28,CMP_1001,Google_Search_Brand,Search,High Intent / Brand Defense,9751,780,13448.23,153,71,209597.84
2025-12-29,CMP_1001,Google_Search_Brand,Search,High Intent / Brand Defense,7969,650,12941.4,131,56,208357.01
2025-12-30,CMP_1001,Google_Search_Brand,Search,High Intent / Brand Defense,8794,695,12415.16,141,57,165324.12
2025-12-31,CMP_1001,Google_Search_Brand,Search,High Intent / Brand Defense,7852,679,13181.58,137,59,245273.92
2025-01-01,CMP_1002,Google_Search_Generic,Search,Prospecting,18636,638,28239.22,44,18,60471.06
2025-01-02,CMP_1002,Google_Search_Generic,Search,Prospecting,20856,831,37380.04,62,23,75063.6
2025-01-03,CMP_1002,Google_Search_Generic,Search,Prospecting,19443,725,32106.56,48,24,92666.03
2025-01-04,CMP_1002,Google_Search_Generic,Search,Prospecting,13665,576,27294.05,41,16,60088.09
2025-01-05,CMP_1002,Google_Search_Generic,Search,Prospecting,26516,949,39675.19,59,30,114712.87
2025-01-06,CMP_1002,Google_Search_Generic,Search,Prospecting,18638,686,30657.35,43,20,78232.04
2025-01-07,CMP_1002,Google_Search_Generic,Search,Prospecting,19226,657,27544.04,43,22,83583.69
2025-01-08,CMP_1002,Google_Search_Generic,Search,Prospecting,17326,581,26548.0,40,19,70738.9
2025-01-09,CMP_1002,Google_Search_Generic,Search,Prospecting,20428,818,39054.66,51,27,80469.82
2025-01-10,CMP_1002,Google_Search_Generic,Search,Prospecting,16975,633,26281.37,41,19,69824.85
2025-01-11,CMP_1002,Google_Search_Generic,Search,Prospecting,24767,856,35742.8,59,25,97041.9
2025-01-12,CMP_1002,Google_Search_Generic,Search,Prospecting,23098,863,40047.29,60,25,82664.66
2025-01-13,CMP_1002,Google_Search_Generic,Search,Prospecting,19327,725,34135.97,52,23,93294.55
2025-01-14,CMP_1002,Google_Search_Generic,Search,Prospecting,18477,716,31328.46,47,22,84691.13
2025-01-15,CMP_1002,Google_Search_Generic,Search,Prospecting,21082,777,36054.04,49,23,70930.34
2025-01-16,CMP_1002,Google_Search_Generic,Search,Prospecting,21263,716,30459.83,50,22,73770.88
2025-01-17,CMP_1002,Google_Search_Generic,Search,Prospecting,23025,856,35898.3,56,27,100274.21
2025-01-18,CMP_1002,Google_Search_Generic,Search,Prospecting,15912,598,29028.26,42,17,60356.83
2025-01-19,CMP_1002,Google_Search_Generic,Search,Prospecting,20341,774,32237.68,57,23,67689.8
2025-01-20,CMP_1002,Google_Search_Generic,Search,Prospecting,22018,741,31558.19,53,22,72234.2
2025-01-21,CMP_1002,Google_Search_Generic,Search,Prospecting,18232,629,30149.94,46,18,73768.12
2025-01-22,CMP_1002,Google_Search_Generic,Search,Prospecting,21624,780,37865.62,58,23,78528.81
2025-01-23,CMP_1002,Google_Search_Generic,Search,Prospecting,20089,771,33848.21,48,24,87041.25
2025-01-24,CMP_1002,Google_Search_Generic,Search,Prospecting,21797,789,35190.26,51,22,65304.82
2025-01-25,CMP_1002,Google_Search_Generic,Search,Prospecting,23924,859,37704.22,64,26,87419.72
2025-01-26,CMP_1002,Google_Search_Generic,Search,Prospecting,17087,669,29836.28,45,20,84832.68
2025-01-27,CMP_1002,Google_Search_Generic,Search,Prospecting,17763,695,33196.23,48,22,69603.26
2025-01-28,CMP_1002,Google_Search_Generic,Search,Prospecting,17243,662,29673.45,42,22,90790.88
2025-01-29,CMP_1002,Google_Search_Generic,Search,Prospecting,17621,675,31470.26,49,19,75336.77
2025-01-30,CMP_1002,Google_Search_Generic,Search,Prospecting,18533,768,33345.63,57,22,77423.25
2025-01-31,CMP_1002,Google_Search_Generic,Search,Prospecting,16486,624,30284.04,45,19,64608.52
2025-02-01,CMP_1002,Google_Search_Generic,Search,Prospecting,17692,654,30671.34,44,20,73501.99
2025-02-02,CMP_1002,Google_Search_Generic,Search,Prospecting,15807,670,31931.17,44,22,86454.67
2025-02-03,CMP_1002,Google_Search_Generic,Search,Prospecting,23550,811,34778.02,59,24,97005.06
2025-02-04,CMP_1002,Google_Search_Generic,Search,Prospecting,19935,678,32447.9,49,20,71683.76
2025-02-05,CMP_1002,Google_Search_Generic,Search,Prospecting,22466,849,35279.5,60,27,103459.79
2025-02-06,CMP_1002,Google_Search_Generic,Search,Prospecting,21509,778,32973.68,51,25,81727.84
2025-02-07,CMP_1002,Google_Search_Generic,Search,Prospecting,25141,844,36765.63,60,27,105220.28
2025-02-08,CMP_1002,Google_Search_Generic,Search,Prospecting,22078,890,37765.43,63,28,110093.69
2025-02-09,CMP_1002,Google_Search_Generic,Search,Prospecting,23200,879,36957.24,54,26,89535.29
2025-02-10,CMP_1002,Google_Search_Generic,Search,Prospecting,24330,891,37350.75,56,29,121186.82
2025-02-11,CMP_1002,Google_Search_Generic,Search,Prospecting,14129,537,22531.93,38,17,50291.23
2025-02-12,CMP_1002,Google_Search_Generic,Search,Prospecting,21231,788,33066.47,51,23,75259.82
2025-02-13,CMP_1002,Google_Search_Generic,Search,Prospecting,21860,826,36147.37,53,26,109756.77
2025-02-14,CMP_1002,Google_Search_Generic,Search,Prospecting,18472,678,31030.87,47,19,77872.95
2025-02-15,CMP_1002,Google_Search_Generic,Search,Prospecting,11242,440,20102.44,27,14,45066.38
2025-02-16,CMP_1002,Google_Search_Generic,Search,Prospecting,18953,776,36119.25,56,24,86338.35
2025-02-17,CMP_1002,Google_Search_Generic,Search,Prospecting,20621,783,33962.08,51,22,82416.37
2025-02-18,CMP_1002,Google_Search_Generic,Search,Prospecting,17483,704,29455.18,46,19,68117.58
2025-02-19,CMP_1002,Google_Search_Generic,Search,Prospecting,19088,639,30360.53,41,20,66402.55
2025-02-20,CMP_1002,Google_Search_Generic,Search,Prospecting,21157,777,32775.95,50,25,82903.83
2025-02-21,CMP_1002,Google_Search_Generic,Search,Prospecting,17921,748,33312.81,49,25,75285.84
2025-02-22,CMP_1002,Google_Search_Generic,Search,Prospecting,20556,780,36167.95,52,24,92333.9
2025-02-23,CMP_1002,Google_Search_Generic,Search,Prospecting,20480,827,40026.99,61,26,85679.13
2025-02-24,CMP_1002,Google_Search_Generic,Search,Prospecting,22306,905,38180.65,63,25,84491.72
2025-02-25,CMP_1002,Google_Search_Generic,Search,Prospecting,19088,718,32002.64,46,21,71251.87
2025-02-26,CMP_1002,Google_Search_Generic,Search,Prospecting,20697,837,35006.03,56,27,109254.78
2025-02-27,CMP_1002,Google_Search_Generic,Search,Prospecting,18882,783,35111.04,50,25,92913.57
2025-02-28,CMP_1002,Google_Search_Generic,Search,Prospecting,17413,604,26305.83,42,19,63065.81
2025-03-01,CMP_1002,Google_Search_Generic,Search,Prospecting,17812,628,29252.94,46,18,61023.4
2025-03-02,CMP_1002,Google_Search_Generic,Search,Prospecting,30124,1038,43413.36,71,30,120787.59
2025-03-03,CMP_1002,Google_Search_Generic,Search,Prospecting,18477,686,30857.0,47,21,60973.42
2025-03-04,CMP_1002,Google_Search_Generic,Search,Prospecting,14303,604,27028.25,41,19,62968.56
2025-03-05,CMP_1002,Google_Search_Generic,Search,Prospecting,18587,787,35576.91,49,22,86623.13
2025-03-06,CMP_1002,Google_Search_Generic,Search,Prospecting,21803,753,35590.93,48,21,69066.89
2025-03-07,CMP_1002,Google_Search_Generic,Search,Prospecting,20092,740,32509.28,45,22,82922.05
2025-03-08,CMP_1002,Google_Search_Generic,Search,Prospecting,21547,887,42945.1,54,29,114699.35
2025-03-09,CMP_1002,Google_Search_Generic,Search,Prospecting,21241,769,34083.99,47,22,70958.38
2025-03-10,CMP_1002,Google_Search_Generic,Search,Prospecting,21810,878,39449.32,59,24,100622.26
2025-03-11,CMP_1002,Google_Search_Generic,Search,Prospecting,19455,664,32104.43,44,19,59970.33
2025-03-12,CMP_1002,Google_Search_Generic,Search,Prospecting,19966,781,33153.5,56,24,74156.86
2025-03-13,CMP_1002,Google_Search_Generic,Search,Prospecting,19702,780,34491.11,50,23,95168.96
2025-03-14,CMP_1002,Google_Search_Generic,Search,Prospecting,22954,866,37700.75,63,27,80314.1
2025-03-15,CMP_1002,Google_Search_Generic,Search,Prospecting,17355,732,31024.29,50,21,74987.24
2025-03-16,CMP_1002,Google_Search_Generic,Search,Prospecting,28885,986,45647.69,64,32,112484.62
2025-03-17,CMP_1002,Google_Search_Generic,Search,Prospecting,14334,501,20940.69,33,14,41411.6
2025-03-18,CMP_1002,Google_Search_Generic,Search,Prospecting,19698,835,39667.17,60,27,86915.4
2025-03-19,CMP_1002,Google_Search_Generic,Search,Prospecting,13846,538,24009.38,33,17,71814.83
2025-03-20,CMP_1002,Google_Search_Generic,Search,Prospecting,19720,802,34310.86,59,27,113286.18
2025-03-21,CMP_1002,Google_Search_Generic,Search,Prospecting,20850,728,34129.44,49,23,74206.81
2025-03-22,CMP_1002,Google_Search_Generic,Search,Prospecting,19408,767,35295.74,48,24,94545.9
2025-03-23,CMP_1002,Google_Search_Generic,Search,Prospecting,22100,811,33634.71,60,23,86312.9
2025-03-24,CMP_1002,Google_Search_Generic,Search,Prospecting,20454,744,31996.46,54,24,72473.83
2025-03-25,CMP_1002,Google_Search_Generic,Search,Prospecting,16818,664,29816.4,41,19,65190.1
2025-03-26,CMP_1002,Google_Search_Generic,Search,Prospecting,15506,659,31669.34,40,21,71306.44
2025-03-27,CMP_1002,Google_Search_Generic,Search,Prospecting,19329,814,39098.02,56,24,95065.6
2025-03-28,CMP_1002,Google_Search_Generic,Search,Prospecting,17390,671,28997.88,44,21,67555.79
2025-03-29,CMP_1002,Google_Search_Generic,Search,Prospecting,24263,820,35271.37,50,23,93582.58
2025-03-30,CMP_1002,Google_Search_Generic,Search,Prospecting,16623,700,30430.3,48,21,77257.34
2025-03-31,CMP_1002,Google_Search_Generic,Search,Prospecting,25150,922,40086.06,67,31,127220.25
2025-04-01,CMP_1002,Google_Search_Generic,Search,Prospecting,18048,732,32521.78,49,22,69704.03
2025-04-02,CMP_1002,Google_Search_Generic,Search,Prospecting,14234,587,25738.03,37,16,47741.61
2025-04-03,CMP_1002,Google_Search_Generic,Search,Prospecting,18443,702,33818.16,47,23,92614.64
2025-04-04,CMP_1002,Google_Search_Generic,Search,Prospecting,20629,813,38178.91,51,27,97825.55
2025-04-05,CMP_1002,Google_Search_Generic,Search,Prospecting,18409,687,29844.73,42,19,74691.73
2025-04-06,CMP_1002,Google_Search_Generic,Search,Prospecting,18505,657,31821.46,43,19,60863.97
2025-04-07,CMP_1002,Google_Search_Generic,Search,Prospecting,19355,776,32170.76,57,22,83418.37
2025-04-08,CMP_1002,Google_Search_Generic,Search,Prospecting,21932,794,35331.56,52,25,100020.5
2025-04-09,CMP_1002,Google_Search_Generic,Search,Prospecting,21807,803,34312.96,59,26,109964.59
2025-04-10,CMP_1002,Google_Search_Generic,Search,Prospecting,16088,635,29012.45,39,19,73238.85
2025-04-11,CMP_1002,Google_Search_Generic,Search,Prospecting,22633,918,39111.85,63,31,91378.52
2025-04-12,CMP_1002,Google_Search_Generic,Search,Prospecting,22099,883,38452.25,63,25,89721.05
2025-04-13,CMP_1002,Google_Search_Generic,Search,Prospecting,16681,614,27684.6,45,20,76764.1
2025-04-14,CMP_1002,Google_Search_Generic,Search,Prospecting,15889,632,30396.66,45,21,68517.48
2025-04-15,CMP_1002,Google_Search_Generic,Search,Prospecting,24616,867,40976.06,57,25,105519.87
2025-04-16,CMP_1002,Google_Search_Generic,Search,Prospecting,19006,733,34197.51,54,22,74965.09
2025-04-17,CMP_1002,Google_Search_Generic,Search,Prospecting,20758,843,35894.68,60,25,73106.58
2025-04-18,CMP_1002,Google_Search_Generic,Search,Prospecting,12838,525,24410.63,36,17,50324.58
2025-04-19,CMP_1002,Google_Search_Generic,Search,Prospecting,18528,741,33414.85,54,21,83538.1
2025-04-20,CMP_1002,Google_Search_Generic,Search,Prospecting,13936,576,24433.29,36,17,55835.85
2025-04-21,CMP_1002,Google_Search_Generic,Search,Prospecting,19860,786,37485.76,56,23,86016.06
2025-04-22,CMP_1002,Google_Search_Generic,Search,Prospecting,23665,794,38059.72,56,22,80001.85
2025-04-23,CMP_1002,Google_Search_Generic,Search,Prospecting,21138,766,33306.25,50,24,80263.39
2025-04-24,CMP_1002,Google_Search_Generic,Search,Prospecting,16950,688,28853.68,44,21,80266.28
2025-04-25,CMP_1002,Google_Search_Generic,Search,Prospecting,26652,905,39668.64,60,30,112882.76
2025-04-26,CMP_1002,Google_Search_Generic,Search,Prospecting,25553,952,40786.99,68,27,88232.75
2025-04-27,CMP_1002,Google_Search_Generic,Search,Prospecting,26163,978,42442.5,73,27,97076.7
2025-04-28,CMP_1002,Google_Search_Generic,Search,Prospecting,16555,660,30848.0,44,19,65184.3
2025-04-29,CMP_1002,Google_Search_Generic,Search,Prospecting,17897,632,27378.83,42,18,59057.06
2025-04-30,CMP_1002,Google_Search_Generic,Search,Prospecting,21146,722,33036.34,45,24,79063.57
2025-05-01,CMP_1002,Google_Search_Generic,Search,Prospecting,22697,883,37146.72,61,28,91102.67
2025-05-02,CMP_1002,Google_Search_Generic,Search,Prospecting,22510,878,40856.98,57,25,92570.72
2025-05-03,CMP_1002,Google_Search_Generic,Search,Prospecting,15496,652,31058.68,40,18,75147.14
2025-05-04,CMP_1002,Google_Search_Generic,Search,Prospecting,23763,922,39557.38,65,29,99907.5
2025-05-05,CMP_1002,Google_Search_Generic,Search,Prospecting,23918,927,38502.95,60,28,117384.69
2025-05-06,CMP_1002,Google_Search_Generic,Search,Prospecting,25067,992,42421.77,74,28,81236.82
2025-05-07,CMP_1002,Google_Search_Generic,Search,Prospecting,23013,789,35129.61,56,26,90486.98
2025-05-08,CMP_1002,Google_Search_Generic,Search,Prospecting,22134,742,34616.18,51,23,86416.89
2025-05-09,CMP_1002,Google_Search_Generic,Search,Prospecting,16669,666,28767.11,41,19,77583.83
2025-05-10,CMP_1002,Google_Search_Generic,Search,Prospecting,21233,758,32881.17,47,23,89389.9
2025-05-11,CMP_1002,Google_Search_Generic,Search,Prospecting,18394,728,33347.29,45,24,96728.37
2025-05-12,CMP_1002,Google_Search_Generic,Search,Prospecting,21248,816,39298.43,52,25,97507.97
2025-05-13,CMP_1002,Google_Search_Generic,Search,Prospecting,21939,838,39160.01,52,25,103556.06
2025-05-14,CMP_1002,Google_Search_Generic,Search,Prospecting,26412,972,42164.89,71,31,122786.24
2025-05-15,CMP_1002,Google_Search_Generic,Search,Prospecting,22379,877,48619.36,56,28,97203.06
2025-05-16,CMP_1002,Google_Search_Generic,Search,Prospecting,28538,971,46762.58,70,28,97824.45
2025-05-17,CMP_1002,Google_Search_Generic,Search,Prospecting,21914,793,32966.72,54,22,78273.58
2025-05-18,CMP_1002,Google_Search_Generic,Search,Prospecting,20774,744,34334.39,47,21,62703.25
2025-05-19,CMP_1002,Google_Search_Generic,Search,Prospecting,26052,1029,44018.16,75,33,126118.83
2025-05-20,CMP_1002,Google_Search_Generic,Search,Prospecting,22536,805,35143.46,55,25,84384.12
2025-05-21,CMP_1002,Google_Search_Generic,Search,Prospecting,18708,767,33738.82,55,22,90920.55
2025-05-22,CMP_1002,Google_Search_Generic,Search,Prospecting,21628,823,36172.73,61,27,81796.3
2025-05-23,CMP_1002,Google_Search_Generic,Search,Prospecting,22579,869,38439.4,59,25,101449.77
2025-05-24,CMP_1002,Google_Search_Generic,Search,Prospecting,21606,870,41409.01,58,27,83918.62
2025-05-25,CMP_1002,Google_Search_Generic,Search,Prospecting,24148,847,39213.44,60,24,73196.87
2025-05-26,CMP_1002,Google_Search_Generic,Search,Prospecting,26438,923,41679.08,57,25,77885.44
2025-05-27,CMP_1002,Google_Search_Generic,Search,Prospecting,24268,865,41392.27,57,24,76617.87
2025-05-28,CMP_1002,Google_Search_Generic,Search,Prospecting,26849,912,48933.58,60,26,82903.43
2025-05-29,CMP_1002,Google_Search_Generic,Search,Prospecting,20634,806,38964.8,55,24,83360.74
2025-05-30,CMP_1002,Google_Search_Generic,Search,Prospecting,28366,993,46154.83,67,30,122217.5
2025-05-31,CMP_1002,Google_Search_Generic,Search,Prospecting,22012,843,38748.07,53,26,79284.33
2025-06-01,CMP_1002,Google_Search_Generic,Search,Prospecting,18742,662,30723.27,44,22,69693.15
2025-06-02,CMP_1002,Google_Search_Generic,Search,Prospecting,17818,664,29959.5,40,21,62661.95
2025-06-03,CMP_1002,Google_Search_Generic,Search,Prospecting,24722,982,45103.97,63,27,104594.85
2025-06-04,CMP_1002,Google_Search_Generic,Search,Prospecting,14221,584,26440.16,42,19,67444.85
2025-06-05,CMP_1002,Google_Search_Generic,Search,Prospecting,23894,839,37482.35,61,27,95152.89
2025-06-06,CMP_1002,Google_Search_Generic,Search,Prospecting,18606,688,28871.61,49,23,72834.63
2025-06-07,CMP_1002,Google_Search_Generic,Search,Prospecting,23937,815,39442.15,57,23,78214.67
2025-06-08,CMP_1002,Google_Search_Generic,Search,Prospecting,13558,507,23965.55,38,15,49901.71
2025-06-09,CMP_1002,Google_Search_Generic,Search,Prospecting,19168,653,28823.19,43,20,77458.47
2025-06-10,CMP_1002,Google_Search_Generic,Search,Prospecting,14133,564,26051.67,34,16,60638.25
2025-06-11,CMP_1002,Google_Search_Generic,Search,Prospecting,16202,656,30992.54,45,18,70784.29
2025-06-12,CMP_1002,Google_Search_Generic,Search,Prospecting,17253,700,31967.39,50,23,82673.29
2025-06-13,CMP_1002,Google_Search_Generic,Search,Prospecting,18453,742,34048.81,47,21,86120.1
2025-06-14,CMP_1002,Google_Search_Generic,Search,Prospecting,15818,660,30894.56,47,20,75592.41
2025-06-15,CMP_1002,Google_Search_Generic,Search,Prospecting,22542,786,36153.18,53,25,81462.05
2025-06-16,CMP_1002,Google_Search_Generic,Search,Prospecting,23579,856,36706.55,55,25,86694.93
2025-06-17,CMP_1002,Google_Search_Generic,Search,Prospecting,21967,750,32078.09,53,22,88169.18
2025-06-18,CMP_1002,Google_Search_Generic,Search,Prospecting,19434,791,36511.39,51,25,81228.11
2025-06-19,CMP_1002,Google_Search_Generic,Search,Prospecting,20920,751,32859.2,48,24,76498.88
2025-06-20,CMP_1002,Google_Search_Generic,Search,Prospecting,21197,760,34766.26,53,25,98702.86
2025-06-21,CMP_1002,Google_Search_Generic,Search,Prospecting,18937,754,31716.14,50,23,67444.34
2025-06-22,CMP_1002,Google_Search_Generic,Search,Prospecting,26076,880,38110.13,64,25,91199.46
2025-06-23,CMP_1002,Google_Search_Generic,Search,Prospecting,17824,742,32476.72,54,22,90536.75
2025-06-24,CMP_1002,Google_Search_Generic,Search,Prospecting,15402,631,30682.76,46,18,66137.67
2025-06-25,CMP_1002,Google_Search_Generic,Search,Prospecting,17678,752,35783.94,48,21,72433.63
2025-06-26,CMP_1002,Google_Search_Generic,Search,Prospecting,24610,828,35062.34,54,27,98820.15
2025-06-27,CMP_1002,Google_Search_Generic,Search,Prospecting,25855,868,37408.83,62,27,106021.75
2025-06-28,CMP_1002,Google_Search_Generic,Search,Prospecting,16725,687,28638.9,47,21,78528.98
2025-06-29,CMP_1002,Google_Search_Generic,Search,Prospecting,18811,799,36446.54,57,24,92449.44
2025-06-30,CMP_1002,Google_Search_Generic,Search,Prospecting,23700,842,37225.44,58,28,116301.63
2025-07-01,CMP_1002,Google_Search_Generic,Search,Prospecting,18532,788,33838.25,58,25,99600.08
2025-07-02,CMP_1002,Google_Search_Generic,Search,Prospecting,11866,461,21499.87,28,14,53307.93
2025-07-03,CMP_1002,Google_Search_Generic,Search,Prospecting,15843,554,26705.46,37,17,65247.78
2025-07-04,CMP_1002,Google_Search_Generic,Search,Prospecting,23782,855,39408.32,54,27,100036.37
2025-07-05,CMP_1002,Google_Search_Generic,Search,Prospecting,21502,850,38014.4,61,24,69984.89
2025-07-06,CMP_1002,Google_Search_Generic,Search,Prospecting,16794,655,30800.93,46,21,83618.28
2025-07-07,CMP_1002,Google_Search_Generic,Search,Prospecting,19323,717,32217.57,45,22,71868.21
2025-07-08,CMP_1002,Google_Search_Generic,Search,Prospecting,18679,724,34790.7,50,21,62174.82
2025-07-09,CMP_1002,Google_Search_Generic,Search,Prospecting,19294,752,31630.26,55,25,94657.54
2025-07-10,CMP_1002,Google_Search_Generic,Search,Prospecting,16751,692,29741.7,50,20,77857.99
2025-07-11,CMP_1002,Google_Search_Generic,Search,Prospecting,22246,750,36476.78,55,23,96917.41
2025-07-12,CMP_1002,Google_Search_Generic,Search,Prospecting,17392,716,32042.11,44,21,62603.99
2025-07-13,CMP_1002,Google_Search_Generic,Search,Prospecting,23047,815,34170.7,52,25,81381.11
2025-07-14,CMP_1002,Google_Search_Generic,Search,Prospecting,19160,670,28267.11,42,22,86298.03
2025-07-15,CMP_1002,Google_Search_Generic,Search,Prospecting,17927,730,31691.18,48,21,67330.37
2025-07-16,CMP_1002,Google_Search_Generic,Search,Prospecting,22694,812,34397.21,53,26,77352.29
2025-07-17,CMP_1002,Google_Search_Generic,Search,Prospecting,22507,823,34975.15,60,23,69058.01
2025-07-18,CMP_1002,Google_Search_Generic,Search,Prospecting,17956,650,29212.88,44,21,64606.96
2025-07-19,CMP_1002,Google_Search_Generic,Search,Prospecting,21747,851,36119.17,55,26,78049.15
2025-07-20,CMP_1002,Google_Search_Generic,Search,Prospecting,24203,877,48665.17,63,24,83023.34
2025-07-21,CMP_1002,Google_Search_Generic,Search,Prospecting,22593,893,40694.26,64,29,96189.25
2025-07-22,CMP_1002,Google_Search_Generic,Search,Prospecting,16325,671,30393.79,50,22,74694.3
2025-07-23,CMP_1002,Google_Search_Generic,Search,Prospecting,17900,679,31755.51,46,22,74393.2
2025-07-24,CMP_1002,Google_Search_Generic,Search,Prospecting,14104,524,24974.05,34,16,62830.85
2025-07-25,CMP_1002,Google_Search_Generic,Search,Prospecting,18178,637,30783.08,44,20,71117.79
2025-07-26,CMP_1002,Google_Search_Generic,Search,Prospecting,20570,731,33700.81,50,22,83377.08
2025-07-27,CMP_1002,Google_Search_Generic,Search,Prospecting,23595,849,36283.88,54,24,96311.21
2025-07-28,CMP_1002,Google_Search_Generic,Search,Prospecting,14560,610,26513.49,45,19,58605.15
2025-07-29,CMP_1002,Google_Search_Generic,Search,Prospecting,25238,864,38089.8,59,28,111228.88
2025-07-30,CMP_1002,Google_Search_Generic,Search,Prospecting,17409,689,29434.02,44,20,81574.75
2025-07-31,CMP_1002,Google_Search_Generic,Search,Prospecting,16215,671,27807.07,48,21,82117.59
2025-08-01,CMP_1002,Google_Search_Generic,Search,Prospecting,17224,648,27566.6,42,18,63920.47
2025-08-02,CMP_1002,Google_Search_Generic,Search,Prospecting,16944,707,30517.47,47,21,82412.04
2025-08-03,CMP_1002,Google_Search_Generic,Search,Prospecting,19770,749,31861.1,50,23,97736.16
2025-08-04,CMP_1002,Google_Search_Generic,Search,Prospecting,17715,620,29368.76,38,18,60353.27
2025-08-05,CMP_1002,Google_Search_Generic,Search,Prospecting,22099,863,38941.69,63,26,92865.11
2025-08-06,CMP_1002,Google_Search_Generic,Search,Prospecting,13006,454,21579.44,28,13,41768.62
2025-08-07,CMP_1002,Google_Search_Generic,Search,Prospecting,24270,972,40623.48,61,30,98166.83
2025-08-08,CMP_1002,Google_Search_Generic,Search,Prospecting,17127,634,29919.03,45,18,70937.44
2025-08-09,CMP_1002,Google_Search_Generic,Search,Prospecting,17290,685,29549.65,47,23,78585.45
2025-08-10,CMP_1002,Google_Search_Generic,Search,Prospecting,21333,759,35690.34,50,21,88150.22
2025-08-11,CMP_1002,Google_Search_Generic,Search,Prospecting,19832,832,38479.36,54,26,99131.76
2025-08-12,CMP_1002,Google_Search_Generic,Search,Prospecting,18140,753,36345.77,53,22,72005.95
2025-08-13,CMP_1002,Google_Search_Generic,Search,Prospecting,18309,614,29722.3,43,19,71000.3
2025-08-14,CMP_1002,Google_Search_Generic,Search,Prospecting,18117,649,28980.1,42,21,87407.44
2025-08-15,CMP_1002,Google_Search_Generic,Search,Prospecting,19572,721,30852.26,53,20,60312.21
2025-08-16,CMP_1002,Google_Search_Generic,Search,Prospecting,20487,866,36820.29,58,26,83861.85
2025-08-17,CMP_1002,Google_Search_Generic,Search,Prospecting,16642,657,29461.54,47,21,77194.57
2025-08-18,CMP_1002,Google_Search_Generic,Search,Prospecting,14816,615,27255.42,45,20,66337.48
2025-08-19,CMP_1002,Google_Search_Generic,Search,Prospecting,24445,878,40736.82,56,25,83881.66
2025-08-20,CMP_1002,Google_Search_Generic,Search,Prospecting,22445,901,38115.42,61,26,92566.1
2025-08-21,CMP_1002,Google_Search_Generic,Search,Prospecting,18108,704,30705.73,47,20,60971.06
2025-08-22,CMP_1002,Google_Search_Generic,Search,Prospecting,20760,833,36556.81,58,28,112182.96
2025-08-23,CMP_1002,Google_Search_Generic,Search,Prospecting,19907,785,35728.77,57,23,76692.14
2025-08-24,CMP_1002,Google_Search_Generic,Search,Prospecting,20147,759,34586.46,47,25,79549.66
2025-08-25,CMP_1002,Google_Search_Generic,Search,Prospecting,19940,775,32466.86,55,21,79502.98
2025-08-26,CMP_1002,Google_Search_Generic,Search,Prospecting,16519,638,27240.41,41,21,84073.22
2025-08-27,CMP_1002,Google_Search_Generic,Search,Prospecting,18654,668,32387.4,49,20,67252.51
2025-08-28,CMP_1002,Google_Search_Generic,Search,Prospecting,17802,695,29931.97,45,21,70949.0
2025-08-29,CMP_1002,Google_Search_Generic,Search,Prospecting,21380,875,41438.44,59,26,87960.11
2025-08-30,CMP_1002,Google_Search_Generic,Search,Prospecting,21980,752,32282.0,50,23,92773.62
2025-08-31,CMP_1002,Google_Search_Generic,Search,Prospecting,25437,939,40391.89,67,30,102392.13
2025-09-01,CMP_1002,Google_Search_Generic,Search,Prospecting,13614,470,22651.29,34,15,54194.07
2025-09-02,CMP_1002,Google_Search_Generic,Search,Prospecting,19085,721,30057.4,48,20,75654.34
2025-09-03,CMP_1002,Google_Search_Generic,Search,Prospecting,20343,693,32294.92,46,19,70744.64
2025-09-04,CMP_1002,Google_Search_Generic,Search,Prospecting,17985,710,34234.36,44,21,76416.95
2025-09-05,CMP_1002,Google_Search_Generic,Search,Prospecting,20476,799,37795.37,53,23,69781.75
2025-09-06,CMP_1002,Google_Search_Generic,Search,Prospecting,20479,762,33518.73,53,24,71648.33
2025-09-07,CMP_1002,Google_Search_Generic,Search,Prospecting,16737,686,29189.25,42,20,62375.14
2025-09-08,CMP_1002,Google_Search_Generic,Search,Prospecting,16303,628,30021.6,40,19,73811.61
2025-09-09,CMP_1002,Google_Search_Generic,Search,Prospecting,19424,721,33126.32,51,22,83848.95
2025-09-10,CMP_1002,Google_Search_Generic,Search,Prospecting,19869,797,35463.61,57,22,88501.26
2025-09-11,CMP_1002,Google_Search_Generic,Search,Prospecting,23118,853,38002.66,63,25,100953.22
2025-09-12,CMP_1002,Google_Search_Generic,Search,Prospecting,19093,728,32701.8,47,22,73310.32
2025-09-13,CMP_1002,Google_Search_Generic,Search,Prospecting,20331,744,34727.71,52,24,100262.12
2025-09-14,CMP_1002,Google_Search_Generic,Search,Prospecting,20747,842,37298.05,54,28,81901.31
2025-09-15,CMP_1002,Google_Search_Generic,Search,Prospecting,25131,868,40247.4,64,25,93423.62
2025-09-16,CMP_1002,Google_Search_Generic,Search,Prospecting,23950,868,37353.05,59,26,80805.58
2025-09-17,CMP_1002,Google_Search_Generic,Search,Prospecting,15613,650,30495.7,40,19,57500.35
2025-09-18,CMP_1002,Google_Search_Generic,Search,Prospecting,15832,625,25952.62,43,18,57743.74
2025-09-19,CMP_1002,Google_Search_Generic,Search,Prospecting,19212,716,34456.04,44,20,73411.44
2025-09-20,CMP_1002,Google_Search_Generic,Search,Prospecting,22402,755,33409.85,52,21,83177.34
2025-09-21,CMP_1002,Google_Search_Generic,Search,Prospecting,20530,761,34753.83,56,23,75079.48
2025-09-22,CMP_1002,Google_Search_Generic,Search,Prospecting,19044,684,31812.15,50,20,72756.42
2025-09-23,CMP_1002,Google_Search_Generic,Search,Prospecting,16279,664,31504.53,42,19,76029.17
2025-09-24,CMP_1002,Google_Search_Generic,Search,Prospecting,17546,602,28985.9,40,18,73334.45
2025-09-25,CMP_1002,Google_Search_Generic,Search,Prospecting,10745,398,17465.06,27,11,40347.06
2025-09-26,CMP_1002,Google_Search_Generic,Search,Prospecting,15802,638,30125.89,40,18,58584.91
2025-09-27,CMP_1002,Google_Search_Generic,Search,Prospecting,18700,635,29428.19,39,19,72924.71
2025-09-28,CMP_1002,Google_Search_Generic,Search,Prospecting,15703,617,26440.86,40,20,82162.77
2025-09-29,CMP_1002,Google_Search_Generic,Search,Prospecting,17062,608,26988.91,42,20,76108.11
2025-09-30,CMP_1002,Google_Search_Generic,Search,Prospecting,16081,596,28237.82,37,19,64224.66
2025-10-01,CMP_1002,Google_Search_Generic,Search,Prospecting,20850,886,37216.06,56,30,126573.02
2025-10-02,CMP_1002,Google_Search_Generic,Search,Prospecting,25624,1011,47668.49,70,33,108360.05
2025-10-03,CMP_1002,Google_Search_Generic,Search,Prospecting,25442,950,54608.26,62,29,117356.66
2025-10-04,CMP_1002,Google_Search_Generic,Search,Prospecting,22305,936,40111.79,66,30,109392.58
2025-10-05,CMP_1002,Google_Search_Generic,Search,Prospecting,22910,819,38438.42,59,23,70409.88
2025-10-06,CMP_1002,Google_Search_Generic,Search,Prospecting,20739,821,39815.02,59,24,91440.43
2025-10-07,CMP_1002,Google_Search_Generic,Search,Prospecting,22694,878,51536.12,59,25,98381.77
2025-10-08,CMP_1002,Google_Search_Generic,Search,Prospecting,23569,937,50816.19,60,29,113274.77
2025-10-09,CMP_1002,Google_Search_Generic,Search,Prospecting,27739,939,44618.76,67,28,99142.36
2025-10-10,CMP_1002,Google_Search_Generic,Search,Prospecting,21800,795,38260.63,53,22,66021.43
2025-10-11,CMP_1002,Google_Search_Generic,Search,Prospecting,23806,834,37845.74,54,26,109273.1
2025-10-12,CMP_1002,Google_Search_Generic,Search,Prospecting,23772,988,52757.1,68,31,110681.74
2025-10-13,CMP_1002,Google_Search_Generic,Search,Prospecting,19543,726,34857.0,45,23,75646.1
2025-10-14,CMP_1002,Google_Search_Generic,Search,Prospecting,21756,866,48493.64,63,28,106675.83
2025-10-15,CMP_1002,Google_Search_Generic,Search,Prospecting,30911,1034,45038.1,67,30,113702.85
2025-10-16,CMP_1002,Google_Search_Generic,Search,Prospecting,24605,956,43940.45,58,30,99900.04
2025-10-17,CMP_1002,Google_Search_Generic,Search,Prospecting,30576,1060,46527.08,66,35,144865.72
2025-10-18,CMP_1002,Google_Search_Generic,Search,Prospecting,26088,897,52906.09,59,29,114566.14
2025-10-19,CMP_1002,Google_Search_Generic,Search,Prospecting,26610,893,38618.63,61,29,121578.99
2025-10-20,CMP_1002,Google_Search_Generic,Search,Prospecting,22999,877,49977.21,54,27,91982.83
2025-10-21,CMP_1002,Google_Search_Generic,Search,Prospecting,23902,820,35392.53,53,23,72003.34
2025-10-22,CMP_1002,Google_Search_Generic,Search,Prospecting,22139,830,50717.1,56,27,114587.29
2025-10-23,CMP_1002,Google_Search_Generic,Search,Prospecting,25035,907,49584.83,60,29,110715.64
2025-10-24,CMP_1002,Google_Search_Generic,Search,Prospecting,29635,1027,44890.12,71,29,106625.74
2025-10-25,CMP_1002,Google_Search_Generic,Search,Prospecting,20241,838,48704.11,57,27,100766.02
2025-10-26,CMP_1002,Google_Search_Generic,Search,Prospecting,27201,916,48506.85,59,28,104419.39
2025-10-27,CMP_1002,Google_Search_Generic,Search,Prospecting,23160,978,41392.69,61,30,110591.0
2025-10-28,CMP_1002,Google_Search_Generic,Search,Prospecting,29189,999,45282.23,62,28,103219.18
2025-10-29,CMP_1002,Google_Search_Generic,Search,Prospecting,18817,770,35455.2,47,23,88031.63
2025-10-30,CMP_1002,Google_Search_Generic,Search,Prospecting,28388,1029,44489.88,71,34,135710.91
2025-10-31,CMP_1002,Google_Search_Generic,Search,Prospecting,23418,920,51149.19,62,26,99953.47
2025-11-01,CMP_1002,Google_Search_Generic,Search,Prospecting,27621,1014,46070.36,74,28,92944.64
2025-11-02,CMP_1002,Google_Search_Generic,Search,Prospecting,22185,822,38068.15,58,25,86267.51
2025-11-03,CMP_1002,Google_Search_Generic,Search,Prospecting,23007,822,49350.0,51,25,105206.94
2025-11-04,CMP_1002,Google_Search_Generic,Search,Prospecting,24097,917,40230.94,58,29,123161.24
2025-11-05,CMP_1002,Google_Search_Generic,Search,Prospecting,25848,948,42371.84,63,27,110463.81
2025-11-06,CMP_1002,Google_Search_Generic,Search,Prospecting,19775,741,34230.54,52,20,79933.27
2025-11-07,CMP_1002,Google_Search_Generic,Search,Prospecting,19208,756,36422.76,56,21,74325.01
2025-11-08,CMP_1002,Google_Search_Generic,Search,Prospecting,24806,906,50454.64,57,27,84002.91
2025-11-09,CMP_1002,Google_Search_Generic,Search,Prospecting,24869,879,52235.98,54,27,99886.84
2025-11-10,CMP_1002,Google_Search_Generic,Search,Prospecting,24728,1008,44262.87,69,28,102467.59
2025-11-11,CMP_1002,Google_Search_Generic,Search,Prospecting,21967,814,48334.93,53,23,71207.22
2025-11-12,CMP_1002,Google_Search_Generic,Search,Prospecting,23495,987,53062.71,70,31,124516.97
2025-11-13,CMP_1002,Google_Search_Generic,Search,Prospecting,22863,864,36270.06,60,28,110754.52
2025-11-14,CMP_1002,Google_Search_Generic,Search,Prospecting,25204,1044,44177.41,77,30,116160.3
2025-11-15,CMP_1002,Google_Search_Generic,Search,Prospecting,27573,1024,42705.77,70,32,133211.99
2025-11-16,CMP_1002,Google_Search_Generic,Search,Prospecting,21159,891,42087.63,54,30,90214.19
2025-11-17,CMP_1002,Google_Search_Generic,Search,Prospecting,24446,880,53434.31,55,26,97910.3
2025-11-18,CMP_1002,Google_Search_Generic,Search,Prospecting,21214,884,40449.42,58,25,87297.63
2025-11-19,CMP_1002,Google_Search_Generic,Search,Prospecting,24851,1017,42464.87,73,32,107847.04
2025-11-20,CMP_1002,Google_Search_Generic,Search,Prospecting,23954,939,44462.84,67,29,100143.72
2025-11-21,CMP_1002,Google_Search_Generic,Search,Prospecting,21576,828,50122.66,57,24,89781.24
2025-11-22,CMP_1002,Google_Search_Generic,Search,Prospecting,22540,878,36758.46,63,27,86357.09
2025-11-23,CMP_1002,Google_Search_Generic,Search,Prospecting,28269,966,44663.58,65,27,84803.34
2025-11-24,CMP_1002,Google_Search_Generic,Search,Prospecting,26357,977,40811.77,66,30,102317.59
2025-11-25,CMP_1002,Google_Search_Generic,Search,Prospecting,22378,778,36924.32,53,22,65708.98
2025-11-26,CMP_1002,Google_Search_Generic,Search,Prospecting,22165,854,51678.61,63,24,72558.97
2025-11-27,CMP_1002,Google_Search_Generic,Search,Prospecting,28152,989,52686.44,68,31,91511.87
2025-11-28,CMP_1002,Google_Search_Generic,Search,Prospecting,27747,960,40927.26,60,29,93506.22
2025-11-29,CMP_1002,Google_Search_Generic,Search,Prospecting,22536,957,42106.73,67,32,98684.06
2025-11-30,CMP_1002,Google_Search_Generic,Search,Prospecting,27719,928,48089.08,65,29,100011.51
2025-12-01,CMP_1002,Google_Search_Generic,Search,Prospecting,15686,584,26271.77,36,17,53224.14
2025-12-02,CMP_1002,Google_Search_Generic,Search,Prospecting,27467,1017,44450.98,65,28,87737.52
2025-12-03,CMP_1002,Google_Search_Generic,Search,Prospecting,21479,851,40124.64,58,26,107757.28
2025-12-04,CMP_1002,Google_Search_Generic,Search,Prospecting,20135,817,35884.25,61,24,97897.39
2025-12-05,CMP_1002,Google_Search_Generic,Search,Prospecting,20823,739,35016.63,49,22,92848.36
2025-12-06,CMP_1002,Google_Search_Generic,Search,Prospecting,22365,897,39301.2,60,28,112625.86
2025-12-07,CMP_1002,Google_Search_Generic,Search,Prospecting,17488,723,34132.0,44,23,70848.81
2025-12-08,CMP_1002,Google_Search_Generic,Search,Prospecting,25537,975,43197.59,73,28,106641.37
2025-12-09,CMP_1002,Google_Search_Generic,Search,Prospecting,16766,581,25715.91,36,19,77638.9
2025-12-10,CMP_1002,Google_Search_Generic,Search,Prospecting,19364,733,33891.09,49,22,81345.92
2025-12-11,CMP_1002,Google_Search_Generic,Search,Prospecting,19448,679,30930.6,46,21,76977.39
2025-12-12,CMP_1002,Google_Search_Generic,Search,Prospecting,26338,966,40194.73,69,30,97355.43
2025-12-13,CMP_1002,Google_Search_Generic,Search,Prospecting,18257,705,32737.99,50,22,81834.43
2025-12-14,CMP_1002,Google_Search_Generic,Search,Prospecting,19349,721,31242.1,50,22,72202.48
2025-12-15,CMP_1002,Google_Search_Generic,Search,Prospecting,23257,883,36620.87,57,28,81831.87
2025-12-16,CMP_1002,Google_Search_Generic,Search,Prospecting,24826,937,40002.71,58,29,105522.97
2025-12-17,CMP_1002,Google_Search_Generic,Search,Prospecting,22070,843,37415.39,62,24,70096.51
2025-12-18,CMP_1002,Google_Search_Generic,Search,Prospecting,20393,793,37945.37,57,24,93835.43
2025-12-19,CMP_1002,Google_Search_Generic,Search,Prospecting,22737,879,42171.59,56,25,79003.92
2025-12-20,CMP_1002,Google_Search_Generic,Search,Prospecting,18555,720,32723.12,48,22,66020.72
2025-12-21,CMP_1002,Google_Search_Generic,Search,Prospecting,21367,748,31468.83,51,21,68780.6
2025-12-22,CMP_1002,Google_Search_Generic,Search,Prospecting,26319,1036,42997.92,73,34,141390.5
2025-12-23,CMP_1002,Google_Search_Generic,Search,Prospecting,24051,838,34818.85,61,25,91446.08
2025-12-24,CMP_1002,Google_Search_Generic,Search,Prospecting,21042,895,43096.17,63,26,106248.04
2025-12-25,CMP_1002,Google_Search_Generic,Search,Prospecting,28637,1018,42532.2,74,30,95702.56
2025-12-26,CMP_1002,Google_Search_Generic,Search,Prospecting,27036,1091,47049.06,78,32,110352.91
2025-12-27,CMP_1002,Google_Search_Generic,Search,Prospecting,20237,857,36803.41,60,28,92472.92
2025-12-28,CMP_1002,Google_Search_Generic,Search,Prospecting,20546,868,40264.28,57,24,91284.58
2025-12-29,CMP_1002,Google_Search_Generic,Search,Prospecting,22412,867,40473.19,55,26,86179.03
2025-12-30,CMP_1002,Google_Search_Generic,Search,Prospecting,27813,989,46288.84,66,29,91644.03
2025-12-31,CMP_1002,Google_Search_Generic,Search,Prospecting,16318,681,32060.54,45,22,90418.1
2025-01-01,CMP_1003,Meta_Ads_Prospecting,Social,Prospecting / Discovery,65389,1396,35965.27,71,30,106535.89
2025-01-02,CMP_1003,Meta_Ads_Prospecting,Social,Prospecting / Discovery,86444,1787,40220.37,90,45,183629.91
2025-01-03,CMP_1003,Meta_Ads_Prospecting,Social,Prospecting / Discovery,71888,1682,42697.24,82,41,171184.54
2025-01-04,CMP_1003,Meta_Ads_Prospecting,Social,Prospecting / Discovery,75174,1587,39213.25,83,39,139790.65
2025-01-05,CMP_1003,Meta_Ads_Prospecting,Social,Prospecting / Discovery,65876,1575,39639.76,77,41,136825.15
2025-01-06,CMP_1003,Meta_Ads_Prospecting,Social,Prospecting / Discovery,58509,1365,33631.54,76,35,116044.97
2025-01-07,CMP_1003,Meta_Ads_Prospecting,Social,Prospecting / Discovery,86457,1789,44176.74,101,40,118517.73
2025-01-08,CMP_1003,Meta_Ads_Prospecting,Social,Prospecting / Discovery,79559,1740,43233.89,98,40,124754.36
2025-01-09,CMP_1003,Meta_Ads_Prospecting,Social,Prospecting / Discovery,73952,1713,39072.17,90,41,144189.69
2025-01-10,CMP_1003,Meta_Ads_Prospecting,Social,Prospecting / Discovery,75652,1796,45375.29,98,39,157202.81
2025-01-11,CMP_1003,Meta_Ads_Prospecting,Social,Prospecting / Discovery,87157,2092,49109.17,115,46,158450.59
2025-01-12,CMP_1003,Meta_Ads_Prospecting,Social,Prospecting / Discovery,96332,1889,48144.21,108,46,172438.88
2025-01-13,CMP_1003,Meta_Ads_Prospecting,Social,Prospecting / Discovery,60377,1264,32502.07,70,29,89302.18
2025-01-14,CMP_1003,Meta_Ads_Prospecting,Social,Prospecting / Discovery,67015,1490,32978.48,86,34,114776.57
2025-01-15,CMP_1003,Meta_Ads_Prospecting,Social,Prospecting / Discovery,69524,1669,39686.06,88,40,123127.41
2025-01-16,CMP_1003,Meta_Ads_Prospecting,Social,Prospecting / Discovery,47098,974,25204.43,47,24,88792.76
2025-01-17,CMP_1003,Meta_Ads_Prospecting,Social,Prospecting / Discovery,55017,1122,28171.83,63,27,93414.57
2025-01-18,CMP_1003,Meta_Ads_Prospecting,Social,Prospecting / Discovery,62900,1303,31081.75,72,31,103117.23
2025-01-19,CMP_1003,Meta_Ads_Prospecting,Social,Prospecting / Discovery,101226,1989,46559.05,98,46,146680.36
2025-01-20,CMP_1003,Meta_Ads_Prospecting,Social,Prospecting / Discovery,69736,1687,37267.66,95,42,130965.57
2025-01-21,CMP_1003,Meta_Ads_Prospecting,Social,Prospecting / Discovery,84146,1682,39930.07,89,39,132590.71
2025-01-22,CMP_1003,Meta_Ads_Prospecting,Social,Prospecting / Discovery,68840,1594,39008.36,77,34,144237.83
2025-01-23,CMP_1003,Meta_Ads_Prospecting,Social,Prospecting / Discovery,89609,1945,45517.06,106,46,186832.04
2025-01-24,CMP_1003,Meta_Ads_Prospecting,Social,Prospecting / Discovery,71552,1389,35310.65,77,33,139749.16
2025-01-25,CMP_1003,Meta_Ads_Prospecting,Social,Prospecting / Discovery,84652,1750,43732.49,93,46,186587.11
2025-01-26,CMP_1003,Meta_Ads_Prospecting,Social,Prospecting / Discovery,80468,1858,41733.45,95,40,137549.36
2025-01-27,CMP_1003,Meta_Ads_Prospecting,Social,Prospecting / Discovery,75686,1796,41988.22,85,41,131937.37
2025-01-28,CMP_1003,Meta_Ads_Prospecting,Social,Prospecting / Discovery,76521,1509,34682.47,74,36,118305.04
2025-01-29,CMP_1003,Meta_Ads_Prospecting,Social,Prospecting / Discovery,43951,1061,27013.13,55,24,72845.97
2025-01-30,CMP_1003,Meta_Ads_Prospecting,Social,Prospecting / Discovery,60422,1189,30629.34,60,27,89795.14
2025-01-31,CMP_1003,Meta_Ads_Prospecting,Social,Prospecting / Discovery,79604,1808,40786.22,88,39,160946.14
2025-02-01,CMP_1003,Meta_Ads_Prospecting,Social,Prospecting / Discovery,71192,1687,38496.69,89,37,155008.15
2025-02-02,CMP_1003,Meta_Ads_Prospecting,Social,Prospecting / Discovery,83498,1993,45316.99,94,47,185012.77
2025-02-03,CMP_1003,Meta_Ads_Prospecting,Social,Prospecting / Discovery,57241,1383,35525.52,77,35,110632.86
2025-02-04,CMP_1003,Meta_Ads_Prospecting,Social,Prospecting / Discovery,63489,1361,32039.85,72,30,114902.86
2025-02-05,CMP_1003,Meta_Ads_Prospecting,Social,Prospecting / Discovery,66862,1404,31904.73,74,35,136348.74
2025-02-06,CMP_1003,Meta_Ads_Prospecting,Social,Prospecting / Discovery,66795,1324,32036.82,68,31,91268.45
2025-02-07,CMP_1003,Meta_Ads_Prospecting,Social,Prospecting / Discovery,71745,1751,40521.15,100,40,117944.65
2025-02-08,CMP_1003,Meta_Ads_Prospecting,Social,Prospecting / Discovery,76197,1532,39413.92,85,33,139408.84
2025-02-09,CMP_1003,Meta_Ads_Prospecting,Social,Prospecting / Discovery,62805,1473,34695.82,75,36,113441.11
2025-02-10,CMP_1003,Meta_Ads_Prospecting,Social,Prospecting / Discovery,95467,2017,45091.35,102,49,165331.03
2025-02-11,CMP_1003,Meta_Ads_Prospecting,Social,Prospecting / Discovery,80188,1805,40885.45,101,42,128935.19
2025-02-12,CMP_1003,Meta_Ads_Prospecting,Social,Prospecting / Discovery,64911,1477,34314.06,79,36,121788.1
2025-02-13,CMP_1003,Meta_Ads_Prospecting,Social,Prospecting / Discovery,65369,1336,33741.27,70,33,103455.52
2025-02-14,CMP_1003,Meta_Ads_Prospecting,Social,Prospecting / Discovery,89725,2064,45776.38,104,45,167370.54
2025-02-15,CMP_1003,Meta_Ads_Prospecting,Social,Prospecting / Discovery,71394,1528,35157.06,73,34,112038.47
2025-02-16,CMP_1003,Meta_Ads_Prospecting,Social,Prospecting / Discovery,88207,1851,41757.73,106,41,172344.81
2025-02-17,CMP_1003,Meta_Ads_Prospecting,Social,Prospecting / Discovery,68913,1604,36706.34,85,41,149380.66
2025-02-18,CMP_1003,Meta_Ads_Prospecting,Social,Prospecting / Discovery,53927,1305,29658.67,66,30,117700.81
2025-02-19,CMP_1003,Meta_Ads_Prospecting,Social,Prospecting / Discovery,68274,1665,38946.57,92,40,163520.7
2025-02-20,CMP_1003,Meta_Ads_Prospecting,Social,Prospecting / Discovery,47700,1155,28803.8,60,26,109140.43
2025-02-21,CMP_1003,Meta_Ads_Prospecting,Social,Prospecting / Discovery,70503,1547,36822.32,79,40,146551.18
2025-02-22,CMP_1003,Meta_Ads_Prospecting,Social,Prospecting / Discovery,90716,1964,45957.15,110,45,178638.83
2025-02-23,CMP_1003,Meta_Ads_Prospecting,Social,Prospecting / Discovery,77790,1762,45295.43,97,44,177727.17
2025-02-24,CMP_1003,Meta_Ads_Prospecting,Social,Prospecting / Discovery,64012,1467,34663.29,76,36,121517.86
2025-02-25,CMP_1003,Meta_Ads_Prospecting,Social,Prospecting / Discovery,74615,1518,37219.64,84,36,114030.99
2025-02-26,CMP_1003,Meta_Ads_Prospecting,Social,Prospecting / Discovery,89753,1840,44056.83,106,46,192818.36
2025-02-27,CMP_1003,Meta_Ads_Prospecting,Social,Prospecting / Discovery,63470,1388,32930.35,79,33,127112.68
2025-02-28,CMP_1003,Meta_Ads_Prospecting,Social,Prospecting / Discovery,77857,1592,35921.44,75,34,143449.6
2025-03-01,CMP_1003,Meta_Ads_Prospecting,Social,Prospecting / Discovery,61061,1396,32130.6,78,33,102243.13
2025-03-02,CMP_1003,Meta_Ads_Prospecting,Social,Prospecting / Discovery,78593,1841,45829.19,106,44,147603.8
2025-03-03,CMP_1003,Meta_Ads_Prospecting,Social,Prospecting / Discovery,97305,1919,47168.19,109,42,140106.38
2025-03-04,CMP_1003,Meta_Ads_Prospecting,Social,Prospecting / Discovery,78088,1707,40274.92,96,39,158836.22
2025-03-05,CMP_1003,Meta_Ads_Prospecting,Social,Prospecting / Discovery,86269,2024,45381.33,114,45,156387.21
2025-03-06,CMP_1003,Meta_Ads_Prospecting,Social,Prospecting / Discovery,74930,1702,41091.77,84,38,111964.58
2025-03-07,CMP_1003,Meta_Ads_Prospecting,Social,Prospecting / Discovery,63408,1415,32994.31,80,35,121874.86
2025-03-08,CMP_1003,Meta_Ads_Prospecting,Social,Prospecting / Discovery,92876,1824,42095.85,100,40,132070.97
2025-03-09,CMP_1003,Meta_Ads_Prospecting,Social,Prospecting / Discovery,86078,1923,46413.04,103,43,146477.04
2025-03-10,CMP_1003,Meta_Ads_Prospecting,Social,Prospecting / Discovery,66484,1611,40085.37,89,39,122894.92
2025-03-11,CMP_1003,Meta_Ads_Prospecting,Social,Prospecting / Discovery,69002,1563,38520.19,84,37,133532.0
2025-03-12,CMP_1003,Meta_Ads_Prospecting,Social,Prospecting / Discovery,73142,1727,39457.29,85,38,132365.19
2025-03-13,CMP_1003,Meta_Ads_Prospecting,Social,Prospecting / Discovery,47805,1036,25507.41,52,25,84048.08
2025-03-14,CMP_1003,Meta_Ads_Prospecting,Social,Prospecting / Discovery,52572,1028,25609.5,54,23,95264.36
2025-03-15,CMP_1003,Meta_Ads_Prospecting,Social,Prospecting / Discovery,85103,1896,41970.75,104,45,135276.67
2025-03-16,CMP_1003,Meta_Ads_Prospecting,Social,Prospecting / Discovery,83166,1714,41908.1,90,40,119674.33
2025-03-17,CMP_1003,Meta_Ads_Prospecting,Social,Prospecting / Discovery,76318,1815,40835.78,90,40,143067.18
2025-03-18,CMP_1003,Meta_Ads_Prospecting,Social,Prospecting / Discovery,73529,1444,32090.04,81,32,94444.99
2025-03-19,CMP_1003,Meta_Ads_Prospecting,Social,Prospecting / Discovery,69238,1649,39192.08,82,38,111883.2
2025-03-20,CMP_1003,Meta_Ads_Prospecting,Social,Prospecting / Discovery,99501,2101,51019.62,106,46,155886.9
2025-03-21,CMP_1003,Meta_Ads_Prospecting,Social,Prospecting / Discovery,56007,1311,29457.9,75,34,138260.89
2025-03-22,CMP_1003,Meta_Ads_Prospecting,Social,Prospecting / Discovery,97706,2217,51391.23,116,53,207790.53
2025-03-23,CMP_1003,Meta_Ads_Prospecting,Social,Prospecting / Discovery,95630,2012,46612.77,115,44,156220.36
2025-03-24,CMP_1003,Meta_Ads_Prospecting,Social,Prospecting / Discovery,78438,1622,39228.55,82,41,149672.0
2025-03-25,CMP_1003,Meta_Ads_Prospecting,Social,Prospecting / Discovery,89008,1770,42595.27,84,46,156524.25
2025-03-26,CMP_1003,Meta_Ads_Prospecting,Social,Prospecting / Discovery,55962,1359,33571.66,72,30,110434.24
2025-03-27,CMP_1003,Meta_Ads_Prospecting,Social,Prospecting / Discovery,72631,1562,39087.51,88,38,156293.18
2025-03-28,CMP_1003,Meta_Ads_Prospecting,Social,Prospecting / Discovery,67905,1387,32294.54,79,35,133346.56
2025-03-29,CMP_1003,Meta_Ads_Prospecting,Social,Prospecting / Discovery,92515,1881,43711.13,104,44,140671.25
2025-03-30,CMP_1003,Meta_Ads_Prospecting,Social,Prospecting / Discovery,76761,1676,39124.34,82,44,139672.39
2025-03-31,CMP_1003,Meta_Ads_Prospecting,Social,Prospecting / Discovery,83779,1712,38678.84,95,40,146358.63
2025-04-01,CMP_1003,Meta_Ads_Prospecting,Social,Prospecting / Discovery,90827,1800,45867.0,95,46,157211.58
2025-04-02,CMP_1003,Meta_Ads_Prospecting,Social,Prospecting / Discovery,72261,1450,36654.09,83,36,150127.73
2025-04-03,CMP_1003,Meta_Ads_Prospecting,Social,Prospecting / Discovery,58707,1222,31408.28,62,30,117924.91
2025-04-04,CMP_1003,Meta_Ads_Prospecting,Social,Prospecting / Discovery,88692,1813,46523.03,101,45,133954.23
2025-04-05,CMP_1003,Meta_Ads_Prospecting,Social,Prospecting / Discovery,57433,1410,32798.67,76,35,147637.0
2025-04-06,CMP_1003,Meta_Ads_Prospecting,Social,Prospecting / Discovery,66839,1577,37126.98,82,40,125427.77
2025-04-07,CMP_1003,Meta_Ads_Prospecting,Social,Prospecting / Discovery,84266,1902,44876.18,99,47,150424.93
2025-04-08,CMP_1003,Meta_Ads_Prospecting,Social,Prospecting / Discovery,71334,1494,33335.77,78,33,111293.3
2025-04-09,CMP_1003,Meta_Ads_Prospecting,Social,Prospecting / Discovery,58761,1412,34354.12,69,34,128997.54
2025-04-10,CMP_1003,Meta_Ads_Prospecting,Social,Prospecting / Discovery,68034,1569,37176.13,81,37,107300.01
2025-04-11,CMP_1003,Meta_Ads_Prospecting,Social,Prospecting / Discovery,93783,1998,44422.19,115,47,167914.35
2025-04-12,CMP_1003,Meta_Ads_Prospecting,Social,Prospecting / Discovery,83466,1932,49431.35,103,49,199211.37
2025-04-13,CMP_1003,Meta_Ads_Prospecting,Social,Prospecting / Discovery,56695,1387,32686.54,76,30,121908.75
2025-04-14,CMP_1003,Meta_Ads_Prospecting,Social,Prospecting / Discovery,47051,928,22215.62,49,21,85758.52
2025-04-15,CMP_1003,Meta_Ads_Prospecting,Social,Prospecting / Discovery,86470,1699,41159.22,98,40,131423.7
2025-04-16,CMP_1003,Meta_Ads_Prospecting,Social,Prospecting / Discovery,61575,1471,35135.54,74,33,101162.72
2025-04-17,CMP_1003,Meta_Ads_Prospecting,Social,Prospecting / Discovery,89392,1838,43918.26,90,42,175068.48
2025-04-18,CMP_1003,Meta_Ads_Prospecting,Social,Prospecting / Discovery,58631,1441,33728.16,75,32,131262.42
2025-04-19,CMP_1003,Meta_Ads_Prospecting,Social,Prospecting / Discovery,103796,2037,52680.45,98,51,166937.38
2025-04-20,CMP_1003,Meta_Ads_Prospecting,Social,Prospecting / Discovery,89125,1744,39742.73,83,44,135204.5
2025-04-21,CMP_1003,Meta_Ads_Prospecting,Social,Prospecting / Discovery,112546,2195,52094.45,122,47,184530.0
2025-04-22,CMP_1003,Meta_Ads_Prospecting,Social,Prospecting / Discovery,61029,1321,33703.74,70,31,105999.04
2025-04-23,CMP_1003,Meta_Ads_Prospecting,Social,Prospecting / Discovery,71113,1738,44583.8,91,41,134030.0
2025-04-24,CMP_1003,Meta_Ads_Prospecting,Social,Prospecting / Discovery,55185,1110,28606.11,59,25,81736.28
2025-04-25,CMP_1003,Meta_Ads_Prospecting,Social,Prospecting / Discovery,85547,1726,38663.21,90,41,132920.26
2025-04-26,CMP_1003,Meta_Ads_Prospecting,Social,Prospecting / Discovery,82394,1633,38042.11,82,42,175341.69
2025-04-27,CMP_1003,Meta_Ads_Prospecting,Social,Prospecting / Discovery,93901,1821,46587.06,102,47,141667.54
2025-04-28,CMP_1003,Meta_Ads_Prospecting,Social,Prospecting / Discovery,48377,1182,26843.98,62,25,81009.49
2025-04-29,CMP_1003,Meta_Ads_Prospecting,Social,Prospecting / Discovery,80151,1973,49139.88,99,47,169920.04
2025-04-30,CMP_1003,Meta_Ads_Prospecting,Social,Prospecting / Discovery,73321,1485,35109.4,85,38,135573.85
2025-05-01,CMP_1003,Meta_Ads_Prospecting,Social,Prospecting / Discovery,63701,1467,35459.58,77,38,141414.14
2025-05-02,CMP_1003,Meta_Ads_Prospecting,Social,Prospecting / Discovery,84951,1991,46819.41,98,46,154645.75
2025-05-03,CMP_1003,Meta_Ads_Prospecting,Social,Prospecting / Discovery,92771,2185,52310.52,117,50,199578.55
2025-05-04,CMP_1003,Meta_Ads_Prospecting,Social,Prospecting / Discovery,88051,1809,41616.19,95,41,118996.69
2025-05-05,CMP_1003,Meta_Ads_Prospecting,Social,Prospecting / Discovery,76760,1878,44685.77,100,48,147823.31
2025-05-06,CMP_1003,Meta_Ads_Prospecting,Social,Prospecting / Discovery,78854,1888,56877.34,101,47,159611.02
2025-05-07,CMP_1003,Meta_Ads_Prospecting,Social,Prospecting / Discovery,76363,1828,43149.76,91,47,197074.19
2025-05-08,CMP_1003,Meta_Ads_Prospecting,Social,Prospecting / Discovery,78593,1666,38373.38,94,43,150202.32
2025-05-09,CMP_1003,Meta_Ads_Prospecting,Social,Prospecting / Discovery,88348,1838,45445.38,101,40,118281.62
2025-05-10,CMP_1003,Meta_Ads_Prospecting,Social,Prospecting / Discovery,63411,1346,31726.81,68,32,106438.33
2025-05-11,CMP_1003,Meta_Ads_Prospecting,Social,Prospecting / Discovery,72129,1553,40109.37,81,37,156411.71
2025-05-12,CMP_1003,Meta_Ads_Prospecting,Social,Prospecting / Discovery,71742,1647,37900.47,90,40,120418.66
2025-05-13,CMP_1003,Meta_Ads_Prospecting,Social,Prospecting / Discovery,72211,1680,40954.2,83,43,126045.09
2025-05-14,CMP_1003,Meta_Ads_Prospecting,Social,Prospecting / Discovery,81182,1769,44814.13,88,39,163273.41
2025-05-15,CMP_1003,Meta_Ads_Prospecting,Social,Prospecting / Discovery,105226,2107,50939.65,106,47,149479.66
2025-05-16,CMP_1003,Meta_Ads_Prospecting,Social,Prospecting / Discovery,63222,1459,34536.99,72,34,116336.02
2025-05-17,CMP_1003,Meta_Ads_Prospecting,Social,Prospecting / Discovery,84913,1786,39919.85,89,42,165803.82
2025-05-18,CMP_1003,Meta_Ads_Prospecting,Social,Prospecting / Discovery,79552,1895,48091.73,97,47,155826.36
2025-05-19,CMP_1003,Meta_Ads_Prospecting,Social,Prospecting / Discovery,93724,2017,44626.96,102,50,196604.69
2025-05-20,CMP_1003,Meta_Ads_Prospecting,Social,Prospecting / Discovery,75786,1792,41680.68,90,42,162907.3
2025-05-21,CMP_1003,Meta_Ads_Prospecting,Social,Prospecting / Discovery,80854,1956,47788.17,96,49,179479.42
2025-05-22,CMP_1003,Meta_Ads_Prospecting,Social,Prospecting / Discovery,72673,1589,36777.85,81,38,155763.55
2025-05-23,CMP_1003,Meta_Ads_Prospecting,Social,Prospecting / Discovery,117217,2301,55390.06,115,55,182155.6
2025-05-24,CMP_1003,Meta_Ads_Prospecting,Social,Prospecting / Discovery,99355,2188,49850.65,111,49,172529.99
2025-05-25,CMP_1003,Meta_Ads_Prospecting,Social,Prospecting / Discovery,87437,2051,46125.28,114,51,155294.67
2025-05-26,CMP_1003,Meta_Ads_Prospecting,Social,Prospecting / Discovery,82220,1954,47995.24,104,48,168641.97
2025-05-27,CMP_1003,Meta_Ads_Prospecting,Social,Prospecting / Discovery,83476,1652,40546.21,86,38,138007.72
2025-05-28,CMP_1003,Meta_Ads_Prospecting,Social,Prospecting / Discovery,84391,1942,43894.44,108,43,130370.23
2025-05-29,CMP_1003,Meta_Ads_Prospecting,Social,Prospecting / Discovery,57482,1310,29470.04,74,33,123467.34
2025-05-30,CMP_1003,Meta_Ads_Prospecting,Social,Prospecting / Discovery,125341,2501,55952.42,120,57,175246.48
2025-05-31,CMP_1003,Meta_Ads_Prospecting,Social,Prospecting / Discovery,68193,1540,39582.33,86,38,115634.16
2025-06-01,CMP_1003,Meta_Ads_Prospecting,Social,Prospecting / Discovery,64047,1333,33203.97,72,30,127405.03
2025-06-02,CMP_1003,Meta_Ads_Prospecting,Social,Prospecting / Discovery,65161,1270,32595.97,69,31,124851.72
2025-06-03,CMP_1003,Meta_Ads_Prospecting,Social,Prospecting / Discovery,50874,1247,32214.8,60,31,116838.43
2025-06-04,CMP_1003,Meta_Ads_Prospecting,Social,Prospecting / Discovery,54221,1331,32724.3,76,31,91274.21
2025-06-05,CMP_1003,Meta_Ads_Prospecting,Social,Prospecting / Discovery,71996,1708,40091.57,93,40,118597.52
2025-06-06,CMP_1003,Meta_Ads_Prospecting,Social,Prospecting / Discovery,54253,1234,31649.36,62,29,86415.22
2025-06-07,CMP_1003,Meta_Ads_Prospecting,Social,Prospecting / Discovery,48821,1038,26811.63,54,24,91637.18
2025-06-08,CMP_1003,Meta_Ads_Prospecting,Social,Prospecting / Discovery,101489,2134,49332.42,104,52,153094.45
2025-06-09,CMP_1003,Meta_Ads_Prospecting,Social,Prospecting / Discovery,74774,1791,43675.22,101,42,147615.43
2025-06-10,CMP_1003,Meta_Ads_Prospecting,Social,Prospecting / Discovery,75489,1559,39360.11,81,39,159232.47
2025-06-11,CMP_1003,Meta_Ads_Prospecting,Social,Prospecting / Discovery,67543,1504,34630.65,74,33,136261.09
2025-06-12,CMP_1003,Meta_Ads_Prospecting,Social,Prospecting / Discovery,77892,1855,41311.32,96,43,156227.94
2025-06-13,CMP_1003,Meta_Ads_Prospecting,Social,Prospecting / Discovery,80325,1876,42081.38,100,42,132131.82
2025-06-14,CMP_1003,Meta_Ads_Prospecting,Social,Prospecting / Discovery,112035,2198,48698.03,117,56,186724.43
2025-06-15,CMP_1003,Meta_Ads_Prospecting,Social,Prospecting / Discovery,82634,1860,43579.46,93,40,155596.43
2025-06-16,CMP_1003,Meta_Ads_Prospecting,Social,Prospecting / Discovery,78952,1810,45131.58,89,42,128583.41
2025-06-17,CMP_1003,Meta_Ads_Prospecting,Social,Prospecting / Discovery,94808,2174,49096.17,123,57,213439.47
2025-06-18,CMP_1003,Meta_Ads_Prospecting,Social,Prospecting / Discovery,69530,1633,39939.11,89,41,121624.49
2025-06-19,CMP_1003,Meta_Ads_Prospecting,Social,Prospecting / Discovery,76763,1831,45702.9,92,45,149276.72
2025-06-20,CMP_1003,Meta_Ads_Prospecting,Social,Prospecting / Discovery,61216,1242,30832.86,62,29,119891.09
2025-06-21,CMP_1003,Meta_Ads_Prospecting,Social,Prospecting / Discovery,94425,1900,43514.82,105,45,185851.25
2025-06-22,CMP_1003,Meta_Ads_Prospecting,Social,Prospecting / Discovery,95206,1922,44172.53,105,46,180162.01
2025-06-23,CMP_1003,Meta_Ads_Prospecting,Social,Prospecting / Discovery,63796,1386,32254.59,71,36,118348.51
2025-06-24,CMP_1003,Meta_Ads_Prospecting,Social,Prospecting / Discovery,64226,1329,32247.33,75,30,123249.28
2025-06-25,CMP_1003,Meta_Ads_Prospecting,Social,Prospecting / Discovery,58221,1329,29884.95,75,29,122000.82
2025-06-26,CMP_1003,Meta_Ads_Prospecting,Social,Prospecting / Discovery,81088,1699,41946.58,84,39,117643.64
2025-06-27,CMP_1003,Meta_Ads_Prospecting,Social,Prospecting / Discovery,83364,1660,37582.81,86,42,129455.83
2025-06-28,CMP_1003,Meta_Ads_Prospecting,Social,Prospecting / Discovery,96652,1921,43890.05,94,50,200360.05
2025-06-29,CMP_1003,Meta_Ads_Prospecting,Social,Prospecting / Discovery,68046,1553,36413.02,82,38,145100.45
2025-06-30,CMP_1003,Meta_Ads_Prospecting,Social,Prospecting / Discovery,61289,1334,29672.79,75,32,128705.66
2025-07-01,CMP_1003,Meta_Ads_Prospecting,Social,Prospecting / Discovery,81289,1644,42583.16,90,40,168909.58
2025-07-02,CMP_1003,Meta_Ads_Prospecting,Social,Prospecting / Discovery,80359,1887,42454.75,107,44,164897.22
2025-07-03,CMP_1003,Meta_Ads_Prospecting,Social,Prospecting / Discovery,66447,1440,34174.47,73,36,149875.2
2025-07-04,CMP_1003,Meta_Ads_Prospecting,Social,Prospecting / Discovery,88459,1744,40221.27,87,45,168800.53
2025-07-05,CMP_1003,Meta_Ads_Prospecting,Social,Prospecting / Discovery,87992,1823,45305.88,100,39,132617.04
2025-07-06,CMP_1003,Meta_Ads_Prospecting,Social,Prospecting / Discovery,68783,1417,35766.39,77,33,122120.44
2025-07-07,CMP_1003,Meta_Ads_Prospecting,Social,Prospecting / Discovery,91777,1785,40160.99,101,40,160190.43
2025-07-08,CMP_1003,Meta_Ads_Prospecting,Social,Prospecting / Discovery,69062,1671,43114.81,88,42,129133.8
2025-07-09,CMP_1003,Meta_Ads_Prospecting,Social,Prospecting / Discovery,48462,1185,30624.9,58,27,81707.69
2025-07-10,CMP_1003,Meta_Ads_Prospecting,Social,Prospecting / Discovery,91845,1821,42853.52,93,47,176079.38
2025-07-11,CMP_1003,Meta_Ads_Prospecting,Social,Prospecting / Discovery,71939,1456,34493.27,84,37,121093.94
2025-07-12,CMP_1003,Meta_Ads_Prospecting,Social,Prospecting / Discovery,76332,1678,43056.82,94,39,150293.27
2025-07-13,CMP_1003,Meta_Ads_Prospecting,Social,Prospecting / Discovery,71109,1442,35892.8,74,35,104515.16
2025-07-14,CMP_1003,Meta_Ads_Prospecting,Social,Prospecting / Discovery,72854,1593,41274.72,89,37,147004.38
2025-07-15,CMP_1003,Meta_Ads_Prospecting,Social,Prospecting / Discovery,42593,1024,24970.57,53,25,93670.64
2025-07-16,CMP_1003,Meta_Ads_Prospecting,Social,Prospecting / Discovery,72038,1401,31447.15,79,31,98507.12
2025-07-17,CMP_1003,Meta_Ads_Prospecting,Social,Prospecting / Discovery,69549,1464,36477.94,77,32,134248.13
2025-07-18,CMP_1003,Meta_Ads_Prospecting,Social,Prospecting / Discovery,106206,2061,46651.67,98,50,175466.85
2025-07-19,CMP_1003,Meta_Ads_Prospecting,Social,Prospecting / Discovery,82889,1608,38725.75,83,40,139682.54
2025-07-20,CMP_1003,Meta_Ads_Prospecting,Social,Prospecting / Discovery,64405,1447,36476.02,71,32,119811.89
2025-07-21,CMP_1003,Meta_Ads_Prospecting,Social,Prospecting / Discovery,78266,1687,42630.78,84,43,163408.81
2025-07-22,CMP_1003,Meta_Ads_Prospecting,Social,Prospecting / Discovery,65418,1483,33924.62,76,39,138178.93
2025-07-23,CMP_1003,Meta_Ads_Prospecting,Social,Prospecting / Discovery,38303,856,20514.46,48,21,73574.27
2025-07-24,CMP_1003,Meta_Ads_Prospecting,Social,Prospecting / Discovery,85593,1744,41823.95,91,39,161233.23
2025-07-25,CMP_1003,Meta_Ads_Prospecting,Social,Prospecting / Discovery,83688,2041,47697.8,108,50,181419.95
2025-07-26,CMP_1003,Meta_Ads_Prospecting,Social,Prospecting / Discovery,78413,1776,39908.22,92,44,140352.95
2025-07-27,CMP_1003,Meta_Ads_Prospecting,Social,Prospecting / Discovery,73981,1591,36153.86,91,39,134929.71
2025-07-28,CMP_1003,Meta_Ads_Prospecting,Social,Prospecting / Discovery,55510,1270,32862.98,64,31,94205.78
2025-07-29,CMP_1003,Meta_Ads_Prospecting,Social,Prospecting / Discovery,73017,1481,38213.4,80,33,127574.15
2025-07-30,CMP_1003,Meta_Ads_Prospecting,Social,Prospecting / Discovery,71617,1724,42156.61,83,39,125879.17
2025-07-31,CMP_1003,Meta_Ads_Prospecting,Social,Prospecting / Discovery,80547,1725,44635.0,95,42,133494.08
2025-08-01,CMP_1003,Meta_Ads_Prospecting,Social,Prospecting / Discovery,68164,1404,33223.18,67,36,151316.26
2025-08-02,CMP_1003,Meta_Ads_Prospecting,Social,Prospecting / Discovery,72964,1543,36099.62,73,38,152478.73
2025-08-03,CMP_1003,Meta_Ads_Prospecting,Social,Prospecting / Discovery,71548,1618,40654.77,77,39,129095.0
2025-08-04,CMP_1003,Meta_Ads_Prospecting,Social,Prospecting / Discovery,66853,1566,36810.83,87,36,150412.61
2025-08-05,CMP_1003,Meta_Ads_Prospecting,Social,Prospecting / Discovery,80501,1940,46441.61,110,42,174872.5
2025-08-06,CMP_1003,Meta_Ads_Prospecting,Social,Prospecting / Discovery,59010,1389,35095.29,68,35,141616.32
2025-08-07,CMP_1003,Meta_Ads_Prospecting,Social,Prospecting / Discovery,85750,1728,38487.67,91,42,158230.97
2025-08-08,CMP_1003,Meta_Ads_Prospecting,Social,Prospecting / Discovery,69789,1705,37772.64,81,37,107635.21
2025-08-09,CMP_1003,Meta_Ads_Prospecting,Social,Prospecting / Discovery,78975,1872,46136.96,89,45,158175.25
2025-08-10,CMP_1003,Meta_Ads_Prospecting,Social,Prospecting / Discovery,89609,1769,42470.79,96,42,165085.3
2025-08-11,CMP_1003,Meta_Ads_Prospecting,Social,Prospecting / Discovery,61962,1256,30866.22,71,30,93113.92
2025-08-12,CMP_1003,Meta_Ads_Prospecting,Social,Prospecting / Discovery,66162,1462,37700.72,70,35,113202.27
2025-08-13,CMP_1003,Meta_Ads_Prospecting,Social,Prospecting / Discovery,72285,1591,41113.23,83,40,122806.4
2025-08-14,CMP_1003,Meta_Ads_Prospecting,Social,Prospecting / Discovery,76154,1694,40974.83,82,39,157968.23
2025-08-15,CMP_1003,Meta_Ads_Prospecting,Social,Prospecting / Discovery,71754,1438,36584.5,79,31,115861.49
2025-08-16,CMP_1003,Meta_Ads_Prospecting,Social,Prospecting / Discovery,71326,1678,39358.69,83,41,131631.66
2025-08-17,CMP_1003,Meta_Ads_Prospecting,Social,Prospecting / Discovery,84810,2030,45831.67,109,45,156215.56
2025-08-18,CMP_1003,Meta_Ads_Prospecting,Social,Prospecting / Discovery,76980,1775,40305.21,98,39,139555.66
2025-08-19,CMP_1003,Meta_Ads_Prospecting,Social,Prospecting / Discovery,80871,1734,41873.53,97,41,144803.28
2025-08-20,CMP_1003,Meta_Ads_Prospecting,Social,Prospecting / Discovery,66719,1590,38116.29,89,37,123701.65
2025-08-21,CMP_1003,Meta_Ads_Prospecting,Social,Prospecting / Discovery,100670,2371,54531.31,124,55,166940.21
2025-08-22,CMP_1003,Meta_Ads_Prospecting,Social,Prospecting / Discovery,64499,1572,36166.34,79,35,123078.02
2025-08-23,CMP_1003,Meta_Ads_Prospecting,Social,Prospecting / Discovery,86947,1847,44717.11,96,48,163353.31
2025-08-24,CMP_1003,Meta_Ads_Prospecting,Social,Prospecting / Discovery,63161,1304,30103.77,68,32,101444.61
2025-08-25,CMP_1003,Meta_Ads_Prospecting,Social,Prospecting / Discovery,89136,1991,46563.83,98,50,148054.98
2025-08-26,CMP_1003,Meta_Ads_Prospecting,Social,Prospecting / Discovery,68556,1399,35483.39,79,32,123931.19
2025-08-27,CMP_1003,Meta_Ads_Prospecting,Social,Prospecting / Discovery,91121,1850,41765.64,97,40,126261.32
2025-08-28,CMP_1003,Meta_Ads_Prospecting,Social,Prospecting / Discovery,57636,1413,36322.96,72,36,130714.62
2025-08-29,CMP_1003,Meta_Ads_Prospecting,Social,Prospecting / Discovery,71961,1769,43541.05,89,43,127312.35
2025-08-30,CMP_1003,Meta_Ads_Prospecting,Social,Prospecting / Discovery,81318,1576,35496.26,91,40,158397.73
2025-08-31,CMP_1003,Meta_Ads_Prospecting,Social,Prospecting / Discovery,64132,1338,30332.1,68,33,119590.02
2025-09-01,CMP_1003,Meta_Ads_Prospecting,Social,Prospecting / Discovery,88562,1723,38557.88,83,40,166365.69
2025-09-02,CMP_1003,Meta_Ads_Prospecting,Social,Prospecting / Discovery,88624,1885,44998.22,91,48,189844.69
2025-09-03,CMP_1003,Meta_Ads_Prospecting,Social,Prospecting / Discovery,82121,1812,41185.85,95,44,183779.82
2025-09-04,CMP_1003,Meta_Ads_Prospecting,Social,Prospecting / Discovery,102782,2024,45089.41,100,44,171642.24
2025-09-05,CMP_1003,Meta_Ads_Prospecting,Social,Prospecting / Discovery,104291,2094,52061.92,117,46,151781.54
2025-09-06,CMP_1003,Meta_Ads_Prospecting,Social,Prospecting / Discovery,74470,1634,37677.92,84,43,127540.57
2025-09-07,CMP_1003,Meta_Ads_Prospecting,Social,Prospecting / Discovery,75818,1489,33696.66,80,32,128881.86
2025-09-08,CMP_1003,Meta_Ads_Prospecting,Social,Prospecting / Discovery,92883,1882,56461.16,93,43,158977.67
2025-09-09,CMP_1003,Meta_Ads_Prospecting,Social,Prospecting / Discovery,100930,2016,46160.7,116,43,171211.74
2025-09-10,CMP_1003,Meta_Ads_Prospecting,Social,Prospecting / Discovery,74519,1500,33911.72,82,37,146317.76
2025-09-11,CMP_1003,Meta_Ads_Prospecting,Social,Prospecting / Discovery,74087,1705,43806.96,83,38,153344.57
2025-09-12,CMP_1003,Meta_Ads_Prospecting,Social,Prospecting / Discovery,57121,1302,33369.37,63,34,110215.69
2025-09-13,CMP_1003,Meta_Ads_Prospecting,Social,Prospecting / Discovery,102448,2201,51457.12,105,52,159001.08
2025-09-14,CMP_1003,Meta_Ads_Prospecting,Social,Prospecting / Discovery,53557,1264,31668.97,62,29,98535.05
2025-09-15,CMP_1003,Meta_Ads_Prospecting,Social,Prospecting / Discovery,58534,1380,31279.72,75,31,105051.0
2025-09-16,CMP_1003,Meta_Ads_Prospecting,Social,Prospecting / Discovery,71481,1756,39607.06,97,41,150750.72
2025-09-17,CMP_1003,Meta_Ads_Prospecting,Social,Prospecting / Discovery,57974,1292,33058.79,63,30,121100.31
2025-09-18,CMP_1003,Meta_Ads_Prospecting,Social,Prospecting / Discovery,75331,1814,46106.68,103,40,145200.45
2025-09-19,CMP_1003,Meta_Ads_Prospecting,Social,Prospecting / Discovery,78564,1835,45756.47,98,41,162954.17
2025-09-20,CMP_1003,Meta_Ads_Prospecting,Social,Prospecting / Discovery,80824,1639,39108.74,83,35,120205.7
2025-09-21,CMP_1003,Meta_Ads_Prospecting,Social,Prospecting / Discovery,78961,1787,43231.33,97,45,143236.33
2025-09-22,CMP_1003,Meta_Ads_Prospecting,Social,Prospecting / Discovery,73965,1470,38018.89,74,36,121176.34
2025-09-23,CMP_1003,Meta_Ads_Prospecting,Social,Prospecting / Discovery,89767,1769,45379.94,94,43,162441.54
2025-09-24,CMP_1003,Meta_Ads_Prospecting,Social,Prospecting / Discovery,64985,1325,33561.37,74,32,125650.4
2025-09-25,CMP_1003,Meta_Ads_Prospecting,Social,Prospecting / Discovery,59054,1208,29992.34,64,31,107808.02
2025-09-26,CMP_1003,Meta_Ads_Prospecting,Social,Prospecting / Discovery,77744,1665,37690.86,95,38,154683.31
2025-09-27,CMP_1003,Meta_Ads_Prospecting,Social,Prospecting / Discovery,82983,1760,44818.54,85,44,145800.9
2025-09-28,CMP_1003,Meta_Ads_Prospecting,Social,Prospecting / Discovery,71205,1671,40033.27,86,39,132663.14
2025-09-29,CMP_1003,Meta_Ads_Prospecting,Social,Prospecting / Discovery,89804,1988,46716.53,111,46,165737.38
2025-09-30,CMP_1003,Meta_Ads_Prospecting,Social,Prospecting / Discovery,54799,1331,30812.2,73,32,120668.78
2025-10-01,CMP_1003,Meta_Ads_Prospecting,Social,Prospecting / Discovery,91011,2059,56622.48,108,49,165562.0
2025-10-02,CMP_1003,Meta_Ads_Prospecting,Social,Prospecting / Discovery,107952,2120,50611.19,101,53,191955.86
2025-10-03,CMP_1003,Meta_Ads_Prospecting,Social,Prospecting / Discovery,110251,2276,54700.63,126,50,157415.56
2025-10-04,CMP_1003,Meta_Ads_Prospecting,Social,Prospecting / Discovery,77261,1759,40526.14,95,44,152155.68
2025-10-05,CMP_1003,Meta_Ads_Prospecting,Social,Prospecting / Discovery,105984,2205,49319.46,127,53,204327.85
2025-10-06,CMP_1003,Meta_Ads_Prospecting,Social,Prospecting / Discovery,103283,2310,51352.7,132,60,217509.1
2025-10-07,CMP_1003,Meta_Ads_Prospecting,Social,Prospecting / Discovery,85914,2092,49873.9,114,45,158552.41
2025-10-08,CMP_1003,Meta_Ads_Prospecting,Social,Prospecting / Discovery,93876,2106,50184.45,108,47,168027.75
2025-10-09,CMP_1003,Meta_Ads_Prospecting,Social,Prospecting / Discovery,72159,1650,41703.63,84,43,177615.9
2025-10-10,CMP_1003,Meta_Ads_Prospecting,Social,Prospecting / Discovery,89698,2158,55686.0,116,52,152248.92
2025-10-11,CMP_1003,Meta_Ads_Prospecting,Social,Prospecting / Discovery,108689,2368,54530.61,128,57,222299.14
2025-10-12,CMP_1003,Meta_Ads_Prospecting,Social,Prospecting / Discovery,112373,2421,54294.57,134,60,254236.45
2025-10-13,CMP_1003,Meta_Ads_Prospecting,Social,Prospecting / Discovery,80807,1777,41146.38,90,42,170328.99
2025-10-14,CMP_1003,Meta_Ads_Prospecting,Social,Prospecting / Discovery,101579,2435,55674.38,117,62,206927.5
2025-10-15,CMP_1003,Meta_Ads_Prospecting,Social,Prospecting / Discovery,103925,2293,53406.99,131,50,168451.71
2025-10-16,CMP_1003,Meta_Ads_Prospecting,Social,Prospecting / Discovery,100217,2165,49468.87,111,56,219868.92
2025-10-17,CMP_1003,Meta_Ads_Prospecting,Social,Prospecting / Discovery,78238,1923,57581.47,100,42,136361.11
2025-10-18,CMP_1003,Meta_Ads_Prospecting,Social,Prospecting / Discovery,73433,1719,44226.46,86,42,162589.18
2025-10-19,CMP_1003,Meta_Ads_Prospecting,Social,Prospecting / Discovery,80990,1945,49981.98,103,49,179071.33
2025-10-20,CMP_1003,Meta_Ads_Prospecting,Social,Prospecting / Discovery,90675,2009,45338.46,101,43,166541.64
2025-10-21,CMP_1003,Meta_Ads_Prospecting,Social,Prospecting / Discovery,104296,2347,52115.55,124,61,216460.32
2025-10-22,CMP_1003,Meta_Ads_Prospecting,Social,Prospecting / Discovery,83091,2046,51807.11,106,47,193783.28
2025-10-23,CMP_1003,Meta_Ads_Prospecting,Social,Prospecting / Discovery,91112,2060,47018.49,106,44,147941.74
2025-10-24,CMP_1003,Meta_Ads_Prospecting,Social,Prospecting / Discovery,85486,1776,56634.92,99,38,137630.09
2025-10-25,CMP_1003,Meta_Ads_Prospecting,Social,Prospecting / Discovery,82085,1994,44569.49,110,49,196514.45
2025-10-26,CMP_1003,Meta_Ads_Prospecting,Social,Prospecting / Discovery,87698,2126,52789.95,112,47,169591.12
2025-10-27,CMP_1003,Meta_Ads_Prospecting,Social,Prospecting / Discovery,101963,2293,51768.71,120,56,162605.18
2025-10-28,CMP_1003,Meta_Ads_Prospecting,Social,Prospecting / Discovery,92773,1984,51060.63,103,49,181846.75
2025-10-29,CMP_1003,Meta_Ads_Prospecting,Social,Prospecting / Discovery,85697,1845,42874.56,91,48,147247.81
2025-10-30,CMP_1003,Meta_Ads_Prospecting,Social,Prospecting / Discovery,92372,2169,49754.28,107,47,166157.05
2025-10-31,CMP_1003,Meta_Ads_Prospecting,Social,Prospecting / Discovery,116117,2300,50882.2,128,58,239806.15
2025-11-01,CMP_1003,Meta_Ads_Prospecting,Social,Prospecting / Discovery,102964,2419,53916.03,136,61,218473.42
2025-11-02,CMP_1003,Meta_Ads_Prospecting,Social,Prospecting / Discovery,83237,1983,56363.04,109,52,161290.58
2025-11-03,CMP_1003,Meta_Ads_Prospecting,Social,Prospecting / Discovery,92200,1876,47145.9,90,49,143263.82
2025-11-04,CMP_1003,Meta_Ads_Prospecting,Social,Prospecting / Discovery,87932,1872,47345.76,105,45,185229.83
2025-11-05,CMP_1003,Meta_Ads_Prospecting,Social,Prospecting / Discovery,85238,2050,50554.29,107,50,157317.99
2025-11-06,CMP_1003,Meta_Ads_Prospecting,Social,Prospecting / Discovery,81209,1987,50031.69,100,47,141334.54
2025-11-07,CMP_1003,Meta_Ads_Prospecting,Social,Prospecting / Discovery,106111,2302,52124.11,117,55,202756.94
2025-11-08,CMP_1003,Meta_Ads_Prospecting,Social,Prospecting / Discovery,99366,2323,68809.04,127,54,159947.62
2025-11-09,CMP_1003,Meta_Ads_Prospecting,Social,Prospecting / Discovery,91447,2049,46703.28,100,47,180383.07
2025-11-10,CMP_1003,Meta_Ads_Prospecting,Social,Prospecting / Discovery,85839,1837,44531.62,95,44,127510.95
2025-11-11,CMP_1003,Meta_Ads_Prospecting,Social,Prospecting / Discovery,98801,2054,52611.96,105,49,200367.09
2025-11-12,CMP_1003,Meta_Ads_Prospecting,Social,Prospecting / Discovery,81324,1892,48622.08,91,46,158608.6
2025-11-13,CMP_1003,Meta_Ads_Prospecting,Social,Prospecting / Discovery,88425,2081,47487.54,108,47,160376.5
2025-11-14,CMP_1003,Meta_Ads_Prospecting,Social,Prospecting / Discovery,86340,2013,51052.24,101,44,142239.57
2025-11-15,CMP_1003,Meta_Ads_Prospecting,Social,Prospecting / Discovery,96095,2163,52196.74,111,55,198091.81
2025-11-16,CMP_1003,Meta_Ads_Prospecting,Social,Prospecting / Discovery,123843,2482,55924.5,132,64,211798.97
2025-11-17,CMP_1003,Meta_Ads_Prospecting,Social,Prospecting / Discovery,118709,2321,53462.36,112,58,183369.95
2025-11-18,CMP_1003,Meta_Ads_Prospecting,Social,Prospecting / Discovery,105002,2311,54325.73,127,51,175575.57
2025-11-19,CMP_1003,Meta_Ads_Prospecting,Social,Prospecting / Discovery,100560,2038,68913.95,114,50,182299.22
2025-11-20,CMP_1003,Meta_Ads_Prospecting,Social,Prospecting / Discovery,84093,1811,44860.03,88,44,158556.39
2025-11-21,CMP_1003,Meta_Ads_Prospecting,Social,Prospecting / Discovery,74706,1678,42913.17,81,39,152827.13
2025-11-22,CMP_1003,Meta_Ads_Prospecting,Social,Prospecting / Discovery,84518,1857,58515.46,105,42,144833.4
2025-11-23,CMP_1003,Meta_Ads_Prospecting,Social,Prospecting / Discovery,84757,2028,56216.24,103,45,144699.43
2025-11-24,CMP_1003,Meta_Ads_Prospecting,Social,Prospecting / Discovery,109879,2273,53843.34,115,50,164640.02
2025-11-25,CMP_1003,Meta_Ads_Prospecting,Social,Prospecting / Discovery,76133,1774,41537.97,101,44,147026.92
2025-11-26,CMP_1003,Meta_Ads_Prospecting,Social,Prospecting / Discovery,97557,1967,63435.54,96,45,179481.38
2025-11-27,CMP_1003,Meta_Ads_Prospecting,Social,Prospecting / Discovery,80693,1787,43284.83,97,40,162623.52
2025-11-28,CMP_1003,Meta_Ads_Prospecting,Social,Prospecting / Discovery,103843,2391,55644.82,114,55,185257.89
2025-11-29,CMP_1003,Meta_Ads_Prospecting,Social,Prospecting / Discovery,90541,1857,46644.75,101,47,171745.18
2025-11-30,CMP_1003,Meta_Ads_Prospecting,Social,Prospecting / Discovery,90878,2077,51773.78,106,52,171121.28
2025-12-01,CMP_1003,Meta_Ads_Prospecting,Social,Prospecting / Discovery,107688,2257,53142.41,118,57,236817.54
2025-12-02,CMP_1003,Meta_Ads_Prospecting,Social,Prospecting / Discovery,84060,1921,46440.13,109,42,134636.33
2025-12-03,CMP_1003,Meta_Ads_Prospecting,Social,Prospecting / Discovery,89319,1925,48847.39,93,45,144170.96
2025-12-04,CMP_1003,Meta_Ads_Prospecting,Social,Prospecting / Discovery,86442,2026,47021.42,97,51,177053.13
2025-12-05,CMP_1003,Meta_Ads_Prospecting,Social,Prospecting / Discovery,83797,1662,38869.43,95,42,147634.22
2025-12-06,CMP_1003,Meta_Ads_Prospecting,Social,Prospecting / Discovery,80449,1954,44830.85,99,43,157203.85
2025-12-07,CMP_1003,Meta_Ads_Prospecting,Social,Prospecting / Discovery,85286,2099,50205.19,114,46,195051.58
2025-12-08,CMP_1003,Meta_Ads_Prospecting,Social,Prospecting / Discovery,91055,1901,44961.82,101,43,129326.04
2025-12-09,CMP_1003,Meta_Ads_Prospecting,Social,Prospecting / Discovery,83594,1745,45237.02,88,39,121411.93
2025-12-10,CMP_1003,Meta_Ads_Prospecting,Social,Prospecting / Discovery,93178,2194,50859.87,125,57,182737.09
2025-12-11,CMP_1003,Meta_Ads_Prospecting,Social,Prospecting / Discovery,77148,1848,41616.88,100,41,142457.39
2025-12-12,CMP_1003,Meta_Ads_Prospecting,Social,Prospecting / Discovery,89633,2084,48324.81,109,54,160080.47
2025-12-13,CMP_1003,Meta_Ads_Prospecting,Social,Prospecting / Discovery,83269,1751,42051.19,96,45,187499.62
2025-12-14,CMP_1003,Meta_Ads_Prospecting,Social,Prospecting / Discovery,50773,1211,30492.54,64,30,99082.96
2025-12-15,CMP_1003,Meta_Ads_Prospecting,Social,Prospecting / Discovery,68047,1420,33907.91,81,32,96746.9
2025-12-16,CMP_1003,Meta_Ads_Prospecting,Social,Prospecting / Discovery,80716,1587,38270.31,77,35,123253.07
2025-12-17,CMP_1003,Meta_Ads_Prospecting,Social,Prospecting / Discovery,96293,2081,51879.37,106,48,189246.4
2025-12-18,CMP_1003,Meta_Ads_Prospecting,Social,Prospecting / Discovery,96717,1879,41878.24,105,44,134991.93
2025-12-19,CMP_1003,Meta_Ads_Prospecting,Social,Prospecting / Discovery,87482,1934,46289.79,111,50,159138.3
2025-12-20,CMP_1003,Meta_Ads_Prospecting,Social,Prospecting / Discovery,93620,1910,48138.05,95,47,161717.67
2025-12-21,CMP_1003,Meta_Ads_Prospecting,Social,Prospecting / Discovery,94518,1908,48753.78,98,46,142911.74
2025-12-22,CMP_1003,Meta_Ads_Prospecting,Social,Prospecting / Discovery,70235,1699,43839.18,83,37,111227.75
2025-12-23,CMP_1003,Meta_Ads_Prospecting,Social,Prospecting / Discovery,74168,1464,35715.77,73,38,156766.63
2025-12-24,CMP_1003,Meta_Ads_Prospecting,Social,Prospecting / Discovery,62736,1221,30632.19,62,30,97927.76
2025-12-25,CMP_1003,Meta_Ads_Prospecting,Social,Prospecting / Discovery,83569,2019,45137.77,116,44,159016.44
2025-12-26,CMP_1003,Meta_Ads_Prospecting,Social,Prospecting / Discovery,96528,2069,48098.33,102,50,209642.6
2025-12-27,CMP_1003,Meta_Ads_Prospecting,Social,Prospecting / Discovery,74540,1577,38590.76,89,37,116633.69
2025-12-28,CMP_1003,Meta_Ads_Prospecting,Social,Prospecting / Discovery,81856,1917,43737.64,96,48,152160.32
2025-12-29,CMP_1003,Meta_Ads_Prospecting,Social,Prospecting / Discovery,66310,1610,41405.29,80,37,114447.78
2025-12-30,CMP_1003,Meta_Ads_Prospecting,Social,Prospecting / Discovery,60756,1324,31844.22,75,34,115996.16
2025-12-31,CMP_1003,Meta_Ads_Prospecting,Social,Prospecting / Discovery,101396,1965,49483.44,100,46,147311.05
2025-01-01,CMP_1004,Meta_Ads_Retargeting,Social,Retargeting,13122,560,14949.75,82,34,100680.53
2025-01-02,CMP_1004,Meta_Ads_Retargeting,Social,Retargeting,11818,565,16719.83,79,40,126510.72
2025-01-03,CMP_1004,Meta_Ads_Retargeting,Social,Retargeting,11030,503,13467.54,67,31,127990.77
2025-01-04,CMP_1004,Meta_Ads_Retargeting,Social,Retargeting,10234,438,13125.57,59,28,104360.24
2025-01-05,CMP_1004,Meta_Ads_Retargeting,Social,Retargeting,17191,806,20920.42,118,54,202924.99
2025-01-06,CMP_1004,Meta_Ads_Retargeting,Social,Retargeting,11092,485,13428.36,75,31,102965.65
2025-01-07,CMP_1004,Meta_Ads_Retargeting,Social,Retargeting,10213,490,14306.22,67,33,134287.79
2025-01-08,CMP_1004,Meta_Ads_Retargeting,Social,Retargeting,9817,501,14183.32,66,30,122705.8
2025-01-09,CMP_1004,Meta_Ads_Retargeting,Social,Retargeting,11628,592,15311.88,84,38,110186.75
2025-01-10,CMP_1004,Meta_Ads_Retargeting,Social,Retargeting,9771,489,13794.22,72,34,122829.16
2025-01-11,CMP_1004,Meta_Ads_Retargeting,Social,Retargeting,13113,698,19247.46,102,43,131665.63
2025-01-12,CMP_1004,Meta_Ads_Retargeting,Social,Retargeting,11287,538,15472.44,72,35,104038.51
2025-01-13,CMP_1004,Meta_Ads_Retargeting,Social,Retargeting,13082,635,17554.06,89,43,172687.05
2025-01-14,CMP_1004,Meta_Ads_Retargeting,Social,Retargeting,9911,514,15413.51,78,32,111169.57
2025-01-15,CMP_1004,Meta_Ads_Retargeting,Social,Retargeting,9397,414,11544.96,53,29,93303.7
2025-01-16,CMP_1004,Meta_Ads_Retargeting,Social,Retargeting,9853,482,14432.23,71,33,110881.43
2025-01-17,CMP_1004,Meta_Ads_Retargeting,Social,Retargeting,12017,513,14645.61,68,35,137648.17
2025-01-18,CMP_1004,Meta_Ads_Retargeting,Social,Retargeting,11268,476,13401.09,64,29,93689.05
2025-01-19,CMP_1004,Meta_Ads_Retargeting,Social,Retargeting,9524,433,12742.82,58,28,113883.76
2025-01-20,CMP_1004,Meta_Ads_Retargeting,Social,Retargeting,10441,531,14551.87,76,36,151021.63
2025-01-21,CMP_1004,Meta_Ads_Retargeting,Social,Retargeting,10204,502,14724.99,71,29,122631.66
2025-01-22,CMP_1004,Meta_Ads_Retargeting,Social,Retargeting,9425,429,12360.9,62,28,97893.39
2025-01-23,CMP_1004,Meta_Ads_Retargeting,Social,Retargeting,10553,478,14115.79,67,31,117568.42
2025-01-24,CMP_1004,Meta_Ads_Retargeting,Social,Retargeting,10915,480,13770.11,74,30,116464.47
2025-01-25,CMP_1004,Meta_Ads_Retargeting,Social,Retargeting,17173,766,19820.14,109,53,191174.55
2025-01-26,CMP_1004,Meta_Ads_Retargeting,Social,Retargeting,13457,587,16426.96,89,36,148085.03
2025-01-27,CMP_1004,Meta_Ads_Retargeting,Social,Retargeting,10676,567,16937.79,81,38,150053.7
2025-01-28,CMP_1004,Meta_Ads_Retargeting,Social,Retargeting,12611,605,15682.8,80,36,121912.73
2025-01-29,CMP_1004,Meta_Ads_Retargeting,Social,Retargeting,9126,451,12504.47,59,29,91012.74
2025-01-30,CMP_1004,Meta_Ads_Retargeting,Social,Retargeting,13774,699,19750.67,96,47,163492.47
2025-01-31,CMP_1004,Meta_Ads_Retargeting,Social,Retargeting,12634,628,17557.64,81,42,156713.58
2025-02-01,CMP_1004,Meta_Ads_Retargeting,Social,Retargeting,10912,577,15117.06,85,34,114754.88
2025-02-02,CMP_1004,Meta_Ads_Retargeting,Social,Retargeting,10758,558,15865.12,72,34,139401.99
2025-02-03,CMP_1004,Meta_Ads_Retargeting,Social,Retargeting,13182,567,15283.49,73,34,139019.9
2025-02-04,CMP_1004,Meta_Ads_Retargeting,Social,Retargeting,11555,584,16147.49,90,37,116555.08
2025-02-05,CMP_1004,Meta_Ads_Retargeting,Social,Retargeting,13651,587,17246.67,87,38,156717.7
2025-02-06,CMP_1004,Meta_Ads_Retargeting,Social,Retargeting,11840,573,15094.24,88,36,127638.47
2025-02-07,CMP_1004,Meta_Ads_Retargeting,Social,Retargeting,10070,535,14579.04,73,34,129301.12
2025-02-08,CMP_1004,Meta_Ads_Retargeting,Social,Retargeting,12373,592,15684.97,88,41,153410.22
2025-02-09,CMP_1004,Meta_Ads_Retargeting,Social,Retargeting,11012,482,14472.77,72,29,120630.91
2025-02-10,CMP_1004,Meta_Ads_Retargeting,Social,Retargeting,10780,549,15917.04,74,35,130557.91
2025-02-11,CMP_1004,Meta_Ads_Retargeting,Social,Retargeting,8953,470,14150.6,64,32,115037.46
2025-02-12,CMP_1004,Meta_Ads_Retargeting,Social,Retargeting,12188,559,15579.02,81,38,131057.01
2025-02-13,CMP_1004,Meta_Ads_Retargeting,Social,Retargeting,15009,643,18619.49,98,41,133122.32
2025-02-14,CMP_1004,Meta_Ads_Retargeting,Social,Retargeting,13513,646,17346.6,99,40,156385.08
2025-02-15,CMP_1004,Meta_Ads_Retargeting,Social,Retargeting,10583,541,16363.05,72,35,112270.54
2025-02-16,CMP_1004,Meta_Ads_Retargeting,Social,Retargeting,10033,514,14193.97,77,31,128470.94
2025-02-17,CMP_1004,Meta_Ads_Retargeting,Social,Retargeting,7742,381,10674.34,55,24,85841.01
2025-02-18,CMP_1004,Meta_Ads_Retargeting,Social,Retargeting,13371,690,18334.71,99,41,161210.92
2025-02-19,CMP_1004,Meta_Ads_Retargeting,Social,Retargeting,10313,449,12622.04,69,27,87311.56
2025-02-20,CMP_1004,Meta_Ads_Retargeting,Social,Retargeting,10974,512,14145.45,77,32,99911.83
2025-02-21,CMP_1004,Meta_Ads_Retargeting,Social,Retargeting,11646,574,15170.93,83,38,158280.57
2025-02-22,CMP_1004,Meta_Ads_Retargeting,Social,Retargeting,7640,406,12133.83,55,24,79226.31
2025-02-23,CMP_1004,Meta_Ads_Retargeting,Social,Retargeting,13287,629,16237.58,81,41,137367.77
2025-02-24,CMP_1004,Meta_Ads_Retargeting,Social,Retargeting,12007,592,16531.98,90,39,135731.95
2025-02-25,CMP_1004,Meta_Ads_Retargeting,Social,Retargeting,13136,562,15217.54,83,39,121350.36
2025-02-26,CMP_1004,Meta_Ads_Retargeting,Social,Retargeting,8104,422,12409.64,65,26,107103.78
2025-02-27,CMP_1004,Meta_Ads_Retargeting,Social,Retargeting,14738,630,16389.85,94,40,129542.31
2025-02-28,CMP_1004,Meta_Ads_Retargeting,Social,Retargeting,7686,384,10237.64,49,26,77942.27
2025-03-01,CMP_1004,Meta_Ads_Retargeting,Social,Retargeting,11871,550,15380.1,75,39,146739.39
2025-03-02,CMP_1004,Meta_Ads_Retargeting,Social,Retargeting,11017,520,13462.98,79,32,96595.09
2025-03-03,CMP_1004,Meta_Ads_Retargeting,Social,Retargeting,13533,580,16448.37,76,38,120560.34
2025-03-04,CMP_1004,Meta_Ads_Retargeting,Social,Retargeting,13624,661,18530.07,90,46,185644.55
2025-03-05,CMP_1004,Meta_Ads_Retargeting,Social,Retargeting,11165,535,14040.31,71,38,118012.33
2025-03-06,CMP_1004,Meta_Ads_Retargeting,Social,Retargeting,11930,554,15505.7,81,33,114682.6
2025-03-07,CMP_1004,Meta_Ads_Retargeting,Social,Retargeting,11996,633,16426.05,96,39,154573.98
2025-03-08,CMP_1004,Meta_Ads_Retargeting,Social,Retargeting,11334,605,15671.42,86,37,125175.19
2025-03-09,CMP_1004,Meta_Ads_Retargeting,Social,Retargeting,11359,604,16768.02,81,39,138294.17
2025-03-10,CMP_1004,Meta_Ads_Retargeting,Social,Retargeting,11412,491,14202.88,65,30,116816.55
2025-03-11,CMP_1004,Meta_Ads_Retargeting,Social,Retargeting,11310,590,15770.02,91,38,128027.32
2025-03-12,CMP_1004,Meta_Ads_Retargeting,Social,Retargeting,10230,438,11742.89,59,29,104855.85
2025-03-13,CMP_1004,Meta_Ads_Retargeting,Social,Retargeting,10589,507,14654.79,72,31,108770.72
2025-03-14,CMP_1004,Meta_Ads_Retargeting,Social,Retargeting,11730,591,16477.84,91,37,109053.53
2025-03-15,CMP_1004,Meta_Ads_Retargeting,Social,Retargeting,14097,719,24245.75,112,50,157903.21
2025-03-16,CMP_1004,Meta_Ads_Retargeting,Social,Retargeting,10604,534,15854.56,75,34,137545.51
2025-03-17,CMP_1004,Meta_Ads_Retargeting,Social,Retargeting,6746,330,9239.47,44,23,87558.57
2025-03-18,CMP_1004,Meta_Ads_Retargeting,Social,Retargeting,11340,492,14097.48,71,29,86913.84
2025-03-19,CMP_1004,Meta_Ads_Retargeting,Social,Retargeting,7234,313,8911.72,44,19,80416.67
2025-03-20,CMP_1004,Meta_Ads_Retargeting,Social,Retargeting,11782,591,16710.41,81,35,147601.45
2025-03-21,CMP_1004,Meta_Ads_Retargeting,Social,Retargeting,11075,471,13507.76,71,30,98051.26
2025-03-22,CMP_1004,Meta_Ads_Retargeting,Social,Retargeting,10700,472,12313.83,72,31,100125.86
2025-03-23,CMP_1004,Meta_Ads_Retargeting,Social,Retargeting,12750,598,16960.77,83,36,136824.17
2025-03-24,CMP_1004,Meta_Ads_Retargeting,Social,Retargeting,10459,463,13949.93,67,29,101427.4
2025-03-25,CMP_1004,Meta_Ads_Retargeting,Social,Retargeting,12391,601,16802.49,82,36,108246.17
2025-03-26,CMP_1004,Meta_Ads_Retargeting,Social,Retargeting,10561,470,13637.03,69,29,100208.16
2025-03-27,CMP_1004,Meta_Ads_Retargeting,Social,Retargeting,7859,360,9441.06,53,24,78702.36
2025-03-28,CMP_1004,Meta_Ads_Retargeting,Social,Retargeting,11064,492,13704.83,66,28,115068.11
2025-03-29,CMP_1004,Meta_Ads_Retargeting,Social,Retargeting,12583,550,14857.16,80,32,98320.49
2025-03-30,CMP_1004,Meta_Ads_Retargeting,Social,Retargeting,11158,515,14755.7,76,33,106860.23
2025-03-31,CMP_1004,Meta_Ads_Retargeting,Social,Retargeting,9730,460,12956.48,62,30,122250.41
2025-04-01,CMP_1004,Meta_Ads_Retargeting,Social,Retargeting,10600,522,15803.23,73,32,103668.82
2025-04-02,CMP_1004,Meta_Ads_Retargeting,Social,Retargeting,6712,312,9334.87,43,19,76528.27
2025-04-03,CMP_1004,Meta_Ads_Retargeting,Social,Retargeting,9976,492,14123.05,68,34,100033.94
2025-04-04,CMP_1004,Meta_Ads_Retargeting,Social,Retargeting,11403,547,15093.85,80,32,130409.94
2025-04-05,CMP_1004,Meta_Ads_Retargeting,Social,Retargeting,14981,692,19229.51,91,44,156859.95
2025-04-06,CMP_1004,Meta_Ads_Retargeting,Social,Retargeting,14010,747,20678.37,108,51,154974.93
2025-04-07,CMP_1004,Meta_Ads_Retargeting,Social,Retargeting,10017,462,12746.56,66,32,95889.28
2025-04-08,CMP_1004,Meta_Ads_Retargeting,Social,Retargeting,11362,589,16614.73,77,35,127654.55
2025-04-09,CMP_1004,Meta_Ads_Retargeting,Social,Retargeting,8677,408,12252.39,56,27,112196.07
2025-04-10,CMP_1004,Meta_Ads_Retargeting,Social,Retargeting,14734,663,17952.47,100,39,132302.06
2025-04-11,CMP_1004,Meta_Ads_Retargeting,Social,Retargeting,11725,571,16008.19,85,36,134037.03
2025-04-12,CMP_1004,Meta_Ads_Retargeting,Social,Retargeting,15145,685,19611.41,89,41,131012.71
2025-04-13,CMP_1004,Meta_Ads_Retargeting,Social,Retargeting,15176,788,22078.75,117,54,181835.65
2025-04-14,CMP_1004,Meta_Ads_Retargeting,Social,Retargeting,9453,406,10833.09,59,28,87272.88
2025-04-15,CMP_1004,Meta_Ads_Retargeting,Social,Retargeting,8453,433,11263.11,58,30,115420.62
2025-04-16,CMP_1004,Meta_Ads_Retargeting,Social,Retargeting,10736,511,14692.16,74,32,100689.28
2025-04-17,CMP_1004,Meta_Ads_Retargeting,Social,Retargeting,12166,588,16506.45,89,40,151710.26
2025-04-18,CMP_1004,Meta_Ads_Retargeting,Social,Retargeting,10753,565,15844.89,87,33,132200.39
2025-04-19,CMP_1004,Meta_Ads_Retargeting,Social,Retargeting,12459,579,15019.4,83,34,132769.55
2025-04-20,CMP_1004,Meta_Ads_Retargeting,Social,Retargeting,13699,690,20633.27,102,43,124345.11
2025-04-21,CMP_1004,Meta_Ads_Retargeting,Social,Retargeting,12996,629,16557.72,93,40,155348.94
2025-04-22,CMP_1004,Meta_Ads_Retargeting,Social,Retargeting,9399,488,13007.22,72,34,103695.85
2025-04-23,CMP_1004,Meta_Ads_Retargeting,Social,Retargeting,11197,500,15102.31,64,35,114529.12
2025-04-24,CMP_1004,Meta_Ads_Retargeting,Social,Retargeting,8356,440,12504.23,60,29,91220.92
2025-04-25,CMP_1004,Meta_Ads_Retargeting,Social,Retargeting,12360,570,16296.98,76,35,109662.83
2025-04-26,CMP_1004,Meta_Ads_Retargeting,Social,Retargeting,12530,594,15964.62,81,40,168434.36
2025-04-27,CMP_1004,Meta_Ads_Retargeting,Social,Retargeting,12845,670,18592.89,97,40,153169.88
2025-04-28,CMP_1004,Meta_Ads_Retargeting,Social,Retargeting,14520,687,20446.41,106,46,163507.12
2025-04-29,CMP_1004,Meta_Ads_Retargeting,Social,Retargeting,11828,544,15485.83,85,36,106186.74
2025-04-30,CMP_1004,Meta_Ads_Retargeting,Social,Retargeting,15970,679,17678.79,96,42,146415.62
2025-05-01,CMP_1004,Meta_Ads_Retargeting,Social,Retargeting,11328,500,13483.66,74,32,101190.71
2025-05-02,CMP_1004,Meta_Ads_Retargeting,Social,Retargeting,16932,744,19406.36,97,51,199577.1
2025-05-03,CMP_1004,Meta_Ads_Retargeting,Social,Retargeting,8833,446,13012.57,65,28,105377.95
2025-05-04,CMP_1004,Meta_Ads_Retargeting,Social,Retargeting,12478,599,17523.93,83,37,139275.8
2025-05-05,CMP_1004,Meta_Ads_Retargeting,Social,Retargeting,10732,561,16208.9,77,38,138830.87
2025-05-06,CMP_1004,Meta_Ads_Retargeting,Social,Retargeting,12679,620,17436.27,93,44,131562.03
2025-05-07,CMP_1004,Meta_Ads_Retargeting,Social,Retargeting,14366,762,19814.08,109,50,177304.8
2025-05-08,CMP_1004,Meta_Ads_Retargeting,Social,Retargeting,13266,608,17700.18,83,42,125513.05
2025-05-09,CMP_1004,Meta_Ads_Retargeting,Social,Retargeting,12323,557,16567.67,81,39,148677.62
2025-05-10,CMP_1004,Meta_Ads_Retargeting,Social,Retargeting,17343,788,21518.32,123,53,199641.42
2025-05-11,CMP_1004,Meta_Ads_Retargeting,Social,Retargeting,13082,560,15322.95,72,36,141349.12
2025-05-12,CMP_1004,Meta_Ads_Retargeting,Social,Retargeting,16851,783,20303.24,106,50,149421.59
2025-05-13,CMP_1004,Meta_Ads_Retargeting,Social,Retargeting,13054,585,17584.9,90,37,156521.57
2025-05-14,CMP_1004,Meta_Ads_Retargeting,Social,Retargeting,14569,741,19113.4,114,44,132912.17
2025-05-15,CMP_1004,Meta_Ads_Retargeting,Social,Retargeting,11925,632,17483.81,91,41,126359.19
2025-05-16,CMP_1004,Meta_Ads_Retargeting,Social,Retargeting,13372,597,17832.61,88,35,129888.74
2025-05-17,CMP_1004,Meta_Ads_Retargeting,Social,Retargeting,11494,583,15454.84,80,37,137093.34
2025-05-18,CMP_1004,Meta_Ads_Retargeting,Social,Retargeting,13735,685,18585.52,91,46,140959.45
2025-05-19,CMP_1004,Meta_Ads_Retargeting,Social,Retargeting,12353,557,15433.15,83,34,139030.61
2025-05-20,CMP_1004,Meta_Ads_Retargeting,Social,Retargeting,13757,595,16963.82,83,40,151472.62
2025-05-21,CMP_1004,Meta_Ads_Retargeting,Social,Retargeting,13539,616,17619.39,85,36,139243.36
2025-05-22,CMP_1004,Meta_Ads_Retargeting,Social,Retargeting,17726,815,21921.51,112,47,157629.78
2025-05-23,CMP_1004,Meta_Ads_Retargeting,Social,Retargeting,11221,590,17337.02,84,38,111413.02
2025-05-24,CMP_1004,Meta_Ads_Retargeting,Social,Retargeting,11912,630,17208.58,81,41,149098.48
2025-05-25,CMP_1004,Meta_Ads_Retargeting,Social,Retargeting,15006,708,18958.31,104,48,138766.8
2025-05-26,CMP_1004,Meta_Ads_Retargeting,Social,Retargeting,13514,590,15317.43,92,36,109685.14
2025-05-27,CMP_1004,Meta_Ads_Retargeting,Social,Retargeting,11359,574,15073.18,87,35,102145.29
2025-05-28,CMP_1004,Meta_Ads_Retargeting,Social,Retargeting,13054,629,16853.66,85,44,181371.69
2025-05-29,CMP_1004,Meta_Ads_Retargeting,Social,Retargeting,11398,528,14954.95,73,33,128023.76
2025-05-30,CMP_1004,Meta_Ads_Retargeting,Social,Retargeting,14508,669,20089.87,96,39,123342.88
2025-05-31,CMP_1004,Meta_Ads_Retargeting,Social,Retargeting,13672,610,16865.01,93,36,126349.15
2025-06-01,CMP_1004,Meta_Ads_Retargeting,Social,Retargeting,14257,745,20478.5,107,47,140128.02
2025-06-02,CMP_1004,Meta_Ads_Retargeting,Social,Retargeting,11935,617,17191.79,90,42,149597.95
2025-06-03,CMP_1004,Meta_Ads_Retargeting,Social,Retargeting,13231,604,17707.5,86,38,131035.82
2025-06-04,CMP_1004,Meta_Ads_Retargeting,Social,Retargeting,10476,459,12309.05,61,27,85305.36
2025-06-05,CMP_1004,Meta_Ads_Retargeting,Social,Retargeting,11739,497,13619.35,75,29,120890.69
2025-06-06,CMP_1004,Meta_Ads_Retargeting,Social,Retargeting,8490,411,12257.14,59,27,92242.48
2025-06-07,CMP_1004,Meta_Ads_Retargeting,Social,Retargeting,12545,596,15501.34,86,41,124325.88
2025-06-08,CMP_1004,Meta_Ads_Retargeting,Social,Retargeting,12785,571,16822.97,79,35,120197.39
2025-06-09,CMP_1004,Meta_Ads_Retargeting,Social,Retargeting,10818,512,15030.56,73,35,134758.37
2025-06-10,CMP_1004,Meta_Ads_Retargeting,Social,Retargeting,9489,429,12008.34,66,28,89341.3
2025-06-11,CMP_1004,Meta_Ads_Retargeting,Social,Retargeting,12241,657,17073.31,87,45,154210.25
2025-06-12,CMP_1004,Meta_Ads_Retargeting,Social,Retargeting,9143,479,13420.87,67,31,91668.47
2025-06-13,CMP_1004,Meta_Ads_Retargeting,Social,Retargeting,10622,499,13110.12,73,33,103378.87
2025-06-14,CMP_1004,Meta_Ads_Retargeting,Social,Retargeting,12548,666,17401.1,90,46,186960.03
2025-06-15,CMP_1004,Meta_Ads_Retargeting,Social,Retargeting,9960,509,14987.73,74,32,103904.37
2025-06-16,CMP_1004,Meta_Ads_Retargeting,Social,Retargeting,12824,617,16244.47,89,38,134386.56
2025-06-17,CMP_1004,Meta_Ads_Retargeting,Social,Retargeting,14027,619,18474.41,86,37,138377.17
2025-06-18,CMP_1004,Meta_Ads_Retargeting,Social,Retargeting,7550,400,11636.98,54,28,83329.04
2025-06-19,CMP_1004,Meta_Ads_Retargeting,Social,Retargeting,9370,453,13499.04,66,31,95927.1
2025-06-20,CMP_1004,Meta_Ads_Retargeting,Social,Retargeting,11286,591,15349.13,81,35,123448.75
2025-06-21,CMP_1004,Meta_Ads_Retargeting,Social,Retargeting,13445,573,15491.78,80,40,169056.29
2025-06-22,CMP_1004,Meta_Ads_Retargeting,Social,Retargeting,13242,584,16711.32,90,38,117765.76
2025-06-23,CMP_1004,Meta_Ads_Retargeting,Social,Retargeting,10434,526,15283.64,70,32,122434.51
2025-06-24,CMP_1004,Meta_Ads_Retargeting,Social,Retargeting,12221,578,15464.59,87,39,136751.0
2025-06-25,CMP_1004,Meta_Ads_Retargeting,Social,Retargeting,12613,566,16263.89,77,35,106709.88
2025-06-26,CMP_1004,Meta_Ads_Retargeting,Social,Retargeting,13347,596,16090.59,84,41,124315.82
2025-06-27,CMP_1004,Meta_Ads_Retargeting,Social,Retargeting,12559,664,17397.04,96,41,160674.59
2025-06-28,CMP_1004,Meta_Ads_Retargeting,Social,Retargeting,14274,717,19319.22,93,49,171476.11
2025-06-29,CMP_1004,Meta_Ads_Retargeting,Social,Retargeting,9093,465,13401.03,66,30,105318.1
2025-06-30,CMP_1004,Meta_Ads_Retargeting,Social,Retargeting,11547,554,16519.6,84,38,131034.89
2025-07-01,CMP_1004,Meta_Ads_Retargeting,Social,Retargeting,10409,467,13771.1,67,32,107863.34
2025-07-02,CMP_1004,Meta_Ads_Retargeting,Social,Retargeting,8875,400,11468.19,52,27,81664.13
2025-07-03,CMP_1004,Meta_Ads_Retargeting,Social,Retargeting,11450,612,16727.28,95,37,108992.02
2025-07-04,CMP_1004,Meta_Ads_Retargeting,Social,Retargeting,10119,480,13887.98,63,32,93836.73
2025-07-05,CMP_1004,Meta_Ads_Retargeting,Social,Retargeting,10671,536,16140.85,81,34,113811.1
2025-07-06,CMP_1004,Meta_Ads_Retargeting,Social,Retargeting,12558,600,16087.3,86,40,129587.25
2025-07-07,CMP_1004,Meta_Ads_Retargeting,Social,Retargeting,7231,353,9807.2,49,22,85503.08
2025-07-08,CMP_1004,Meta_Ads_Retargeting,Social,Retargeting,9625,499,14411.82,67,33,121633.54
2025-07-09,CMP_1004,Meta_Ads_Retargeting,Social,Retargeting,12057,529,14384.16,71,31,118388.21
2025-07-10,CMP_1004,Meta_Ads_Retargeting,Social,Retargeting,6034,321,9246.32,48,18,73666.32
2025-07-11,CMP_1004,Meta_Ads_Retargeting,Social,Retargeting,9591,513,14570.82,73,36,108105.58
2025-07-12,CMP_1004,Meta_Ads_Retargeting,Social,Retargeting,15279,723,19246.21,105,49,207467.79
2025-07-13,CMP_1004,Meta_Ads_Retargeting,Social,Retargeting,10527,518,15212.07,69,33,128684.88
2025-07-14,CMP_1004,Meta_Ads_Retargeting,Social,Retargeting,10459,502,14683.7,68,35,132726.06
2025-07-15,CMP_1004,Meta_Ads_Retargeting,Social,Retargeting,8416,379,11024.65,50,24,78825.19
2025-07-16,CMP_1004,Meta_Ads_Retargeting,Social,Retargeting,10688,466,13338.37,68,28,80929.25
2025-07-17,CMP_1004,Meta_Ads_Retargeting,Social,Retargeting,9766,481,14085.81,75,30,114503.59
2025-07-18,CMP_1004,Meta_Ads_Retargeting,Social,Retargeting,13331,624,16260.68,97,40,131260.64
2025-07-19,CMP_1004,Meta_Ads_Retargeting,Social,Retargeting,13040,607,17411.4,94,35,115607.26
2025-07-20,CMP_1004,Meta_Ads_Retargeting,Social,Retargeting,10775,495,14799.57,67,32,128331.85
2025-07-21,CMP_1004,Meta_Ads_Retargeting,Social,Retargeting,10069,470,13623.53,65,32,134380.39
2025-07-22,CMP_1004,Meta_Ads_Retargeting,Social,Retargeting,13125,618,16274.22,88,39,131973.55
2025-07-23,CMP_1004,Meta_Ads_Retargeting,Social,Retargeting,12431,553,15337.98,84,38,134956.72
2025-07-24,CMP_1004,Meta_Ads_Retargeting,Social,Retargeting,10546,523,14184.42,71,32,124272.0
2025-07-25,CMP_1004,Meta_Ads_Retargeting,Social,Retargeting,9184,487,13084.89,69,30,122334.37
2025-07-26,CMP_1004,Meta_Ads_Retargeting,Social,Retargeting,12082,557,15346.83,74,35,116224.18
2025-07-27,CMP_1004,Meta_Ads_Retargeting,Social,Retargeting,11093,477,13545.05,63,30,124927.53
2025-07-28,CMP_1004,Meta_Ads_Retargeting,Social,Retargeting,12768,637,17489.93,86,38,112845.17
2025-07-29,CMP_1004,Meta_Ads_Retargeting,Social,Retargeting,9509,485,12875.7,62,31,105588.09
2025-07-30,CMP_1004,Meta_Ads_Retargeting,Social,Retargeting,10097,492,13792.54,67,30,116622.8
2025-07-31,CMP_1004,Meta_Ads_Retargeting,Social,Retargeting,10440,549,14389.93,76,36,121643.23
2025-08-01,CMP_1004,Meta_Ads_Retargeting,Social,Retargeting,12176,597,15736.8,85,36,126163.51
2025-08-02,CMP_1004,Meta_Ads_Retargeting,Social,Retargeting,13758,668,17505.67,99,45,168552.0
2025-08-03,CMP_1004,Meta_Ads_Retargeting,Social,Retargeting,14835,748,19802.49,110,43,148349.0
2025-08-04,CMP_1004,Meta_Ads_Retargeting,Social,Retargeting,13762,675,18068.18,104,46,190586.4
2025-08-05,CMP_1004,Meta_Ads_Retargeting,Social,Retargeting,9371,397,11974.6,58,25,101485.05
2025-08-06,CMP_1004,Meta_Ads_Retargeting,Social,Retargeting,15669,695,18171.46,104,40,160038.16
2025-08-07,CMP_1004,Meta_Ads_Retargeting,Social,Retargeting,12607,628,16228.53,87,41,157300.71
2025-08-08,CMP_1004,Meta_Ads_Retargeting,Social,Retargeting,10239,502,13096.03,72,34,121830.17
2025-08-09,CMP_1004,Meta_Ads_Retargeting,Social,Retargeting,12151,569,15734.97,73,35,147608.56
2025-08-10,CMP_1004,Meta_Ads_Retargeting,Social,Retargeting,10538,548,15578.45,77,32,95722.7
2025-08-11,CMP_1004,Meta_Ads_Retargeting,Social,Retargeting,11346,606,17017.62,90,36,113311.11
2025-08-12,CMP_1004,Meta_Ads_Retargeting,Social,Retargeting,11597,576,16447.32,74,39,154520.12
2025-08-13,CMP_1004,Meta_Ads_Retargeting,Social,Retargeting,11883,599,16150.11,80,35,110724.1
2025-08-14,CMP_1004,Meta_Ads_Retargeting,Social,Retargeting,10312,496,13708.46,70,30,87890.16
2025-08-15,CMP_1004,Meta_Ads_Retargeting,Social,Retargeting,9337,437,12441.87,59,30,117167.13
2025-08-16,CMP_1004,Meta_Ads_Retargeting,Social,Retargeting,12415,624,16459.44,83,40,119136.04
2025-08-17,CMP_1004,Meta_Ads_Retargeting,Social,Retargeting,15060,658,19392.08,101,45,158482.47
2025-08-18,CMP_1004,Meta_Ads_Retargeting,Social,Retargeting,12051,569,16713.23,86,36,150109.68
2025-08-19,CMP_1004,Meta_Ads_Retargeting,Social,Retargeting,13916,662,18505.02,100,45,163984.73
2025-08-20,CMP_1004,Meta_Ads_Retargeting,Social,Retargeting,9565,487,14667.49,73,28,98736.09
2025-08-21,CMP_1004,Meta_Ads_Retargeting,Social,Retargeting,7876,408,11697.77,53,28,101803.11
2025-08-22,CMP_1004,Meta_Ads_Retargeting,Social,Retargeting,10298,498,13478.77,64,30,119857.88
2025-08-23,CMP_1004,Meta_Ads_Retargeting,Social,Retargeting,11796,530,13980.33,75,34,133569.35
2025-08-24,CMP_1004,Meta_Ads_Retargeting,Social,Retargeting,16144,703,20077.88,93,45,154339.63
2025-08-25,CMP_1004,Meta_Ads_Retargeting,Social,Retargeting,10075,493,14349.91,68,29,92756.46
2025-08-26,CMP_1004,Meta_Ads_Retargeting,Social,Retargeting,8528,377,10586.53,55,26,84260.74
2025-08-27,CMP_1004,Meta_Ads_Retargeting,Social,Retargeting,12939,692,19352.35,95,45,135569.98
2025-08-28,CMP_1004,Meta_Ads_Retargeting,Social,Retargeting,8576,433,13032.06,65,29,107068.91
2025-08-29,CMP_1004,Meta_Ads_Retargeting,Social,Retargeting,10704,558,15508.4,87,36,149647.96
2025-08-30,CMP_1004,Meta_Ads_Retargeting,Social,Retargeting,15475,691,19223.84,89,42,150495.39
2025-08-31,CMP_1004,Meta_Ads_Retargeting,Social,Retargeting,13943,661,22413.52,103,41,143703.72
2025-09-01,CMP_1004,Meta_Ads_Retargeting,Social,Retargeting,12418,546,15933.83,79,33,105605.41
2025-09-02,CMP_1004,Meta_Ads_Retargeting,Social,Retargeting,16506,722,18638.59,99,43,181923.0
2025-09-03,CMP_1004,Meta_Ads_Retargeting,Social,Retargeting,10018,491,13099.09,64,34,142719.75
2025-09-04,CMP_1004,Meta_Ads_Retargeting,Social,Retargeting,10985,521,14015.97,67,34,117399.94
2025-09-05,CMP_1004,Meta_Ads_Retargeting,Social,Retargeting,9524,448,12866.26,59,30,109754.95
2025-09-06,CMP_1004,Meta_Ads_Retargeting,Social,Retargeting,11469,500,14826.41,75,33,100531.69
2025-09-07,CMP_1004,Meta_Ads_Retargeting,Social,Retargeting,11488,504,15137.28,74,31,129929.31
2025-09-08,CMP_1004,Meta_Ads_Retargeting,Social,Retargeting,13446,717,19541.89,110,44,175243.94
2025-09-09,CMP_1004,Meta_Ads_Retargeting,Social,Retargeting,14923,633,17160.62,85,39,136238.53
2025-09-10,CMP_1004,Meta_Ads_Retargeting,Social,Retargeting,5927,310,8231.14,46,18,67934.26
2025-09-11,CMP_1004,Meta_Ads_Retargeting,Social,Retargeting,13681,617,15922.54,95,43,166409.89
2025-09-12,CMP_1004,Meta_Ads_Retargeting,Social,Retargeting,12103,524,15310.71,75,32,100366.61
2025-09-13,CMP_1004,Meta_Ads_Retargeting,Social,Retargeting,10612,563,15711.83,75,40,169689.27
2025-09-14,CMP_1004,Meta_Ads_Retargeting,Social,Retargeting,13733,607,17170.13,83,38,125805.88
2025-09-15,CMP_1004,Meta_Ads_Retargeting,Social,Retargeting,12788,628,16182.86,97,39,122550.3
2025-09-16,CMP_1004,Meta_Ads_Retargeting,Social,Retargeting,9137,461,13242.72,68,28,90523.87
2025-09-17,CMP_1004,Meta_Ads_Retargeting,Social,Retargeting,13707,646,17977.73,86,41,148456.37
2025-09-18,CMP_1004,Meta_Ads_Retargeting,Social,Retargeting,11930,565,14632.87,85,38,142644.91
2025-09-19,CMP_1004,Meta_Ads_Retargeting,Social,Retargeting,14335,659,18585.77,87,46,162390.9
2025-09-20,CMP_1004,Meta_Ads_Retargeting,Social,Retargeting,11818,579,17211.89,85,39,147671.61
2025-09-21,CMP_1004,Meta_Ads_Retargeting,Social,Retargeting,12676,590,17333.42,82,35,144684.22
2025-09-22,CMP_1004,Meta_Ads_Retargeting,Social,Retargeting,6739,335,8767.97,47,21,80098.0
2025-09-23,CMP_1004,Meta_Ads_Retargeting,Social,Retargeting,10138,525,15368.25,70,36,136164.91
2025-09-24,CMP_1004,Meta_Ads_Retargeting,Social,Retargeting,9345,447,13298.76,64,31,127530.19
2025-09-25,CMP_1004,Meta_Ads_Retargeting,Social,Retargeting,8328,389,10723.49,53,24,97465.09
2025-09-26,CMP_1004,Meta_Ads_Retargeting,Social,Retargeting,10730,537,14017.27,71,33,98132.05
2025-09-27,CMP_1004,Meta_Ads_Retargeting,Social,Retargeting,14065,630,18735.58,89,40,163122.5
2025-09-28,CMP_1004,Meta_Ads_Retargeting,Social,Retargeting,10363,499,14584.19,73,34,98701.08
2025-09-29,CMP_1004,Meta_Ads_Retargeting,Social,Retargeting,12084,586,17049.35,84,36,129524.69
2025-09-30,CMP_1004,Meta_Ads_Retargeting,Social,Retargeting,10731,505,14511.32,75,35,108513.0
2025-10-01,CMP_1004,Meta_Ads_Retargeting,Social,Retargeting,11281,509,14706.02,74,35,121053.06
2025-10-02,CMP_1004,Meta_Ads_Retargeting,Social,Retargeting,10804,580,17329.56,76,35,146388.08
2025-10-03,CMP_1004,Meta_Ads_Retargeting,Social,Retargeting,14612,719,23254.83,98,50,163775.36
2025-10-04,CMP_1004,Meta_Ads_Retargeting,Social,Retargeting,14038,702,20271.97,94,41,141309.76
2025-10-05,CMP_1004,Meta_Ads_Retargeting,Social,Retargeting,13030,619,22475.14,90,41,164612.34
2025-10-06,CMP_1004,Meta_Ads_Retargeting,Social,Retargeting,14907,677,18731.85,92,44,154037.03
2025-10-07,CMP_1004,Meta_Ads_Retargeting,Social,Retargeting,13959,624,18090.05,83,39,124791.36
2025-10-08,CMP_1004,Meta_Ads_Retargeting,Social,Retargeting,15090,702,19933.67,99,45,142506.37
2025-10-09,CMP_1004,Meta_Ads_Retargeting,Social,Retargeting,12318,591,15338.66,85,38,146359.37
2025-10-10,CMP_1004,Meta_Ads_Retargeting,Social,Retargeting,13799,623,16547.14,94,44,135294.22
2025-10-11,CMP_1004,Meta_Ads_Retargeting,Social,Retargeting,13785,634,16511.15,84,42,151866.4
2025-10-12,CMP_1004,Meta_Ads_Retargeting,Social,Retargeting,18065,765,20219.25,116,46,170864.91
2025-10-13,CMP_1004,Meta_Ads_Retargeting,Social,Retargeting,15517,671,22570.23,90,40,138884.25
2025-10-14,CMP_1004,Meta_Ads_Retargeting,Social,Retargeting,12168,551,15823.8,71,35,129984.15
2025-10-15,CMP_1004,Meta_Ads_Retargeting,Social,Retargeting,15026,734,20480.14,113,50,166462.55
2025-10-16,CMP_1004,Meta_Ads_Retargeting,Social,Retargeting,17651,799,21440.6,114,54,193016.42
2025-10-17,CMP_1004,Meta_Ads_Retargeting,Social,Retargeting,15403,702,20628.52,103,44,180364.9
2025-10-18,CMP_1004,Meta_Ads_Retargeting,Social,Retargeting,13666,660,19518.29,97,46,163952.06
2025-10-19,CMP_1004,Meta_Ads_Retargeting,Social,Retargeting,14770,690,22987.0,105,46,158202.42
2025-10-20,CMP_1004,Meta_Ads_Retargeting,Social,Retargeting,14717,682,18235.02,93,41,159938.24
2025-10-21,CMP_1004,Meta_Ads_Retargeting,Social,Retargeting,13239,709,19497.94,99,42,126510.85
2025-10-22,CMP_1004,Meta_Ads_Retargeting,Social,Retargeting,11578,569,16181.72,80,36,106680.54
2025-10-23,CMP_1004,Meta_Ads_Retargeting,Social,Retargeting,15977,694,22777.1,91,41,152487.33
2025-10-24,CMP_1004,Meta_Ads_Retargeting,Social,Retargeting,17568,793,29072.64,105,56,226927.67
2025-10-25,CMP_1004,Meta_Ads_Retargeting,Social,Retargeting,14403,690,18449.47,89,46,165668.77
2025-10-26,CMP_1004,Meta_Ads_Retargeting,Social,Retargeting,13255,585,17435.86,88,40,122518.66
2025-10-27,CMP_1004,Meta_Ads_Retargeting,Social,Retargeting,14224,644,17339.87,93,41,171335.58
2025-10-28,CMP_1004,Meta_Ads_Retargeting,Social,Retargeting,13749,735,19355.02,99,50,167549.95
2025-10-29,CMP_1004,Meta_Ads_Retargeting,Social,Retargeting,13655,651,22921.98,93,44,132412.33
2025-10-30,CMP_1004,Meta_Ads_Retargeting,Social,Retargeting,11263,592,17035.0,77,35,135261.68
2025-10-31,CMP_1004,Meta_Ads_Retargeting,Social,Retargeting,11959,575,15169.12,76,37,145355.12
2025-11-01,CMP_1004,Meta_Ads_Retargeting,Social,Retargeting,13164,629,16946.11,98,42,169438.3
2025-11-02,CMP_1004,Meta_Ads_Retargeting,Social,Retargeting,16675,728,23866.41,97,46,185849.8
2025-11-03,CMP_1004,Meta_Ads_Retargeting,Social,Retargeting,14041,699,19100.35,104,46,155289.06
2025-11-04,CMP_1004,Meta_Ads_Retargeting,Social,Retargeting,11140,598,15653.7,79,35,142968.06
2025-11-05,CMP_1004,Meta_Ads_Retargeting,Social,Retargeting,13492,671,22495.29,92,42,136351.89
2025-11-06,CMP_1004,Meta_Ads_Retargeting,Social,Retargeting,12714,612,17754.76,95,36,128670.23
2025-11-07,CMP_1004,Meta_Ads_Retargeting,Social,Retargeting,10578,559,15864.29,72,36,145833.72
2025-11-08,CMP_1004,Meta_Ads_Retargeting,Social,Retargeting,16397,831,21497.21,129,55,191789.39
2025-11-09,CMP_1004,Meta_Ads_Retargeting,Social,Retargeting,14137,747,19394.63,106,43,164610.74
2025-11-10,CMP_1004,Meta_Ads_Retargeting,Social,Retargeting,15308,658,17584.92,95,43,153845.81
2025-11-11,CMP_1004,Meta_Ads_Retargeting,Social,Retargeting,13094,683,20121.14,99,40,153420.49
2025-11-12,CMP_1004,Meta_Ads_Retargeting,Social,Retargeting,14349,664,24150.64,102,40,152130.24
2025-11-13,CMP_1004,Meta_Ads_Retargeting,Social,Retargeting,11268,596,15370.99,78,35,117001.16
2025-11-14,CMP_1004,Meta_Ads_Retargeting,Social,Retargeting,12737,603,17114.6,78,37,147710.98
2025-11-15,CMP_1004,Meta_Ads_Retargeting,Social,Retargeting,12907,653,18862.46,97,40,121021.72
2025-11-16,CMP_1004,Meta_Ads_Retargeting,Social,Retargeting,15335,735,22172.58,94,44,146433.3
2025-11-17,CMP_1004,Meta_Ads_Retargeting,Social,Retargeting,15473,667,18931.53,103,42,173506.81
2025-11-18,CMP_1004,Meta_Ads_Retargeting,Social,Retargeting,15628,773,22018.64,113,51,185796.59
2025-11-19,CMP_1004,Meta_Ads_Retargeting,Social,Retargeting,14503,735,22192.33,110,51,162346.77
2025-11-20,CMP_1004,Meta_Ads_Retargeting,Social,Retargeting,13863,718,20162.26,101,47,169520.37
2025-11-21,CMP_1004,Meta_Ads_Retargeting,Social,Retargeting,14150,698,18115.17,106,42,155328.23
2025-11-22,CMP_1004,Meta_Ads_Retargeting,Social,Retargeting,12310,659,17357.65,92,40,124920.06
2025-11-23,CMP_1004,Meta_Ads_Retargeting,Social,Retargeting,14859,732,21056.26,107,43,176523.9
2025-11-24,CMP_1004,Meta_Ads_Retargeting,Social,Retargeting,12539,586,16321.45,89,41,135410.55
2025-11-25,CMP_1004,Meta_Ads_Retargeting,Social,Retargeting,11786,604,17919.07,93,37,135962.58
2025-11-26,CMP_1004,Meta_Ads_Retargeting,Social,Retargeting,17683,862,22244.94,119,54,203421.92
2025-11-27,CMP_1004,Meta_Ads_Retargeting,Social,Retargeting,12931,637,18862.23,97,39,140264.38
2025-11-28,CMP_1004,Meta_Ads_Retargeting,Social,Retargeting,13878,692,19574.08,100,47,172350.02
2025-11-29,CMP_1004,Meta_Ads_Retargeting,Social,Retargeting,17759,774,20181.54,112,48,143919.23
2025-11-30,CMP_1004,Meta_Ads_Retargeting,Social,Retargeting,13870,701,24264.05,103,44,172331.57
2025-12-01,CMP_1004,Meta_Ads_Retargeting,Social,Retargeting,8470,420,12048.15,60,24,92093.99
2025-12-02,CMP_1004,Meta_Ads_Retargeting,Social,Retargeting,12915,633,18646.81,86,38,127411.09
2025-12-03,CMP_1004,Meta_Ads_Retargeting,Social,Retargeting,13230,604,16858.81,86,36,151908.82
2025-12-04,CMP_1004,Meta_Ads_Retargeting,Social,Retargeting,12673,599,17382.65,87,37,122084.32
2025-12-05,CMP_1004,Meta_Ads_Retargeting,Social,Retargeting,14256,684,19413.22,99,42,142340.63
2025-12-06,CMP_1004,Meta_Ads_Retargeting,Social,Retargeting,12324,636,16699.95,82,42,136948.5
2025-12-07,CMP_1004,Meta_Ads_Retargeting,Social,Retargeting,11917,570,16931.48,78,37,126150.13
2025-12-08,CMP_1004,Meta_Ads_Retargeting,Social,Retargeting,10372,489,14801.75,67,33,111701.81
2025-12-09,CMP_1004,Meta_Ads_Retargeting,Social,Retargeting,12596,598,17658.4,89,35,141425.27
2025-12-10,CMP_1004,Meta_Ads_Retargeting,Social,Retargeting,12488,573,15148.77,89,35,122861.66
2025-12-11,CMP_1004,Meta_Ads_Retargeting,Social,Retargeting,15635,732,18968.1,106,51,183230.81
2025-12-12,CMP_1004,Meta_Ads_Retargeting,Social,Retargeting,14890,683,17733.62,99,48,194804.03
2025-12-13,CMP_1004,Meta_Ads_Retargeting,Social,Retargeting,17107,766,20524.66,102,53,214630.18
2025-12-14,CMP_1004,Meta_Ads_Retargeting,Social,Retargeting,11935,568,15930.01,77,36,105533.11
2025-12-15,CMP_1004,Meta_Ads_Retargeting,Social,Retargeting,14927,783,20632.67,117,50,179666.22
2025-12-16,CMP_1004,Meta_Ads_Retargeting,Social,Retargeting,13814,705,20665.97,105,43,144034.48
2025-12-17,CMP_1004,Meta_Ads_Retargeting,Social,Retargeting,11986,552,15405.66,82,34,104651.85
2025-12-18,CMP_1004,Meta_Ads_Retargeting,Social,Retargeting,13572,669,17930.59,94,39,138586.98
2025-12-19,CMP_1004,Meta_Ads_Retargeting,Social,Retargeting,12273,591,17106.82,90,36,108262.76
2025-12-20,CMP_1004,Meta_Ads_Retargeting,Social,Retargeting,11545,593,16828.95,81,40,122966.79
2025-12-21,CMP_1004,Meta_Ads_Retargeting,Social,Retargeting,15783,693,18759.11,105,42,162358.09
2025-12-22,CMP_1004,Meta_Ads_Retargeting,Social,Retargeting,12933,615,17357.58,84,39,144682.91
2025-12-23,CMP_1004,Meta_Ads_Retargeting,Social,Retargeting,11839,628,18967.14,96,43,151629.82
2025-12-24,CMP_1004,Meta_Ads_Retargeting,Social,Retargeting,13015,694,19118.61,97,46,177345.38
2025-12-25,CMP_1004,Meta_Ads_Retargeting,Social,Retargeting,13293,599,17994.69,89,39,126954.27
2025-12-26,CMP_1004,Meta_Ads_Retargeting,Social,Retargeting,13598,625,17953.08,89,41,141067.83
2025-12-27,CMP_1004,Meta_Ads_Retargeting,Social,Retargeting,14760,787,20974.0,112,53,182798.28
2025-12-28,CMP_1004,Meta_Ads_Retargeting,Social,Retargeting,10802,524,14463.67,75,34,104492.49
2025-12-29,CMP_1004,Meta_Ads_Retargeting,Social,Retargeting,10432,461,12901.99,60,32,118807.42
2025-12-30,CMP_1004,Meta_Ads_Retargeting,Social,Retargeting,9901,491,14652.22,73,31,130064.1
2025-12-31,CMP_1004,Meta_Ads_Retargeting,Social,Retargeting,13998,729,21468.87,97,45,147530.35
2025-01-01,CMP_1005,YouTube_Video_Ads,Video,Top of Funnel / Awareness,190088,2049,22752.82,38,17,49041.53
2025-01-02,CMP_1005,YouTube_Video_Ads,Video,Top of Funnel / Awareness,118947,1449,18225.57,25,12,37203.01
2025-01-03,CMP_1005,YouTube_Video_Ads,Video,Top of Funnel / Awareness,136354,1723,21345.11,35,13,48991.79
2025-01-04,CMP_1005,YouTube_Video_Ads,Video,Top of Funnel / Awareness,114787,1511,19051.88,27,14,50290.54
2025-01-05,CMP_1005,YouTube_Video_Ads,Video,Top of Funnel / Awareness,163488,1935,24876.67,39,17,63627.66
2025-01-06,CMP_1005,YouTube_Video_Ads,Video,Top of Funnel / Awareness,203112,2438,27279.09,50,23,76236.14
2025-01-07,CMP_1005,YouTube_Video_Ads,Video,Top of Funnel / Awareness,152145,1751,19411.44,34,17,61832.1
2025-01-08,CMP_1005,YouTube_Video_Ads,Video,Top of Funnel / Awareness,142132,1539,17373.5,31,13,38051.6
2025-01-09,CMP_1005,YouTube_Video_Ads,Video,Top of Funnel / Awareness,158097,2005,23619.85,39,16,59788.66
2025-01-10,CMP_1005,YouTube_Video_Ads,Video,Top of Funnel / Awareness,126466,1603,19096.77,30,13,35412.64
2025-01-11,CMP_1005,YouTube_Video_Ads,Video,Top of Funnel / Awareness,203454,2556,29867.67,52,23,73688.48
2025-01-12,CMP_1005,YouTube_Video_Ads,Video,Top of Funnel / Awareness,142536,1706,21843.42,33,14,41685.98
2025-01-13,CMP_1005,YouTube_Video_Ads,Video,Top of Funnel / Awareness,155474,1778,20488.97,37,15,43461.72
2025-01-14,CMP_1005,YouTube_Video_Ads,Video,Top of Funnel / Awareness,126020,1612,18324.15,29,14,45100.75
2025-01-15,CMP_1005,YouTube_Video_Ads,Video,Top of Funnel / Awareness,178877,1912,24086.54,36,16,44475.6
2025-01-16,CMP_1005,YouTube_Video_Ads,Video,Top of Funnel / Awareness,193850,2220,25745.47,44,20,61349.34
2025-01-17,CMP_1005,YouTube_Video_Ads,Video,Top of Funnel / Awareness,115854,1404,16287.12,25,11,34238.54
2025-01-18,CMP_1005,YouTube_Video_Ads,Video,Top of Funnel / Awareness,166087,2099,26973.71,38,20,69946.72
2025-01-19,CMP_1005,YouTube_Video_Ads,Video,Top of Funnel / Awareness,201823,2260,26713.01,44,20,65198.23
2025-01-20,CMP_1005,YouTube_Video_Ads,Video,Top of Funnel / Awareness,134213,1784,21632.54,38,17,60892.88
2025-01-21,CMP_1005,YouTube_Video_Ads,Video,Top of Funnel / Awareness,130421,1567,19853.68,32,13,37829.41
2025-01-22,CMP_1005,YouTube_Video_Ads,Video,Top of Funnel / Awareness,94975,1048,13048.78,20,8,24233.85
2025-01-23,CMP_1005,YouTube_Video_Ads,Video,Top of Funnel / Awareness,124817,1354,16398.21,28,11,37342.86
2025-01-24,CMP_1005,YouTube_Video_Ads,Video,Top of Funnel / Awareness,184972,2065,25677.82,44,19,59389.43
2025-01-25,CMP_1005,YouTube_Video_Ads,Video,Top of Funnel / Awareness,125815,1622,18961.31,33,15,47115.45
2025-01-26,CMP_1005,YouTube_Video_Ads,Video,Top of Funnel / Awareness,170049,1985,24654.59,37,18,68321.54
2025-01-27,CMP_1005,YouTube_Video_Ads,Video,Top of Funnel / Awareness,123189,1493,18426.25,31,14,37412.98
2025-01-28,CMP_1005,YouTube_Video_Ads,Video,Top of Funnel / Awareness,74959,954,12363.21,20,8,29192.74
2025-01-29,CMP_1005,YouTube_Video_Ads,Video,Top of Funnel / Awareness,132217,1473,18749.29,26,14,50730.89
2025-01-30,CMP_1005,YouTube_Video_Ads,Video,Top of Funnel / Awareness,113743,1481,16816.04,30,13,47023.94
2025-01-31,CMP_1005,YouTube_Video_Ads,Video,Top of Funnel / Awareness,106035,1274,14768.89,25,12,42835.39
2025-02-01,CMP_1005,YouTube_Video_Ads,Video,Top of Funnel / Awareness,132410,1696,20619.58,31,13,47714.26
2025-02-02,CMP_1005,YouTube_Video_Ads,Video,Top of Funnel / Awareness,148391,1742,21560.54,37,15,39232.96
2025-02-03,CMP_1005,YouTube_Video_Ads,Video,Top of Funnel / Awareness,135625,1658,19263.65,32,15,55109.34
2025-02-04,CMP_1005,YouTube_Video_Ads,Video,Top of Funnel / Awareness,131779,1600,19092.23,34,15,43337.08
2025-02-05,CMP_1005,YouTube_Video_Ads,Video,Top of Funnel / Awareness,149029,1736,21600.0,30,14,44306.26
2025-02-06,CMP_1005,YouTube_Video_Ads,Video,Top of Funnel / Awareness,129660,1479,18286.73,29,12,33666.87
2025-02-07,CMP_1005,YouTube_Video_Ads,Video,Top of Funnel / Awareness,150325,1688,19958.14,33,14,45126.04
2025-02-08,CMP_1005,YouTube_Video_Ads,Video,Top of Funnel / Awareness,175492,1909,23845.09,37,15,49997.63
2025-02-09,CMP_1005,YouTube_Video_Ads,Video,Top of Funnel / Awareness,131130,1584,18302.57,31,15,49096.17
2025-02-10,CMP_1005,YouTube_Video_Ads,Video,Top of Funnel / Awareness,78213,1001,12877.5,18,9,28172.28
2025-02-11,CMP_1005,YouTube_Video_Ads,Video,Top of Funnel / Awareness,159243,2059,26010.94,38,19,56178.19
2025-02-12,CMP_1005,YouTube_Video_Ads,Video,Top of Funnel / Awareness,112993,1268,15776.04,22,11,30915.83
2025-02-13,CMP_1005,YouTube_Video_Ads,Video,Top of Funnel / Awareness,124955,1405,15799.78,27,12,31866.64
2025-02-14,CMP_1005,YouTube_Video_Ads,Video,Top of Funnel / Awareness,103772,1283,15276.11,23,10,36529.48
2025-02-15,CMP_1005,YouTube_Video_Ads,Video,Top of Funnel / Awareness,129386,1508,17393.28,32,14,42269.57
2025-02-16,CMP_1005,YouTube_Video_Ads,Video,Top of Funnel / Awareness,128856,1715,21618.64,36,16,51646.34
2025-02-17,CMP_1005,YouTube_Video_Ads,Video,Top of Funnel / Awareness,192784,2294,26921.29,47,22,62795.73
2025-02-18,CMP_1005,YouTube_Video_Ads,Video,Top of Funnel / Awareness,138436,1578,17764.82,31,15,55525.24
2025-02-19,CMP_1005,YouTube_Video_Ads,Video,Top of Funnel / Awareness,144853,1532,18751.71,28,12,36548.51
2025-02-20,CMP_1005,YouTube_Video_Ads,Video,Top of Funnel / Awareness,135608,1502,17589.5,30,13,41694.49
2025-02-21,CMP_1005,YouTube_Video_Ads,Video,Top of Funnel / Awareness,126639,1686,20007.13,31,15,52528.28
2025-02-22,CMP_1005,YouTube_Video_Ads,Video,Top of Funnel / Awareness,178640,2125,25013.67,38,19,56121.66
2025-02-23,CMP_1005,YouTube_Video_Ads,Video,Top of Funnel / Awareness,162678,1973,22399.31,39,16,55289.85
2025-02-24,CMP_1005,YouTube_Video_Ads,Video,Top of Funnel / Awareness,101309,1280,15291.09,25,11,32950.96
2025-02-25,CMP_1005,YouTube_Video_Ads,Video,Top of Funnel / Awareness,135020,1791,21874.16,36,14,44308.3
2025-02-26,CMP_1005,YouTube_Video_Ads,Video,Top of Funnel / Awareness,171687,2031,24063.75,41,19,50204.8
2025-02-27,CMP_1005,YouTube_Video_Ads,Video,Top of Funnel / Awareness,135973,1509,18386.48,28,13,41276.69
2025-02-28,CMP_1005,YouTube_Video_Ads,Video,Top of Funnel / Awareness,141324,1506,17055.75,29,14,38396.21
2025-03-01,CMP_1005,YouTube_Video_Ads,Video,Top of Funnel / Awareness,127366,1614,20756.25,32,14,50580.8
2025-03-02,CMP_1005,YouTube_Video_Ads,Video,Top of Funnel / Awareness,145387,1781,22047.45,37,14,48249.85
2025-03-03,CMP_1005,YouTube_Video_Ads,Video,Top of Funnel / Awareness,114315,1332,16076.85,25,12,44298.94
2025-03-04,CMP_1005,YouTube_Video_Ads,Video,Top of Funnel / Awareness,196961,2138,25255.13,38,17,52127.16
2025-03-05,CMP_1005,YouTube_Video_Ads,Video,Top of Funnel / Awareness,135021,1705,19938.11,35,13,37331.51
2025-03-06,CMP_1005,YouTube_Video_Ads,Video,Top of Funnel / Awareness,173126,1895,21452.02,40,18,50798.19
2025-03-07,CMP_1005,YouTube_Video_Ads,Video,Top of Funnel / Awareness,95733,1109,13115.69,23,10,27574.88
2025-03-08,CMP_1005,YouTube_Video_Ads,Video,Top of Funnel / Awareness,144569,1683,19439.38,33,14,40559.3
2025-03-09,CMP_1005,YouTube_Video_Ads,Video,Top of Funnel / Awareness,222887,2366,27934.98,49,19,50440.05
2025-03-10,CMP_1005,YouTube_Video_Ads,Video,Top of Funnel / Awareness,163922,1964,24756.91,36,18,62234.08
2025-03-11,CMP_1005,YouTube_Video_Ads,Video,Top of Funnel / Awareness,149599,1969,22668.98,35,19,69424.92
2025-03-12,CMP_1005,YouTube_Video_Ads,Video,Top of Funnel / Awareness,156366,1737,21585.47,33,14,43091.17
2025-03-13,CMP_1005,YouTube_Video_Ads,Video,Top of Funnel / Awareness,142123,1659,20678.99,31,15,55028.68
2025-03-14,CMP_1005,YouTube_Video_Ads,Video,Top of Funnel / Awareness,136675,1717,19484.49,31,15,44269.28
2025-03-15,CMP_1005,YouTube_Video_Ads,Video,Top of Funnel / Awareness,131782,1747,19963.62,31,15,39412.07
2025-03-16,CMP_1005,YouTube_Video_Ads,Video,Top of Funnel / Awareness,179788,1967,22941.82,37,18,64055.74
2025-03-17,CMP_1005,YouTube_Video_Ads,Video,Top of Funnel / Awareness,35484,435,5246.54,8,3,8397.48
2025-03-18,CMP_1005,YouTube_Video_Ads,Video,Top of Funnel / Awareness,114444,1394,16787.56,30,11,37250.52
2025-03-19,CMP_1005,YouTube_Video_Ads,Video,Top of Funnel / Awareness,111143,1353,17072.57,25,11,29139.5
2025-03-20,CMP_1005,YouTube_Video_Ads,Video,Top of Funnel / Awareness,194968,2182,24291.72,44,20,63166.19
2025-03-21,CMP_1005,YouTube_Video_Ads,Video,Top of Funnel / Awareness,114666,1339,16586.4,24,11,36419.69
2025-03-22,CMP_1005,YouTube_Video_Ads,Video,Top of Funnel / Awareness,107441,1142,13726.5,21,10,32790.25
2025-03-23,CMP_1005,YouTube_Video_Ads,Video,Top of Funnel / Awareness,164904,1877,22357.58,35,16,57979.82
2025-03-24,CMP_1005,YouTube_Video_Ads,Video,Top of Funnel / Awareness,128788,1674,19746.44,32,15,43255.09
2025-03-25,CMP_1005,YouTube_Video_Ads,Video,Top of Funnel / Awareness,145466,1759,21931.16,36,16,45826.65
2025-03-26,CMP_1005,YouTube_Video_Ads,Video,Top of Funnel / Awareness,182054,2013,23572.75,35,17,51550.42
2025-03-27,CMP_1005,YouTube_Video_Ads,Video,Top of Funnel / Awareness,167904,1864,22567.58,39,15,43172.25
2025-03-28,CMP_1005,YouTube_Video_Ads,Video,Top of Funnel / Awareness,147316,1671,19141.85,30,15,53153.83
2025-03-29,CMP_1005,YouTube_Video_Ads,Video,Top of Funnel / Awareness,50409,636,7595.66,13,5,18918.01
2025-03-30,CMP_1005,YouTube_Video_Ads,Video,Top of Funnel / Awareness,160594,1754,20000.51,32,16,50813.71
2025-03-31,CMP_1005,YouTube_Video_Ads,Video,Top of Funnel / Awareness,139032,1767,22172.13,35,16,41975.48
2025-04-01,CMP_1005,YouTube_Video_Ads,Video,Top of Funnel / Awareness,204693,2181,24126.62,46,20,58516.25
2025-04-02,CMP_1005,YouTube_Video_Ads,Video,Top of Funnel / Awareness,90482,1162,14364.32,22,9,33684.49
2025-04-03,CMP_1005,YouTube_Video_Ads,Video,Top of Funnel / Awareness,110700,1414,16952.96,26,12,34777.0
2025-04-04,CMP_1005,YouTube_Video_Ads,Video,Top of Funnel / Awareness,130475,1452,18801.22,29,14,38931.22
2025-04-05,CMP_1005,YouTube_Video_Ads,Video,Top of Funnel / Awareness,134416,1714,21010.66,37,14,49540.62
2025-04-06,CMP_1005,YouTube_Video_Ads,Video,Top of Funnel / Awareness,180285,1995,23332.92,38,19,60229.55
2025-04-07,CMP_1005,YouTube_Video_Ads,Video,Top of Funnel / Awareness,141822,1749,20660.96,33,15,51786.96
2025-04-08,CMP_1005,YouTube_Video_Ads,Video,Top of Funnel / Awareness,128774,1561,20050.09,32,12,34313.49
2025-04-09,CMP_1005,YouTube_Video_Ads,Video,Top of Funnel / Awareness,132363,1595,18383.37,28,13,41992.26
2025-04-10,CMP_1005,YouTube_Video_Ads,Video,Top of Funnel / Awareness,124525,1647,20007.18,33,14,52356.5
2025-04-11,CMP_1005,YouTube_Video_Ads,Video,Top of Funnel / Awareness,123697,1547,17475.04,30,14,49074.16
2025-04-12,CMP_1005,YouTube_Video_Ads,Video,Top of Funnel / Awareness,148722,1993,24397.8,39,16,57836.91
2025-04-13,CMP_1005,YouTube_Video_Ads,Video,Top of Funnel / Awareness,155887,1959,25240.11,39,17,51799.64
2025-04-14,CMP_1005,YouTube_Video_Ads,Video,Top of Funnel / Awareness,117730,1459,17100.56,30,13,36970.1
2025-04-15,CMP_1005,YouTube_Video_Ads,Video,Top of Funnel / Awareness,178762,2164,25871.4,45,20,62040.76
2025-04-16,CMP_1005,YouTube_Video_Ads,Video,Top of Funnel / Awareness,141274,1558,19878.95,33,12,31431.59
2025-04-17,CMP_1005,YouTube_Video_Ads,Video,Top of Funnel / Awareness,117403,1514,18838.23,32,14,41452.66
2025-04-18,CMP_1005,YouTube_Video_Ads,Video,Top of Funnel / Awareness,161122,1755,21776.58,34,16,48816.22
2025-04-19,CMP_1005,YouTube_Video_Ads,Video,Top of Funnel / Awareness,136656,1826,22431.94,32,16,58517.56
2025-04-20,CMP_1005,YouTube_Video_Ads,Video,Top of Funnel / Awareness,251247,2710,32427.44,54,23,64184.92
2025-04-21,CMP_1005,YouTube_Video_Ads,Video,Top of Funnel / Awareness,122735,1581,20295.45,32,12,37495.87
2025-04-22,CMP_1005,YouTube_Video_Ads,Video,Top of Funnel / Awareness,164528,2169,24774.35,40,18,58204.95
2025-04-23,CMP_1005,YouTube_Video_Ads,Video,Top of Funnel / Awareness,126385,1367,16665.61,24,11,38314.03
2025-04-24,CMP_1005,YouTube_Video_Ads,Video,Top of Funnel / Awareness,121159,1427,17280.45,28,12,44962.12
2025-04-25,CMP_1005,YouTube_Video_Ads,Video,Top of Funnel / Awareness,125590,1617,20620.62,29,13,45222.67
2025-04-26,CMP_1005,YouTube_Video_Ads,Video,Top of Funnel / Awareness,141182,1821,20406.87,37,17,46302.82
2025-04-27,CMP_1005,YouTube_Video_Ads,Video,Top of Funnel / Awareness,191483,2045,25850.01,36,17,47312.99
2025-04-28,CMP_1005,YouTube_Video_Ads,Video,Top of Funnel / Awareness,154219,2036,24662.38,39,19,49424.6
2025-04-29,CMP_1005,YouTube_Video_Ads,Video,Top of Funnel / Awareness,163328,2010,22567.79,39,19,52268.31
2025-04-30,CMP_1005,YouTube_Video_Ads,Video,Top of Funnel / Awareness,155189,1652,18918.93,32,14,51320.71
2025-05-01,CMP_1005,YouTube_Video_Ads,Video,Top of Funnel / Awareness,224952,2435,29371.86,47,24,86959.7
2025-05-02,CMP_1005,YouTube_Video_Ads,Video,Top of Funnel / Awareness,174929,2262,28860.84,41,19,49491.6
2025-05-03,CMP_1005,YouTube_Video_Ads,Video,Top of Funnel / Awareness,136449,1707,20397.37,36,16,59997.26
2025-05-04,CMP_1005,YouTube_Video_Ads,Video,Top of Funnel / Awareness,183670,1946,21693.41,39,16,46580.56
2025-05-05,CMP_1005,YouTube_Video_Ads,Video,Top of Funnel / Awareness,127751,1511,18175.91,29,14,43047.87
2025-05-06,CMP_1005,YouTube_Video_Ads,Video,Top of Funnel / Awareness,152917,1688,19456.12,32,15,52908.1
2025-05-07,CMP_1005,YouTube_Video_Ads,Video,Top of Funnel / Awareness,123734,1510,18378.19,29,13,41638.37
2025-05-08,CMP_1005,YouTube_Video_Ads,Video,Top of Funnel / Awareness,169167,2135,25900.32,38,20,55346.49
2025-05-09,CMP_1005,YouTube_Video_Ads,Video,Top of Funnel / Awareness,114277,1480,17719.69,31,13,39444.35
2025-05-10,CMP_1005,YouTube_Video_Ads,Video,Top of Funnel / Awareness,157698,1807,22044.99,38,17,55832.69
2025-05-11,CMP_1005,YouTube_Video_Ads,Video,Top of Funnel / Awareness,127115,1641,18223.25,32,14,44486.95
2025-05-12,CMP_1005,YouTube_Video_Ads,Video,Top of Funnel / Awareness,137559,1502,18949.42,31,14,52636.79
2025-05-13,CMP_1005,YouTube_Video_Ads,Video,Top of Funnel / Awareness,130222,1500,17639.5,27,13,41397.04
2025-05-14,CMP_1005,YouTube_Video_Ads,Video,Top of Funnel / Awareness,155550,1657,21057.29,33,15,52959.17
2025-05-15,CMP_1005,YouTube_Video_Ads,Video,Top of Funnel / Awareness,164784,1898,24340.22,37,15,39142.74
2025-05-16,CMP_1005,YouTube_Video_Ads,Video,Top of Funnel / Awareness,202390,2196,25259.16,41,18,47446.35
2025-05-17,CMP_1005,YouTube_Video_Ads,Video,Top of Funnel / Awareness,120475,1582,20243.55,32,14,36505.49
2025-05-18,CMP_1005,YouTube_Video_Ads,Video,Top of Funnel / Awareness,146926,1923,24870.76,41,17,51391.33
2025-05-19,CMP_1005,YouTube_Video_Ads,Video,Top of Funnel / Awareness,165203,1792,21727.37,38,14,40267.83
2025-05-20,CMP_1005,YouTube_Video_Ads,Video,Top of Funnel / Awareness,164334,2097,25402.93,42,17,44236.62
2025-05-21,CMP_1005,YouTube_Video_Ads,Video,Top of Funnel / Awareness,148632,1745,22301.41,34,15,47233.37
2025-05-22,CMP_1005,YouTube_Video_Ads,Video,Top of Funnel / Awareness,187959,2270,28440.67,43,19,50296.85
2025-05-23,CMP_1005,YouTube_Video_Ads,Video,Top of Funnel / Awareness,122156,1520,17224.3,31,14,45043.29
2025-05-24,CMP_1005,YouTube_Video_Ads,Video,Top of Funnel / Awareness,146492,1942,24779.41,40,17,50536.83
2025-05-25,CMP_1005,YouTube_Video_Ads,Video,Top of Funnel / Awareness,146882,1965,21918.51,39,17,57862.81
2025-05-26,CMP_1005,YouTube_Video_Ads,Video,Top of Funnel / Awareness,136495,1454,17440.88,29,13,40444.31
2025-05-27,CMP_1005,YouTube_Video_Ads,Video,Top of Funnel / Awareness,157189,1733,19879.42,33,16,57829.83
2025-05-28,CMP_1005,YouTube_Video_Ads,Video,Top of Funnel / Awareness,179738,2203,25941.08,45,18,50522.48
2025-05-29,CMP_1005,YouTube_Video_Ads,Video,Top of Funnel / Awareness,156424,1804,23319.66,37,15,43810.64
2025-05-30,CMP_1005,YouTube_Video_Ads,Video,Top of Funnel / Awareness,175863,2019,24283.72,37,17,44960.85
2025-05-31,CMP_1005,YouTube_Video_Ads,Video,Top of Funnel / Awareness,183002,2023,22708.57,36,18,48893.64
2025-06-01,CMP_1005,YouTube_Video_Ads,Video,Top of Funnel / Awareness,222806,2366,29557.12,44,22,76570.61
2025-06-02,CMP_1005,YouTube_Video_Ads,Video,Top of Funnel / Awareness,162572,2036,24836.92,44,17,57200.06
2025-06-03,CMP_1005,YouTube_Video_Ads,Video,Top of Funnel / Awareness,156366,1669,19902.85,29,13,44141.35
2025-06-04,CMP_1005,YouTube_Video_Ads,Video,Top of Funnel / Awareness,201232,2397,26611.65,51,21,70684.01
2025-06-05,CMP_1005,YouTube_Video_Ads,Video,Top of Funnel / Awareness,176162,2258,28311.11,44,21,64680.98
2025-06-06,CMP_1005,YouTube_Video_Ads,Video,Top of Funnel / Awareness,151871,1627,18847.75,34,14,40340.14
2025-06-07,CMP_1005,YouTube_Video_Ads,Video,Top of Funnel / Awareness,156962,2065,23724.09,43,18,60392.15
2025-06-08,CMP_1005,YouTube_Video_Ads,Video,Top of Funnel / Awareness,89088,973,12459.55,18,8,25685.89
2025-06-09,CMP_1005,YouTube_Video_Ads,Video,Top of Funnel / Awareness,123440,1488,17738.97,27,13,37670.37
2025-06-10,CMP_1005,YouTube_Video_Ads,Video,Top of Funnel / Awareness,118367,1498,18340.33,30,13,39985.24
2025-06-11,CMP_1005,YouTube_Video_Ads,Video,Top of Funnel / Awareness,178258,2211,26007.81,43,21,77104.34
2025-06-12,CMP_1005,YouTube_Video_Ads,Video,Top of Funnel / Awareness,137037,1566,19190.64,28,15,43180.9
2025-06-13,CMP_1005,YouTube_Video_Ads,Video,Top of Funnel / Awareness,118958,1502,19267.02,31,12,34651.85
2025-06-14,CMP_1005,YouTube_Video_Ads,Video,Top of Funnel / Awareness,125981,1447,16827.51,26,12,42794.25
2025-06-15,CMP_1005,YouTube_Video_Ads,Video,Top of Funnel / Awareness,184646,1965,22335.49,39,19,57121.71
2025-06-16,CMP_1005,YouTube_Video_Ads,Video,Top of Funnel / Awareness,126539,1622,20732.05,32,14,45699.66
2025-06-17,CMP_1005,YouTube_Video_Ads,Video,Top of Funnel / Awareness,114179,1429,16033.89,29,14,40876.17
2025-06-18,CMP_1005,YouTube_Video_Ads,Video,Top of Funnel / Awareness,126515,1624,20137.33,30,13,41969.35
2025-06-19,CMP_1005,YouTube_Video_Ads,Video,Top of Funnel / Awareness,121795,1588,18550.0,31,15,49675.18
2025-06-20,CMP_1005,YouTube_Video_Ads,Video,Top of Funnel / Awareness,119903,1361,17210.54,27,11,35013.49
2025-06-21,CMP_1005,YouTube_Video_Ads,Video,Top of Funnel / Awareness,201181,2279,26552.6,49,19,67729.05
2025-06-22,CMP_1005,YouTube_Video_Ads,Video,Top of Funnel / Awareness,136515,1600,17798.25,34,12,39846.87
2025-06-23,CMP_1005,YouTube_Video_Ads,Video,Top of Funnel / Awareness,148982,1948,23384.47,35,18,61802.18
2025-06-24,CMP_1005,YouTube_Video_Ads,Video,Top of Funnel / Awareness,161222,1722,21742.19,33,15,44709.3
2025-06-25,CMP_1005,YouTube_Video_Ads,Video,Top of Funnel / Awareness,148716,1735,20665.94,33,17,46061.27
2025-06-26,CMP_1005,YouTube_Video_Ads,Video,Top of Funnel / Awareness,125164,1621,19846.7,31,14,43431.51
2025-06-27,CMP_1005,YouTube_Video_Ads,Video,Top of Funnel / Awareness,149634,1979,23275.06,41,16,43733.49
2025-06-28,CMP_1005,YouTube_Video_Ads,Video,Top of Funnel / Awareness,137417,1508,18444.56,29,12,35862.17
2025-06-29,CMP_1005,YouTube_Video_Ads,Video,Top of Funnel / Awareness,144804,1731,21361.01,37,16,48648.04
2025-06-30,CMP_1005,YouTube_Video_Ads,Video,Top of Funnel / Awareness,163629,1839,23516.06,39,15,56941.95
2025-07-01,CMP_1005,YouTube_Video_Ads,Video,Top of Funnel / Awareness,105216,1400,16214.04,25,13,42279.95
2025-07-02,CMP_1005,YouTube_Video_Ads,Video,Top of Funnel / Awareness,100724,1119,13878.88,22,9,33936.13
2025-07-03,CMP_1005,YouTube_Video_Ads,Video,Top of Funnel / Awareness,157877,1758,19510.26,33,15,43287.93
2025-07-04,CMP_1005,YouTube_Video_Ads,Video,Top of Funnel / Awareness,160339,1961,24338.0,35,18,50484.44
2025-07-05,CMP_1005,YouTube_Video_Ads,Video,Top of Funnel / Awareness,154607,1744,21899.25,33,15,54782.82
2025-07-06,CMP_1005,YouTube_Video_Ads,Video,Top of Funnel / Awareness,159573,2009,22728.39,43,17,54373.22
2025-07-07,CMP_1005,YouTube_Video_Ads,Video,Top of Funnel / Awareness,102483,1236,15856.15,24,11,37890.79
2025-07-08,CMP_1005,YouTube_Video_Ads,Video,Top of Funnel / Awareness,116181,1353,16987.18,24,12,44139.37
2025-07-09,CMP_1005,YouTube_Video_Ads,Video,Top of Funnel / Awareness,115106,1533,19545.63,32,12,36796.98
2025-07-10,CMP_1005,YouTube_Video_Ads,Video,Top of Funnel / Awareness,120670,1485,18116.98,28,14,45037.32
2025-07-11,CMP_1005,YouTube_Video_Ads,Video,Top of Funnel / Awareness,152685,2051,24484.75,40,17,54892.95
2025-07-12,CMP_1005,YouTube_Video_Ads,Video,Top of Funnel / Awareness,153185,1930,24229.63,36,18,66502.35
2025-07-13,CMP_1005,YouTube_Video_Ads,Video,Top of Funnel / Awareness,196512,2149,24528.87,46,20,73886.42
2025-07-14,CMP_1005,YouTube_Video_Ads,Video,Top of Funnel / Awareness,137090,1663,20430.8,29,15,48292.9
2025-07-15,CMP_1005,YouTube_Video_Ads,Video,Top of Funnel / Awareness,162646,1953,23992.87,38,16,47074.33
2025-07-16,CMP_1005,YouTube_Video_Ads,Video,Top of Funnel / Awareness,129534,1425,18406.22,26,13,43522.16
2025-07-17,CMP_1005,YouTube_Video_Ads,Video,Top of Funnel / Awareness,125020,1606,18213.43,33,13,38406.26
2025-07-18,CMP_1005,YouTube_Video_Ads,Video,Top of Funnel / Awareness,124642,1517,17973.46,28,13,43376.52
2025-07-19,CMP_1005,YouTube_Video_Ads,Video,Top of Funnel / Awareness,153562,1967,22959.49,41,17,61667.78
2025-07-20,CMP_1005,YouTube_Video_Ads,Video,Top of Funnel / Awareness,136567,1585,20269.45,30,14,44227.09
2025-07-21,CMP_1005,YouTube_Video_Ads,Video,Top of Funnel / Awareness,195572,2456,28742.92,51,23,87210.86
2025-07-22,CMP_1005,YouTube_Video_Ads,Video,Top of Funnel / Awareness,160271,2005,23656.31,39,19,66370.35
2025-07-23,CMP_1005,YouTube_Video_Ads,Video,Top of Funnel / Awareness,96184,1247,16051.82,26,11,34793.12
2025-07-24,CMP_1005,YouTube_Video_Ads,Video,Top of Funnel / Awareness,128427,1550,17179.56,30,14,53105.0
2025-07-25,CMP_1005,YouTube_Video_Ads,Video,Top of Funnel / Awareness,103485,1141,14601.58,21,10,30422.92
2025-07-26,CMP_1005,YouTube_Video_Ads,Video,Top of Funnel / Awareness,142125,1850,22459.77,38,15,52122.47
2025-07-27,CMP_1005,YouTube_Video_Ads,Video,Top of Funnel / Awareness,204495,2333,27709.31,42,20,60721.09
2025-07-28,CMP_1005,YouTube_Video_Ads,Video,Top of Funnel / Awareness,165557,1865,23345.94,33,17,44424.24
2025-07-29,CMP_1005,YouTube_Video_Ads,Video,Top of Funnel / Awareness,99049,1225,15729.11,23,10,26120.23
2025-07-30,CMP_1005,YouTube_Video_Ads,Video,Top of Funnel / Awareness,132522,1463,17871.42,29,13,38555.44
2025-07-31,CMP_1005,YouTube_Video_Ads,Video,Top of Funnel / Awareness,155615,1660,18445.73,29,15,44853.66
2025-08-01,CMP_1005,YouTube_Video_Ads,Video,Top of Funnel / Awareness,130596,1572,18733.28,32,13,35747.7
2025-08-02,CMP_1005,YouTube_Video_Ads,Video,Top of Funnel / Awareness,197449,2271,27497.94,44,21,67322.01
2025-08-03,CMP_1005,YouTube_Video_Ads,Video,Top of Funnel / Awareness,160643,2023,25219.73,40,18,66064.27
2025-08-04,CMP_1005,YouTube_Video_Ads,Video,Top of Funnel / Awareness,206234,2423,28761.67,50,22,59134.07
2025-08-05,CMP_1005,YouTube_Video_Ads,Video,Top of Funnel / Awareness,169094,1812,23326.0,36,16,48091.12
2025-08-06,CMP_1005,YouTube_Video_Ads,Video,Top of Funnel / Awareness,169780,2068,23192.36,40,17,56961.68
2025-08-07,CMP_1005,YouTube_Video_Ads,Video,Top of Funnel / Awareness,156312,1835,23455.69,39,17,50386.6
2025-08-08,CMP_1005,YouTube_Video_Ads,Video,Top of Funnel / Awareness,172085,2033,23076.54,39,18,59671.17
2025-08-09,CMP_1005,YouTube_Video_Ads,Video,Top of Funnel / Awareness,151935,1980,22263.15,37,19,52159.95
2025-08-10,CMP_1005,YouTube_Video_Ads,Video,Top of Funnel / Awareness,205505,2224,28651.73,41,18,62353.05
2025-08-11,CMP_1005,YouTube_Video_Ads,Video,Top of Funnel / Awareness,121695,1492,19139.21,30,14,41499.97
2025-08-12,CMP_1005,YouTube_Video_Ads,Video,Top of Funnel / Awareness,159159,2096,24573.59,44,20,74097.0
2025-08-13,CMP_1005,YouTube_Video_Ads,Video,Top of Funnel / Awareness,129794,1741,20595.12,34,15,48741.67
2025-08-14,CMP_1005,YouTube_Video_Ads,Video,Top of Funnel / Awareness,153673,1656,19314.97,35,15,41576.71
2025-08-15,CMP_1005,YouTube_Video_Ads,Video,Top of Funnel / Awareness,167204,1888,22335.53,40,17,55614.37
2025-08-16,CMP_1005,YouTube_Video_Ads,Video,Top of Funnel / Awareness,205317,2222,27136.42,43,18,51409.11
2025-08-17,CMP_1005,YouTube_Video_Ads,Video,Top of Funnel / Awareness,186676,2083,24620.93,42,20,70338.84
2025-08-18,CMP_1005,YouTube_Video_Ads,Video,Top of Funnel / Awareness,136634,1654,21027.99,34,13,39354.75
2025-08-19,CMP_1005,YouTube_Video_Ads,Video,Top of Funnel / Awareness,125172,1637,20998.44,30,13,39503.78
2025-08-20,CMP_1005,YouTube_Video_Ads,Video,Top of Funnel / Awareness,71529,882,10237.18,18,8,27208.08
2025-08-21,CMP_1005,YouTube_Video_Ads,Video,Top of Funnel / Awareness,147459,1780,20370.51,35,16,45922.19
2025-08-22,CMP_1005,YouTube_Video_Ads,Video,Top of Funnel / Awareness,183057,2125,24971.45,45,18,63454.23
2025-08-23,CMP_1005,YouTube_Video_Ads,Video,Top of Funnel / Awareness,116934,1536,18650.48,30,15,42952.45
2025-08-24,CMP_1005,YouTube_Video_Ads,Video,Top of Funnel / Awareness,174215,2287,25583.18,48,22,75516.71
2025-08-25,CMP_1005,YouTube_Video_Ads,Video,Top of Funnel / Awareness,134173,1778,20935.46,34,16,50352.7
2025-08-26,CMP_1005,YouTube_Video_Ads,Video,Top of Funnel / Awareness,170624,2033,24659.96,36,19,59753.82
2025-08-27,CMP_1005,YouTube_Video_Ads,Video,Top of Funnel / Awareness,126659,1427,15768.65,29,11,40848.26
2025-08-28,CMP_1005,YouTube_Video_Ads,Video,Top of Funnel / Awareness,164764,1837,21043.07,34,14,49639.66
2025-08-29,CMP_1005,YouTube_Video_Ads,Video,Top of Funnel / Awareness,162894,1854,21149.09,36,18,52267.65
2025-08-30,CMP_1005,YouTube_Video_Ads,Video,Top of Funnel / Awareness,175128,2071,25774.86,39,18,48386.83
2025-08-31,CMP_1005,YouTube_Video_Ads,Video,Top of Funnel / Awareness,145395,1564,19452.62,33,13,47859.19
2025-09-01,CMP_1005,YouTube_Video_Ads,Video,Top of Funnel / Awareness,136580,1823,22964.07,35,17,51930.75
2025-09-02,CMP_1005,YouTube_Video_Ads,Video,Top of Funnel / Awareness,125258,1677,19053.85,30,15,50516.88
2025-09-03,CMP_1005,YouTube_Video_Ads,Video,Top of Funnel / Awareness,98018,1222,14753.8,22,11,32478.03
2025-09-04,CMP_1005,YouTube_Video_Ads,Video,Top of Funnel / Awareness,132085,1487,16457.14,30,12,38688.24
2025-09-05,CMP_1005,YouTube_Video_Ads,Video,Top of Funnel / Awareness,109332,1373,17500.66,26,12,37905.85
2025-09-06,CMP_1005,YouTube_Video_Ads,Video,Top of Funnel / Awareness,155976,2030,23833.56,42,18,54842.1
2025-09-07,CMP_1005,YouTube_Video_Ads,Video,Top of Funnel / Awareness,120043,1536,17580.9,30,13,36918.62
2025-09-08,CMP_1005,YouTube_Video_Ads,Video,Top of Funnel / Awareness,157989,1908,21912.56,37,17,62468.84
2025-09-09,CMP_1005,YouTube_Video_Ads,Video,Top of Funnel / Awareness,117378,1392,17691.09,24,12,40115.77
2025-09-10,CMP_1005,YouTube_Video_Ads,Video,Top of Funnel / Awareness,198357,2464,27934.82,45,23,69368.99
2025-09-11,CMP_1005,YouTube_Video_Ads,Video,Top of Funnel / Awareness,173492,1856,23028.71,36,17,48937.72
2025-09-12,CMP_1005,YouTube_Video_Ads,Video,Top of Funnel / Awareness,157105,1819,22141.83,35,16,50868.7
2025-09-13,CMP_1005,YouTube_Video_Ads,Video,Top of Funnel / Awareness,183503,2167,26836.04,40,18,46945.87
2025-09-14,CMP_1005,YouTube_Video_Ads,Video,Top of Funnel / Awareness,187021,2084,26192.82,45,18,67020.88
2025-09-15,CMP_1005,YouTube_Video_Ads,Video,Top of Funnel / Awareness,106165,1342,16647.29,24,11,28729.68
2025-09-16,CMP_1005,YouTube_Video_Ads,Video,Top of Funnel / Awareness,112516,1298,16290.51,27,10,28132.09
2025-09-17,CMP_1005,YouTube_Video_Ads,Video,Top of Funnel / Awareness,183190,2150,25153.73,41,20,54393.37
2025-09-18,CMP_1005,YouTube_Video_Ads,Video,Top of Funnel / Awareness,162122,2152,24041.52,46,17,50277.8
2025-09-19,CMP_1005,YouTube_Video_Ads,Video,Top of Funnel / Awareness,121053,1549,18216.97,31,14,49394.69
2025-09-20,CMP_1005,YouTube_Video_Ads,Video,Top of Funnel / Awareness,153138,1926,24554.17,35,17,54497.04
2025-09-21,CMP_1005,YouTube_Video_Ads,Video,Top of Funnel / Awareness,194074,2583,28790.5,47,24,77295.04
2025-09-22,CMP_1005,YouTube_Video_Ads,Video,Top of Funnel / Awareness,162232,1770,20325.11,34,15,48317.85
2025-09-23,CMP_1005,YouTube_Video_Ads,Video,Top of Funnel / Awareness,156845,1916,24715.37,40,17,54105.93
2025-09-24,CMP_1005,YouTube_Video_Ads,Video,Top of Funnel / Awareness,135441,1544,19624.39,28,14,46479.95
2025-09-25,CMP_1005,YouTube_Video_Ads,Video,Top of Funnel / Awareness,145766,1933,24652.0,34,17,52019.26
2025-09-26,CMP_1005,YouTube_Video_Ads,Video,Top of Funnel / Awareness,176921,2152,24921.84,44,17,61156.1
2025-09-27,CMP_1005,YouTube_Video_Ads,Video,Top of Funnel / Awareness,148555,1975,24109.92,37,16,51535.32
2025-09-28,CMP_1005,YouTube_Video_Ads,Video,Top of Funnel / Awareness,94075,1162,12976.83,23,9,33436.0
2025-09-29,CMP_1005,YouTube_Video_Ads,Video,Top of Funnel / Awareness,157567,1868,21724.04,37,15,56129.49
2025-09-30,CMP_1005,YouTube_Video_Ads,Video,Top of Funnel / Awareness,118728,1459,17201.6,28,13,34695.86
2025-10-01,CMP_1005,YouTube_Video_Ads,Video,Top of Funnel / Awareness,174776,2258,26162.5,40,21,56983.1
2025-10-02,CMP_1005,YouTube_Video_Ads,Video,Top of Funnel / Awareness,187903,2067,25254.95,37,17,46877.38
2025-10-03,CMP_1005,YouTube_Video_Ads,Video,Top of Funnel / Awareness,222481,2679,31192.47,53,25,85105.94
2025-10-04,CMP_1005,YouTube_Video_Ads,Video,Top of Funnel / Awareness,151695,1783,21314.6,37,15,39120.04
2025-10-05,CMP_1005,YouTube_Video_Ads,Video,Top of Funnel / Awareness,248315,2767,34009.17,59,26,70067.77
2025-10-06,CMP_1005,YouTube_Video_Ads,Video,Top of Funnel / Awareness,194419,2207,26952.01,45,20,59971.69
2025-10-07,CMP_1005,YouTube_Video_Ads,Video,Top of Funnel / Awareness,163673,2082,23087.91,38,19,59193.27
2025-10-08,CMP_1005,YouTube_Video_Ads,Video,Top of Funnel / Awareness,210490,2448,31087.85,45,23,72015.07
2025-10-09,CMP_1005,YouTube_Video_Ads,Video,Top of Funnel / Awareness,185343,2440,27844.84,45,19,49890.63
2025-10-10,CMP_1005,YouTube_Video_Ads,Video,Top of Funnel / Awareness,247438,2841,33061.66,54,26,69476.05
2025-10-11,CMP_1005,YouTube_Video_Ads,Video,Top of Funnel / Awareness,219893,2463,31585.95,53,20,70907.46
2025-10-12,CMP_1005,YouTube_Video_Ads,Video,Top of Funnel / Awareness,212268,2763,33468.18,52,24,76682.3
2025-10-13,CMP_1005,YouTube_Video_Ads,Video,Top of Funnel / Awareness,155400,2040,23918.3,37,17,56221.33
2025-10-14,CMP_1005,YouTube_Video_Ads,Video,Top of Funnel / Awareness,144511,1920,22645.23,36,17,59618.03
2025-10-15,CMP_1005,YouTube_Video_Ads,Video,Top of Funnel / Awareness,185293,2457,29245.89,50,21,69255.19
2025-10-16,CMP_1005,YouTube_Video_Ads,Video,Top of Funnel / Awareness,204611,2371,30185.72,45,20,52944.93
2025-10-17,CMP_1005,YouTube_Video_Ads,Video,Top of Funnel / Awareness,231521,3025,33655.95,62,28,93893.04
2025-10-18,CMP_1005,YouTube_Video_Ads,Video,Top of Funnel / Awareness,181281,2102,26730.21,45,19,55399.91
2025-10-19,CMP_1005,YouTube_Video_Ads,Video,Top of Funnel / Awareness,216616,2620,31774.45,48,24,71671.14
2025-10-20,CMP_1005,YouTube_Video_Ads,Video,Top of Funnel / Awareness,213149,2470,30486.22,49,23,86856.02
2025-10-21,CMP_1005,YouTube_Video_Ads,Video,Top of Funnel / Awareness,187692,2455,28308.68,52,22,82299.15
2025-10-22,CMP_1005,YouTube_Video_Ads,Video,Top of Funnel / Awareness,220017,2350,29121.48,50,21,66453.24
2025-10-23,CMP_1005,YouTube_Video_Ads,Video,Top of Funnel / Awareness,198903,2186,26521.76,43,20,52399.01
2025-10-24,CMP_1005,YouTube_Video_Ads,Video,Top of Funnel / Awareness,199741,2653,33368.1,53,22,82107.46
2025-10-25,CMP_1005,YouTube_Video_Ads,Video,Top of Funnel / Awareness,161040,1967,24649.05,40,19,65986.44
2025-10-26,CMP_1005,YouTube_Video_Ads,Video,Top of Funnel / Awareness,251608,2937,32659.36,57,24,63102.16
2025-10-27,CMP_1005,YouTube_Video_Ads,Video,Top of Funnel / Awareness,167131,2080,23503.2,43,20,60498.98
2025-10-28,CMP_1005,YouTube_Video_Ads,Video,Top of Funnel / Awareness,206148,2603,29577.24,54,21,76758.55
2025-10-29,CMP_1005,YouTube_Video_Ads,Video,Top of Funnel / Awareness,205420,2189,27585.9,39,17,51182.34
2025-10-30,CMP_1005,YouTube_Video_Ads,Video,Top of Funnel / Awareness,260136,3430,39631.09,66,28,83117.38
2025-10-31,CMP_1005,YouTube_Video_Ads,Video,Top of Funnel / Awareness,216348,2539,30627.15,47,21,75676.8
2025-11-01,CMP_1005,YouTube_Video_Ads,Video,Top of Funnel / Awareness,226707,2650,32912.48,56,24,75654.66
2025-11-02,CMP_1005,YouTube_Video_Ads,Video,Top of Funnel / Awareness,128907,1715,21070.41,35,14,42108.46
2025-11-03,CMP_1005,YouTube_Video_Ads,Video,Top of Funnel / Awareness,119632,1548,19181.63,32,15,44018.97
2025-11-04,CMP_1005,YouTube_Video_Ads,Video,Top of Funnel / Awareness,158601,2025,25758.41,38,19,51839.39
2025-11-05,CMP_1005,YouTube_Video_Ads,Video,Top of Funnel / Awareness,191426,2383,27653.34,48,20,52764.13
2025-11-06,CMP_1005,YouTube_Video_Ads,Video,Top of Funnel / Awareness,226717,2766,32846.87,58,27,87702.95
2025-11-07,CMP_1005,YouTube_Video_Ads,Video,Top of Funnel / Awareness,183321,2044,25499.56,39,18,47218.06
2025-11-08,CMP_1005,YouTube_Video_Ads,Video,Top of Funnel / Awareness,206457,2677,33274.08,51,23,83788.3
2025-11-09,CMP_1005,YouTube_Video_Ads,Video,Top of Funnel / Awareness,164839,2063,24061.32,41,17,50666.02
2025-11-10,CMP_1005,YouTube_Video_Ads,Video,Top of Funnel / Awareness,192474,2414,30823.74,52,22,82587.49
2025-11-11,CMP_1005,YouTube_Video_Ads,Video,Top of Funnel / Awareness,214701,2682,29717.18,52,23,84101.41
2025-11-12,CMP_1005,YouTube_Video_Ads,Video,Top of Funnel / Awareness,179307,1905,24159.45,38,16,49756.31
2025-11-13,CMP_1005,YouTube_Video_Ads,Video,Top of Funnel / Awareness,175222,1941,24943.64,39,18,52374.36
2025-11-14,CMP_1005,YouTube_Video_Ads,Video,Top of Funnel / Awareness,202248,2622,30590.62,54,22,71600.38
2025-11-15,CMP_1005,YouTube_Video_Ads,Video,Top of Funnel / Awareness,147135,1858,23532.46,40,17,63784.87
2025-11-16,CMP_1005,YouTube_Video_Ads,Video,Top of Funnel / Awareness,180654,2220,26881.24,48,20,52773.66
2025-11-17,CMP_1005,YouTube_Video_Ads,Video,Top of Funnel / Awareness,188049,2302,28938.37,47,22,59663.35
2025-11-18,CMP_1005,YouTube_Video_Ads,Video,Top of Funnel / Awareness,200242,2278,28069.9,46,20,55776.62
2025-11-19,CMP_1005,YouTube_Video_Ads,Video,Top of Funnel / Awareness,227398,2575,29065.59,54,22,70364.48
2025-11-20,CMP_1005,YouTube_Video_Ads,Video,Top of Funnel / Awareness,152842,1714,22019.8,33,15,52883.02
2025-11-21,CMP_1005,YouTube_Video_Ads,Video,Top of Funnel / Awareness,186879,2180,24173.32,40,20,68204.48
2025-11-22,CMP_1005,YouTube_Video_Ads,Video,Top of Funnel / Awareness,207025,2685,29878.4,50,23,78626.67
2025-11-23,CMP_1005,YouTube_Video_Ads,Video,Top of Funnel / Awareness,155426,1821,20339.5,37,17,52821.05
2025-11-24,CMP_1005,YouTube_Video_Ads,Video,Top of Funnel / Awareness,127308,1602,18993.04,34,13,40816.57
2025-11-25,CMP_1005,YouTube_Video_Ads,Video,Top of Funnel / Awareness,207553,2567,28885.57,47,23,74718.32
2025-11-26,CMP_1005,YouTube_Video_Ads,Video,Top of Funnel / Awareness,212075,2522,32087.6,47,21,77092.77
2025-11-27,CMP_1005,YouTube_Video_Ads,Video,Top of Funnel / Awareness,177600,2271,25896.42,44,19,57816.73
2025-11-28,CMP_1005,YouTube_Video_Ads,Video,Top of Funnel / Awareness,143399,1743,22102.39,36,16,59275.71
2025-11-29,CMP_1005,YouTube_Video_Ads,Video,Top of Funnel / Awareness,219573,2557,28355.03,54,21,61640.29
2025-11-30,CMP_1005,YouTube_Video_Ads,Video,Top of Funnel / Awareness,184931,2279,26486.41,44,21,77623.78
2025-12-01,CMP_1005,YouTube_Video_Ads,Video,Top of Funnel / Awareness,129132,1462,18769.94,26,12,39486.98
2025-12-02,CMP_1005,YouTube_Video_Ads,Video,Top of Funnel / Awareness,206575,2264,25493.37,43,19,63471.19
2025-12-03,CMP_1005,YouTube_Video_Ads,Video,Top of Funnel / Awareness,194204,2188,25259.11,47,17,62522.22
2025-12-04,CMP_1005,YouTube_Video_Ads,Video,Top of Funnel / Awareness,169549,2253,25737.94,43,20,69330.31
2025-12-05,CMP_1005,YouTube_Video_Ads,Video,Top of Funnel / Awareness,105255,1333,16139.28,23,10,31616.74
2025-12-06,CMP_1005,YouTube_Video_Ads,Video,Top of Funnel / Awareness,186718,2329,26303.69,43,20,56858.98
2025-12-07,CMP_1005,YouTube_Video_Ads,Video,Top of Funnel / Awareness,159891,1712,18982.65,36,14,48554.48
2025-12-08,CMP_1005,YouTube_Video_Ads,Video,Top of Funnel / Awareness,193533,2104,23507.3,41,18,67783.22
2025-12-09,CMP_1005,YouTube_Video_Ads,Video,Top of Funnel / Awareness,122219,1624,19045.88,32,14,40387.86
2025-12-10,CMP_1005,YouTube_Video_Ads,Video,Top of Funnel / Awareness,216154,2871,31963.71,54,25,68532.98
2025-12-11,CMP_1005,YouTube_Video_Ads,Video,Top of Funnel / Awareness,137579,1742,22203.75,32,15,44755.37
2025-12-12,CMP_1005,YouTube_Video_Ads,Video,Top of Funnel / Awareness,159960,2085,23739.31,40,18,50560.94
2025-12-13,CMP_1005,YouTube_Video_Ads,Video,Top of Funnel / Awareness,171721,2284,26812.04,49,19,53542.55
2025-12-14,CMP_1005,YouTube_Video_Ads,Video,Top of Funnel / Awareness,146863,1717,21800.49,30,14,46654.97
2025-12-15,CMP_1005,YouTube_Video_Ads,Video,Top of Funnel / Awareness,144828,1914,21546.75,39,17,60222.24
2025-12-16,CMP_1005,YouTube_Video_Ads,Video,Top of Funnel / Awareness,159913,2038,24186.29,39,17,59386.31
2025-12-17,CMP_1005,YouTube_Video_Ads,Video,Top of Funnel / Awareness,156493,2068,24228.16,44,17,60826.39
2025-12-18,CMP_1005,YouTube_Video_Ads,Video,Top of Funnel / Awareness,145427,1920,22795.06,37,18,57106.23
2025-12-19,CMP_1005,YouTube_Video_Ads,Video,Top of Funnel / Awareness,134266,1710,20286.66,34,15,44198.51
2025-12-20,CMP_1005,YouTube_Video_Ads,Video,Top of Funnel / Awareness,160649,1717,20543.43,36,16,49584.32
2025-12-21,CMP_1005,YouTube_Video_Ads,Video,Top of Funnel / Awareness,195196,2204,27668.87,45,20,59922.5
2025-12-22,CMP_1005,YouTube_Video_Ads,Video,Top of Funnel / Awareness,221045,2428,29353.79,47,23,71680.38
2025-12-23,CMP_1005,YouTube_Video_Ads,Video,Top of Funnel / Awareness,173538,2123,24220.6,42,18,49453.7
2025-12-24,CMP_1005,YouTube_Video_Ads,Video,Top of Funnel / Awareness,216350,2330,27592.36,42,20,59495.74
2025-12-25,CMP_1005,YouTube_Video_Ads,Video,Top of Funnel / Awareness,147098,1778,22222.03,36,15,56308.38
2025-12-26,CMP_1005,YouTube_Video_Ads,Video,Top of Funnel / Awareness,164270,2128,25663.51,40,17,58235.59
2025-12-27,CMP_1005,YouTube_Video_Ads,Video,Top of Funnel / Awareness,162612,2011,22951.9,43,17,61227.5
2025-12-28,CMP_1005,YouTube_Video_Ads,Video,Top of Funnel / Awareness,152986,1834,22041.78,39,17,60567.94
2025-12-29,CMP_1005,YouTube_Video_Ads,Video,Top of Funnel / Awareness,181188,2145,24613.2,42,20,73954.77
2025-12-30,CMP_1005,YouTube_Video_Ads,Video,Top of Funnel / Awareness,124964,1326,15697.37,28,11,36984.02
2025-12-31,CMP_1005,YouTube_Video_Ads,Video,Top of Funnel / Awareness,161843,1756,22716.38,34,15,55632.42
2025-01-01,CMP_1006,LinkedIn_Sponsored,B2B_Social,High-Value Acquisition,11205,168,16994.5,9,4,24101.72
2025-01-02,CMP_1006,LinkedIn_Sponsored,B2B_Social,High-Value Acquisition,11785,197,17693.69,11,5,26727.15
2025-01-03,CMP_1006,LinkedIn_Sponsored,B2B_Social,High-Value Acquisition,11108,199,18112.66,12,5,28245.8
2025-01-04,CMP_1006,LinkedIn_Sponsored,B2B_Social,High-Value Acquisition,12280,212,24275.02,13,5,32835.54
2025-01-05,CMP_1006,LinkedIn_Sponsored,B2B_Social,High-Value Acquisition,15493,228,21974.49,13,6,37100.46
2025-01-06,CMP_1006,LinkedIn_Sponsored,B2B_Social,High-Value Acquisition,11375,173,17677.86,10,5,32693.34
2025-01-07,CMP_1006,LinkedIn_Sponsored,B2B_Social,High-Value Acquisition,16661,238,22817.03,14,6,45890.23
2025-01-08,CMP_1006,LinkedIn_Sponsored,B2B_Social,High-Value Acquisition,13321,205,20091.71,12,6,44186.91
2025-01-09,CMP_1006,LinkedIn_Sponsored,B2B_Social,High-Value Acquisition,12220,188,16957.43,11,4,26665.94
2025-01-10,CMP_1006,LinkedIn_Sponsored,B2B_Social,High-Value Acquisition,10430,172,16976.72,10,4,27753.7
2025-01-11,CMP_1006,LinkedIn_Sponsored,B2B_Social,High-Value Acquisition,13581,227,22865.89,12,5,26860.44
2025-01-12,CMP_1006,LinkedIn_Sponsored,B2B_Social,High-Value Acquisition,12717,220,24397.14,13,6,45479.95
2025-01-13,CMP_1006,LinkedIn_Sponsored,B2B_Social,High-Value Acquisition,12371,217,19261.61,12,5,36431.61
2025-01-14,CMP_1006,LinkedIn_Sponsored,B2B_Social,High-Value Acquisition,11131,187,18042.86,12,4,28740.2
2025-01-15,CMP_1006,LinkedIn_Sponsored,B2B_Social,High-Value Acquisition,13788,218,20732.83,13,6,45092.9
2025-01-16,CMP_1006,LinkedIn_Sponsored,B2B_Social,High-Value Acquisition,12988,219,19816.54,14,6,40126.47
2025-01-17,CMP_1006,LinkedIn_Sponsored,B2B_Social,High-Value Acquisition,10870,189,18193.22,12,4,29117.37
2025-01-18,CMP_1006,LinkedIn_Sponsored,B2B_Social,High-Value Acquisition,9594,151,15230.48,9,4,20846.48
2025-01-19,CMP_1006,LinkedIn_Sponsored,B2B_Social,High-Value Acquisition,13204,191,18205.77,12,5,31440.22
2025-01-20,CMP_1006,LinkedIn_Sponsored,B2B_Social,High-Value Acquisition,11799,173,17256.14,10,5,34331.2
2025-01-21,CMP_1006,LinkedIn_Sponsored,B2B_Social,High-Value Acquisition,11449,166,16560.1,9,5,34762.89
2025-01-22,CMP_1006,LinkedIn_Sponsored,B2B_Social,High-Value Acquisition,16560,236,22193.53,15,6,38156.55
2025-01-23,CMP_1006,LinkedIn_Sponsored,B2B_Social,High-Value Acquisition,13857,213,21573.52,12,6,42918.15
2025-01-24,CMP_1006,LinkedIn_Sponsored,B2B_Social,High-Value Acquisition,9759,162,14703.96,9,4,30109.96
2025-01-25,CMP_1006,LinkedIn_Sponsored,B2B_Social,High-Value Acquisition,12878,200,19933.71,13,5,28055.31
2025-01-26,CMP_1006,LinkedIn_Sponsored,B2B_Social,High-Value Acquisition,12801,192,19514.56,11,5,26316.05
2025-01-27,CMP_1006,LinkedIn_Sponsored,B2B_Social,High-Value Acquisition,11035,169,16834.56,9,5,27719.22
2025-01-28,CMP_1006,LinkedIn_Sponsored,B2B_Social,High-Value Acquisition,10159,145,12872.32,8,3,21191.54
2025-01-29,CMP_1006,LinkedIn_Sponsored,B2B_Social,High-Value Acquisition,13119,202,19175.09,12,6,44589.12
2025-01-30,CMP_1006,LinkedIn_Sponsored,B2B_Social,High-Value Acquisition,13832,215,19854.21,13,6,38287.21
2025-01-31,CMP_1006,LinkedIn_Sponsored,B2B_Social,High-Value Acquisition,11361,203,19039.58,13,5,34912.06
2025-02-01,CMP_1006,LinkedIn_Sponsored,B2B_Social,High-Value Acquisition,12606,197,18328.16,10,5,30406.53
2025-02-02,CMP_1006,LinkedIn_Sponsored,B2B_Social,High-Value Acquisition,13645,196,18951.72,11,5,33460.34
2025-02-03,CMP_1006,LinkedIn_Sponsored,B2B_Social,High-Value Acquisition,7535,135,13646.32,8,4,28462.86
2025-02-04,CMP_1006,LinkedIn_Sponsored,B2B_Social,High-Value Acquisition,10070,164,15227.19,10,4,21015.24
2025-02-05,CMP_1006,LinkedIn_Sponsored,B2B_Social,High-Value Acquisition,9568,168,15299.52,9,4,23839.3
2025-02-06,CMP_1006,LinkedIn_Sponsored,B2B_Social,High-Value Acquisition,10724,173,16759.65,10,4,23126.73
2025-02-07,CMP_1006,LinkedIn_Sponsored,B2B_Social,High-Value Acquisition,7817,124,12695.83,6,3,18021.04
2025-02-08,CMP_1006,LinkedIn_Sponsored,B2B_Social,High-Value Acquisition,13462,204,19858.64,12,6,44842.59
2025-02-09,CMP_1006,LinkedIn_Sponsored,B2B_Social,High-Value Acquisition,10317,182,17284.91,12,4,22099.86
2025-02-10,CMP_1006,LinkedIn_Sponsored,B2B_Social,High-Value Acquisition,10421,151,14362.03,9,3,20277.08
2025-02-11,CMP_1006,LinkedIn_Sponsored,B2B_Social,High-Value Acquisition,15002,218,21989.38,13,5,28533.23
2025-02-12,CMP_1006,LinkedIn_Sponsored,B2B_Social,High-Value Acquisition,9602,138,12973.26,8,3,17892.96
2025-02-13,CMP_1006,LinkedIn_Sponsored,B2B_Social,High-Value Acquisition,13668,214,26305.12,12,6,33078.2
2025-02-14,CMP_1006,LinkedIn_Sponsored,B2B_Social,High-Value Acquisition,11483,193,17245.34,11,5,31826.78
2025-02-15,CMP_1006,LinkedIn_Sponsored,B2B_Social,High-Value Acquisition,12443,206,25161.72,13,5,29955.36
2025-02-16,CMP_1006,LinkedIn_Sponsored,B2B_Social,High-Value Acquisition,12843,196,18498.03,13,5,28025.37
2025-02-17,CMP_1006,LinkedIn_Sponsored,B2B_Social,High-Value Acquisition,9957,173,16611.79,11,4,24717.94
2025-02-18,CMP_1006,LinkedIn_Sponsored,B2B_Social,High-Value Acquisition,10412,179,17078.85,11,5,32243.16
2025-02-19,CMP_1006,LinkedIn_Sponsored,B2B_Social,High-Value Acquisition,11040,166,15982.82,10,4,23324.41
2025-02-20,CMP_1006,LinkedIn_Sponsored,B2B_Social,High-Value Acquisition,15227,215,19009.5,11,5,27360.75
2025-02-21,CMP_1006,LinkedIn_Sponsored,B2B_Social,High-Value Acquisition,10029,153,15720.59,8,4,29209.12
2025-02-22,CMP_1006,LinkedIn_Sponsored,B2B_Social,High-Value Acquisition,11828,180,17669.95,11,5,34922.0
2025-02-23,CMP_1006,LinkedIn_Sponsored,B2B_Social,High-Value Acquisition,13555,221,22290.48,13,6,43229.9
2025-02-24,CMP_1006,LinkedIn_Sponsored,B2B_Social,High-Value Acquisition,12186,218,19118.53,12,6,44020.37
2025-02-25,CMP_1006,LinkedIn_Sponsored,B2B_Social,High-Value Acquisition,12566,196,17610.98,11,5,30581.2
2025-02-26,CMP_1006,LinkedIn_Sponsored,B2B_Social,High-Value Acquisition,7262,130,13390.41,7,3,15986.02
2025-02-27,CMP_1006,LinkedIn_Sponsored,B2B_Social,High-Value Acquisition,11332,182,16653.27,11,4,28216.85
2025-02-28,CMP_1006,LinkedIn_Sponsored,B2B_Social,High-Value Acquisition,10328,182,16781.67,11,5,35678.52
2025-03-01,CMP_1006,LinkedIn_Sponsored,B2B_Social,High-Value Acquisition,11033,195,18076.54,11,4,25254.11
2025-03-02,CMP_1006,LinkedIn_Sponsored,B2B_Social,High-Value Acquisition,13201,225,22415.11,15,6,32681.75
2025-03-03,CMP_1006,LinkedIn_Sponsored,B2B_Social,High-Value Acquisition,16889,249,22190.28,13,7,51609.08
2025-03-04,CMP_1006,LinkedIn_Sponsored,B2B_Social,High-Value Acquisition,11091,198,19334.9,11,5,35974.2
2025-03-05,CMP_1006,LinkedIn_Sponsored,B2B_Social,High-Value Acquisition,11536,196,19827.72,12,5,32521.33
2025-03-06,CMP_1006,LinkedIn_Sponsored,B2B_Social,High-Value Acquisition,10687,183,17004.41,11,5,26191.52
2025-03-07,CMP_1006,LinkedIn_Sponsored,B2B_Social,High-Value Acquisition,13347,189,16814.86,11,5,38089.82
2025-03-08,CMP_1006,LinkedIn_Sponsored,B2B_Social,High-Value Acquisition,14393,221,20727.14,13,6,44971.34
2025-03-09,CMP_1006,LinkedIn_Sponsored,B2B_Social,High-Value Acquisition,11169,194,18830.77,11,5,28087.41
2025-03-10,CMP_1006,LinkedIn_Sponsored,B2B_Social,High-Value Acquisition,14906,251,22006.71,14,6,35587.21
2025-03-11,CMP_1006,LinkedIn_Sponsored,B2B_Social,High-Value Acquisition,8395,120,11805.4,6,3,18080.67
2025-03-12,CMP_1006,LinkedIn_Sponsored,B2B_Social,High-Value Acquisition,16390,235,21665.41,15,6,32998.33
2025-03-13,CMP_1006,LinkedIn_Sponsored,B2B_Social,High-Value Acquisition,9361,159,15612.85,10,4,25017.41
2025-03-14,CMP_1006,LinkedIn_Sponsored,B2B_Social,High-Value Acquisition,15024,265,23239.47,16,6,44719.14
2025-03-15,CMP_1006,LinkedIn_Sponsored,B2B_Social,High-Value Acquisition,14498,217,21710.72,12,6,35560.01
2025-03-16,CMP_1006,LinkedIn_Sponsored,B2B_Social,High-Value Acquisition,12911,182,18374.62,10,5,28931.87
2025-03-17,CMP_1006,LinkedIn_Sponsored,B2B_Social,High-Value Acquisition,15233,224,19870.58,13,5,35706.8
2025-03-18,CMP_1006,LinkedIn_Sponsored,B2B_Social,High-Value Acquisition,17245,249,23416.25,15,6,33105.83
2025-03-19,CMP_1006,LinkedIn_Sponsored,B2B_Social,High-Value Acquisition,11186,193,19676.09,11,5,32731.67
2025-03-20,CMP_1006,LinkedIn_Sponsored,B2B_Social,High-Value Acquisition,9500,170,16786.08,9,4,27607.13
2025-03-21,CMP_1006,LinkedIn_Sponsored,B2B_Social,High-Value Acquisition,10877,193,18876.45,11,5,37856.02
2025-03-22,CMP_1006,LinkedIn_Sponsored,B2B_Social,High-Value Acquisition,13425,205,20640.71,11,5,31554.9
2025-03-23,CMP_1006,LinkedIn_Sponsored,B2B_Social,High-Value Acquisition,16392,251,22388.26,15,7,39123.76
2025-03-24,CMP_1006,LinkedIn_Sponsored,B2B_Social,High-Value Acquisition,9747,154,15509.79,10,4,23501.19
2025-03-25,CMP_1006,LinkedIn_Sponsored,B2B_Social,High-Value Acquisition,9851,161,15083.51,9,4,28394.07
2025-03-26,CMP_1006,LinkedIn_Sponsored,B2B_Social,High-Value Acquisition,12374,179,18238.74,10,5,26472.48
2025-03-27,CMP_1006,LinkedIn_Sponsored,B2B_Social,High-Value Acquisition,10786,165,16855.11,10,4,23180.89
2025-03-28,CMP_1006,LinkedIn_Sponsored,B2B_Social,High-Value Acquisition,12600,203,20220.38,13,5,36656.5
2025-03-29,CMP_1006,LinkedIn_Sponsored,B2B_Social,High-Value Acquisition,13360,205,20943.73,13,6,34306.47
2025-03-30,CMP_1006,LinkedIn_Sponsored,B2B_Social,High-Value Acquisition,14137,203,19678.18,13,5,26876.77
2025-03-31,CMP_1006,LinkedIn_Sponsored,B2B_Social,High-Value Acquisition,12457,222,22300.9,13,5,35179.17
2025-04-01,CMP_1006,LinkedIn_Sponsored,B2B_Social,High-Value Acquisition,8164,129,12421.01,7,3,18093.26
2025-04-02,CMP_1006,LinkedIn_Sponsored,B2B_Social,High-Value Acquisition,11504,186,18815.05,10,5,32830.36
2025-04-03,CMP_1006,LinkedIn_Sponsored,B2B_Social,High-Value Acquisition,15235,251,22772.39,15,7,44181.74
2025-04-04,CMP_1006,LinkedIn_Sponsored,B2B_Social,High-Value Acquisition,9912,177,16559.36,11,4,23527.87
2025-04-05,CMP_1006,LinkedIn_Sponsored,B2B_Social,High-Value Acquisition,13391,222,20606.55,14,6,38701.03
2025-04-06,CMP_1006,LinkedIn_Sponsored,B2B_Social,High-Value Acquisition,13048,212,18996.7,14,6,39711.96
2025-04-07,CMP_1006,LinkedIn_Sponsored,B2B_Social,High-Value Acquisition,12745,225,21968.11,13,6,45565.72
2025-04-08,CMP_1006,LinkedIn_Sponsored,B2B_Social,High-Value Acquisition,11292,177,16788.89,10,5,30958.78
2025-04-09,CMP_1006,LinkedIn_Sponsored,B2B_Social,High-Value Acquisition,13709,203,20487.45,12,5,35364.06
2025-04-10,CMP_1006,LinkedIn_Sponsored,B2B_Social,High-Value Acquisition,17863,266,23543.6,14,7,47165.79
2025-04-11,CMP_1006,LinkedIn_Sponsored,B2B_Social,High-Value Acquisition,13633,224,21571.59,13,5,29002.77
2025-04-12,CMP_1006,LinkedIn_Sponsored,B2B_Social,High-Value Acquisition,10325,180,16233.18,11,5,30990.02
2025-04-13,CMP_1006,LinkedIn_Sponsored,B2B_Social,High-Value Acquisition,12947,231,21125.28,15,6,43661.03
2025-04-14,CMP_1006,LinkedIn_Sponsored,B2B_Social,High-Value Acquisition,11220,166,15605.38,9,4,23427.48
2025-04-15,CMP_1006,LinkedIn_Sponsored,B2B_Social,High-Value Acquisition,11729,210,21055.61,11,5,35827.25
2025-04-16,CMP_1006,LinkedIn_Sponsored,B2B_Social,High-Value Acquisition,13587,215,20013.81,13,6,36023.01
2025-04-17,CMP_1006,LinkedIn_Sponsored,B2B_Social,High-Value Acquisition,13166,199,20238.07,13,5,31683.38
2025-04-18,CMP_1006,LinkedIn_Sponsored,B2B_Social,High-Value Acquisition,10195,148,13582.94,8,4,28277.88
2025-04-19,CMP_1006,LinkedIn_Sponsored,B2B_Social,High-Value Acquisition,15683,227,22001.85,14,6,45325.05
2025-04-20,CMP_1006,LinkedIn_Sponsored,B2B_Social,High-Value Acquisition,10742,178,16840.68,9,4,22075.11
2025-04-21,CMP_1006,LinkedIn_Sponsored,B2B_Social,High-Value Acquisition,13605,214,19550.48,13,5,34252.31
2025-04-22,CMP_1006,LinkedIn_Sponsored,B2B_Social,High-Value Acquisition,10432,150,13169.21,9,3,18373.36
2025-04-23,CMP_1006,LinkedIn_Sponsored,B2B_Social,High-Value Acquisition,12854,208,20259.57,12,5,33525.74
2025-04-24,CMP_1006,LinkedIn_Sponsored,B2B_Social,High-Value Acquisition,12927,200,19223.07,11,6,31788.41
2025-04-25,CMP_1006,LinkedIn_Sponsored,B2B_Social,High-Value Acquisition,11544,192,19743.0,12,4,26737.34
2025-04-26,CMP_1006,LinkedIn_Sponsored,B2B_Social,High-Value Acquisition,10515,184,16881.52,11,5,26899.63
2025-04-27,CMP_1006,LinkedIn_Sponsored,B2B_Social,High-Value Acquisition,11919,200,19687.31,12,5,31319.52
2025-04-28,CMP_1006,LinkedIn_Sponsored,B2B_Social,High-Value Acquisition,8200,134,13720.05,7,3,21522.95
2025-04-29,CMP_1006,LinkedIn_Sponsored,B2B_Social,High-Value Acquisition,14206,216,19497.33,13,5,35710.22
2025-04-30,CMP_1006,LinkedIn_Sponsored,B2B_Social,High-Value Acquisition,15217,215,19087.35,14,6,36379.63
2025-05-01,CMP_1006,LinkedIn_Sponsored,B2B_Social,High-Value Acquisition,12766,210,19170.32,12,6,45653.48
2025-05-02,CMP_1006,LinkedIn_Sponsored,B2B_Social,High-Value Acquisition,11376,190,18110.43,10,5,26931.33
2025-05-03,CMP_1006,LinkedIn_Sponsored,B2B_Social,High-Value Acquisition,15844,235,26820.4,14,6,38342.96
2025-05-04,CMP_1006,LinkedIn_Sponsored,B2B_Social,High-Value Acquisition,13027,197,18866.74,12,6,32846.98
2025-05-05,CMP_1006,LinkedIn_Sponsored,B2B_Social,High-Value Acquisition,13839,220,19977.83,14,6,44405.19
2025-05-06,CMP_1006,LinkedIn_Sponsored,B2B_Social,High-Value Acquisition,12147,196,24070.28,12,5,29860.04
2025-05-07,CMP_1006,LinkedIn_Sponsored,B2B_Social,High-Value Acquisition,14632,236,22730.98,15,7,43457.63
2025-05-08,CMP_1006,LinkedIn_Sponsored,B2B_Social,High-Value Acquisition,12769,198,19665.05,11,5,33484.27
2025-05-09,CMP_1006,LinkedIn_Sponsored,B2B_Social,High-Value Acquisition,13557,239,21381.09,13,7,48531.51
2025-05-10,CMP_1006,LinkedIn_Sponsored,B2B_Social,High-Value Acquisition,10860,178,17618.24,11,4,25584.67
2025-05-11,CMP_1006,LinkedIn_Sponsored,B2B_Social,High-Value Acquisition,10401,155,15896.46,9,4,28299.97
2025-05-12,CMP_1006,LinkedIn_Sponsored,B2B_Social,High-Value Acquisition,14656,207,18360.58,12,5,38107.89
2025-05-13,CMP_1006,LinkedIn_Sponsored,B2B_Social,High-Value Acquisition,16595,250,23675.78,16,6,40012.69
2025-05-14,CMP_1006,LinkedIn_Sponsored,B2B_Social,High-Value Acquisition,11992,196,20007.64,11,5,37153.43
2025-05-15,CMP_1006,LinkedIn_Sponsored,B2B_Social,High-Value Acquisition,12422,199,18309.04,13,5,34818.69
2025-05-16,CMP_1006,LinkedIn_Sponsored,B2B_Social,High-Value Acquisition,14196,217,25373.72,13,5,31146.57
2025-05-17,CMP_1006,LinkedIn_Sponsored,B2B_Social,High-Value Acquisition,18565,262,23677.88,17,7,53024.77
2025-05-18,CMP_1006,LinkedIn_Sponsored,B2B_Social,High-Value Acquisition,13848,237,21476.66,15,6,44608.4
2025-05-19,CMP_1006,LinkedIn_Sponsored,B2B_Social,High-Value Acquisition,11744,193,17502.59,13,5,37718.34
2025-05-20,CMP_1006,LinkedIn_Sponsored,B2B_Social,High-Value Acquisition,12748,204,18448.12,13,5,34085.11
2025-05-21,CMP_1006,LinkedIn_Sponsored,B2B_Social,High-Value Acquisition,13904,214,19801.35,13,5,35949.29
2025-05-22,CMP_1006,LinkedIn_Sponsored,B2B_Social,High-Value Acquisition,16728,248,21955.54,15,7,40743.92
2025-05-23,CMP_1006,LinkedIn_Sponsored,B2B_Social,High-Value Acquisition,12823,207,19210.05,12,6,42575.18
2025-05-24,CMP_1006,LinkedIn_Sponsored,B2B_Social,High-Value Acquisition,13333,205,20346.06,12,5,33460.35
2025-05-25,CMP_1006,LinkedIn_Sponsored,B2B_Social,High-Value Acquisition,11117,192,17229.01,11,5,36302.48
2025-05-26,CMP_1006,LinkedIn_Sponsored,B2B_Social,High-Value Acquisition,14367,218,20320.01,14,6,32150.9
2025-05-27,CMP_1006,LinkedIn_Sponsored,B2B_Social,High-Value Acquisition,11983,193,19046.65,12,5,33037.74
2025-05-28,CMP_1006,LinkedIn_Sponsored,B2B_Social,High-Value Acquisition,6321,94,8932.8,6,2,15096.9
2025-05-29,CMP_1006,LinkedIn_Sponsored,B2B_Social,High-Value Acquisition,14070,235,21551.36,15,6,44009.26
2025-05-30,CMP_1006,LinkedIn_Sponsored,B2B_Social,High-Value Acquisition,13623,200,19326.97,12,5,35113.34
2025-05-31,CMP_1006,LinkedIn_Sponsored,B2B_Social,High-Value Acquisition,15965,250,23914.43,14,7,37642.83
2025-06-01,CMP_1006,LinkedIn_Sponsored,B2B_Social,High-Value Acquisition,13754,245,22268.05,14,6,32860.16
2025-06-02,CMP_1006,LinkedIn_Sponsored,B2B_Social,High-Value Acquisition,11534,197,19005.95,11,6,37592.76
2025-06-03,CMP_1006,LinkedIn_Sponsored,B2B_Social,High-Value Acquisition,10419,180,17654.44,10,5,29282.3
2025-06-04,CMP_1006,LinkedIn_Sponsored,B2B_Social,High-Value Acquisition,8283,148,14450.74,8,4,26313.87
2025-06-05,CMP_1006,LinkedIn_Sponsored,B2B_Social,High-Value Acquisition,8655,130,11783.59,8,3,22312.88
2025-06-06,CMP_1006,LinkedIn_Sponsored,B2B_Social,High-Value Acquisition,13131,191,17385.2,10,5,38229.28
2025-06-07,CMP_1006,LinkedIn_Sponsored,B2B_Social,High-Value Acquisition,9600,164,16531.97,9,4,23750.76
2025-06-08,CMP_1006,LinkedIn_Sponsored,B2B_Social,High-Value Acquisition,17191,257,23125.33,15,7,41364.37
2025-06-09,CMP_1006,LinkedIn_Sponsored,B2B_Social,High-Value Acquisition,11132,190,19567.56,11,5,28674.23
2025-06-10,CMP_1006,LinkedIn_Sponsored,B2B_Social,High-Value Acquisition,11051,179,16040.59,11,5,34335.81
2025-06-11,CMP_1006,LinkedIn_Sponsored,B2B_Social,High-Value Acquisition,9920,153,15003.54,8,4,23472.25
2025-06-12,CMP_1006,LinkedIn_Sponsored,B2B_Social,High-Value Acquisition,9323,161,14332.91,10,4,21442.25
2025-06-13,CMP_1006,LinkedIn_Sponsored,B2B_Social,High-Value Acquisition,11587,166,15515.46,9,4,28684.65
2025-06-14,CMP_1006,LinkedIn_Sponsored,B2B_Social,High-Value Acquisition,15679,241,21856.97,13,6,45785.02
2025-06-15,CMP_1006,LinkedIn_Sponsored,B2B_Social,High-Value Acquisition,12481,216,21467.23,14,5,28296.53
2025-06-16,CMP_1006,LinkedIn_Sponsored,B2B_Social,High-Value Acquisition,12884,200,24162.28,13,5,37718.16
2025-06-17,CMP_1006,LinkedIn_Sponsored,B2B_Social,High-Value Acquisition,11577,207,19139.1,11,5,35714.42
2025-06-18,CMP_1006,LinkedIn_Sponsored,B2B_Social,High-Value Acquisition,11399,181,17065.6,12,4,26723.07
2025-06-19,CMP_1006,LinkedIn_Sponsored,B2B_Social,High-Value Acquisition,10212,167,14671.63,9,4,26840.84
2025-06-20,CMP_1006,LinkedIn_Sponsored,B2B_Social,High-Value Acquisition,17277,256,23138.13,16,6,35815.3
2025-06-21,CMP_1006,LinkedIn_Sponsored,B2B_Social,High-Value Acquisition,12522,211,20567.93,12,5,26973.09
2025-06-22,CMP_1006,LinkedIn_Sponsored,B2B_Social,High-Value Acquisition,9880,175,16442.25,10,4,21795.9
2025-06-23,CMP_1006,LinkedIn_Sponsored,B2B_Social,High-Value Acquisition,13516,235,22838.61,14,6,35462.78
2025-06-24,CMP_1006,LinkedIn_Sponsored,B2B_Social,High-Value Acquisition,12960,213,20839.85,13,6,40574.0
2025-06-25,CMP_1006,LinkedIn_Sponsored,B2B_Social,High-Value Acquisition,12437,187,18655.02,11,5,30731.36
2025-06-26,CMP_1006,LinkedIn_Sponsored,B2B_Social,High-Value Acquisition,12453,210,20903.8,11,5,27603.52
2025-06-27,CMP_1006,LinkedIn_Sponsored,B2B_Social,High-Value Acquisition,9034,146,12843.21,8,3,21495.3
2025-06-28,CMP_1006,LinkedIn_Sponsored,B2B_Social,High-Value Acquisition,13305,226,22940.86,14,5,29236.13
2025-06-29,CMP_1006,LinkedIn_Sponsored,B2B_Social,High-Value Acquisition,12653,213,21770.7,14,6,36905.95
2025-06-30,CMP_1006,LinkedIn_Sponsored,B2B_Social,High-Value Acquisition,11691,168,15832.96,9,4,25101.1
2025-07-01,CMP_1006,LinkedIn_Sponsored,B2B_Social,High-Value Acquisition,13327,212,24066.52,12,5,36055.07
2025-07-02,CMP_1006,LinkedIn_Sponsored,B2B_Social,High-Value Acquisition,15184,249,23493.53,16,7,51672.27
2025-07-03,CMP_1006,LinkedIn_Sponsored,B2B_Social,High-Value Acquisition,9111,151,15330.47,8,3,16749.29
2025-07-04,CMP_1006,LinkedIn_Sponsored,B2B_Social,High-Value Acquisition,9169,155,15117.66,10,4,22783.09
2025-07-05,CMP_1006,LinkedIn_Sponsored,B2B_Social,High-Value Acquisition,10118,178,16588.0,11,5,32009.06
2025-07-06,CMP_1006,LinkedIn_Sponsored,B2B_Social,High-Value Acquisition,13820,198,17447.04,12,5,28645.65
2025-07-07,CMP_1006,LinkedIn_Sponsored,B2B_Social,High-Value Acquisition,12923,219,20535.82,13,6,42433.59
2025-07-08,CMP_1006,LinkedIn_Sponsored,B2B_Social,High-Value Acquisition,12527,193,19811.34,11,5,28507.85
2025-07-09,CMP_1006,LinkedIn_Sponsored,B2B_Social,High-Value Acquisition,14149,209,19577.81,12,5,29567.56
2025-07-10,CMP_1006,LinkedIn_Sponsored,B2B_Social,High-Value Acquisition,12125,205,18731.67,11,5,35725.71
2025-07-11,CMP_1006,LinkedIn_Sponsored,B2B_Social,High-Value Acquisition,12292,204,19986.51,12,5,36241.71
2025-07-12,CMP_1006,LinkedIn_Sponsored,B2B_Social,High-Value Acquisition,10056,154,15304.09,8,3,16298.36
2025-07-13,CMP_1006,LinkedIn_Sponsored,B2B_Social,High-Value Acquisition,11430,194,18007.86,11,5,35134.52
2025-07-14,CMP_1006,LinkedIn_Sponsored,B2B_Social,High-Value Acquisition,11908,201,18331.25,12,5,28585.55
2025-07-15,CMP_1006,LinkedIn_Sponsored,B2B_Social,High-Value Acquisition,14243,210,20468.97,13,5,33250.31
2025-07-16,CMP_1006,LinkedIn_Sponsored,B2B_Social,High-Value Acquisition,11396,183,18124.63,11,5,33538.5
2025-07-17,CMP_1006,LinkedIn_Sponsored,B2B_Social,High-Value Acquisition,12597,184,18736.5,11,4,28196.29
2025-07-18,CMP_1006,LinkedIn_Sponsored,B2B_Social,High-Value Acquisition,11969,175,17234.44,11,4,28614.76
2025-07-19,CMP_1006,LinkedIn_Sponsored,B2B_Social,High-Value Acquisition,10459,154,13869.54,9,4,22003.46
2025-07-20,CMP_1006,LinkedIn_Sponsored,B2B_Social,High-Value Acquisition,14278,205,18314.35,13,5,26725.2
2025-07-21,CMP_1006,LinkedIn_Sponsored,B2B_Social,High-Value Acquisition,8711,153,15515.12,9,4,28753.75
2025-07-22,CMP_1006,LinkedIn_Sponsored,B2B_Social,High-Value Acquisition,11249,183,18360.6,10,4,24011.94
2025-07-23,CMP_1006,LinkedIn_Sponsored,B2B_Social,High-Value Acquisition,10077,160,14686.64,9,4,29847.74
2025-07-24,CMP_1006,LinkedIn_Sponsored,B2B_Social,High-Value Acquisition,11719,195,19300.62,12,5,28293.54
2025-07-25,CMP_1006,LinkedIn_Sponsored,B2B_Social,High-Value Acquisition,11379,193,17170.99,11,5,26356.21
2025-07-26,CMP_1006,LinkedIn_Sponsored,B2B_Social,High-Value Acquisition,15937,235,21101.25,13,6,43505.97
2025-07-27,CMP_1006,LinkedIn_Sponsored,B2B_Social,High-Value Acquisition,16177,248,22553.3,14,7,43608.89
2025-07-28,CMP_1006,LinkedIn_Sponsored,B2B_Social,High-Value Acquisition,10349,176,17068.81,10,5,37457.46
2025-07-29,CMP_1006,LinkedIn_Sponsored,B2B_Social,High-Value Acquisition,9313,153,15094.55,8,4,25389.07
2025-07-30,CMP_1006,LinkedIn_Sponsored,B2B_Social,High-Value Acquisition,9956,147,13854.69,9,4,25521.44
2025-07-31,CMP_1006,LinkedIn_Sponsored,B2B_Social,High-Value Acquisition,14825,223,20019.4,13,6,31744.51
2025-08-01,CMP_1006,LinkedIn_Sponsored,B2B_Social,High-Value Acquisition,11625,184,18915.26,11,4,22515.3
2025-08-02,CMP_1006,LinkedIn_Sponsored,B2B_Social,High-Value Acquisition,13498,215,21488.73,13,5,32848.77
2025-08-03,CMP_1006,LinkedIn_Sponsored,B2B_Social,High-Value Acquisition,13131,220,19477.67,12,6,43328.82
2025-08-04,CMP_1006,LinkedIn_Sponsored,B2B_Social,High-Value Acquisition,10139,166,15740.65,9,4,23723.93
2025-08-05,CMP_1006,LinkedIn_Sponsored,B2B_Social,High-Value Acquisition,11710,165,14631.26,9,4,30222.34
2025-08-06,CMP_1006,LinkedIn_Sponsored,B2B_Social,High-Value Acquisition,13336,216,19418.45,12,6,44919.7
2025-08-07,CMP_1006,LinkedIn_Sponsored,B2B_Social,High-Value Acquisition,6346,108,9832.64,6,2,10946.22
2025-08-08,CMP_1006,LinkedIn_Sponsored,B2B_Social,High-Value Acquisition,10138,159,14843.01,9,4,29805.4
2025-08-09,CMP_1006,LinkedIn_Sponsored,B2B_Social,High-Value Acquisition,13226,196,18373.4,11,5,33006.87
2025-08-10,CMP_1006,LinkedIn_Sponsored,B2B_Social,High-Value Acquisition,11353,172,16292.05,11,5,27036.97
2025-08-11,CMP_1006,LinkedIn_Sponsored,B2B_Social,High-Value Acquisition,12312,184,17549.56,11,5,32466.78
2025-08-12,CMP_1006,LinkedIn_Sponsored,B2B_Social,High-Value Acquisition,8920,147,14708.57,8,3,18060.71
2025-08-13,CMP_1006,LinkedIn_Sponsored,B2B_Social,High-Value Acquisition,9827,158,16131.98,9,4,28435.86
2025-08-14,CMP_1006,LinkedIn_Sponsored,B2B_Social,High-Value Acquisition,9257,154,14906.68,9,4,24442.54
2025-08-15,CMP_1006,LinkedIn_Sponsored,B2B_Social,High-Value Acquisition,10416,185,16460.62,11,5,34165.58
2025-08-16,CMP_1006,LinkedIn_Sponsored,B2B_Social,High-Value Acquisition,9145,157,15541.85,9,4,21923.68
2025-08-17,CMP_1006,LinkedIn_Sponsored,B2B_Social,High-Value Acquisition,14950,230,20471.98,13,7,49842.16
2025-08-18,CMP_1006,LinkedIn_Sponsored,B2B_Social,High-Value Acquisition,11604,207,18700.79,12,5,32054.1
2025-08-19,CMP_1006,LinkedIn_Sponsored,B2B_Social,High-Value Acquisition,11093,194,24350.41,10,5,29332.97
2025-08-20,CMP_1006,LinkedIn_Sponsored,B2B_Social,High-Value Acquisition,11335,195,18817.55,12,5,32775.63
2025-08-21,CMP_1006,LinkedIn_Sponsored,B2B_Social,High-Value Acquisition,11505,206,21091.32,11,6,38553.39
2025-08-22,CMP_1006,LinkedIn_Sponsored,B2B_Social,High-Value Acquisition,15912,255,22548.35,16,6,37474.81
2025-08-23,CMP_1006,LinkedIn_Sponsored,B2B_Social,High-Value Acquisition,9538,150,15277.34,8,4,25894.48
2025-08-24,CMP_1006,LinkedIn_Sponsored,B2B_Social,High-Value Acquisition,14344,247,23362.28,15,6,40875.98
2025-08-25,CMP_1006,LinkedIn_Sponsored,B2B_Social,High-Value Acquisition,12266,199,19563.69,11,5,29502.04
2025-08-26,CMP_1006,LinkedIn_Sponsored,B2B_Social,High-Value Acquisition,13956,237,20866.17,13,6,38965.94
2025-08-27,CMP_1006,LinkedIn_Sponsored,B2B_Social,High-Value Acquisition,9040,158,14407.4,8,4,29125.54
2025-08-28,CMP_1006,LinkedIn_Sponsored,B2B_Social,High-Value Acquisition,8515,143,13482.76,9,4,24161.1
2025-08-29,CMP_1006,LinkedIn_Sponsored,B2B_Social,High-Value Acquisition,14190,200,20519.83,11,5,28451.42
2025-08-30,CMP_1006,LinkedIn_Sponsored,B2B_Social,High-Value Acquisition,13606,204,24665.62,12,6,43182.83
2025-08-31,CMP_1006,LinkedIn_Sponsored,B2B_Social,High-Value Acquisition,11035,197,18240.5,12,5,26440.37
2025-09-01,CMP_1006,LinkedIn_Sponsored,B2B_Social,High-Value Acquisition,13525,217,19584.11,12,6,36264.09
2025-09-02,CMP_1006,LinkedIn_Sponsored,B2B_Social,High-Value Acquisition,8752,155,15694.69,8,4,21049.43
2025-09-03,CMP_1006,LinkedIn_Sponsored,B2B_Social,High-Value Acquisition,14065,204,18120.92,12,6,41389.45
2025-09-04,CMP_1006,LinkedIn_Sponsored,B2B_Social,High-Value Acquisition,13236,205,20684.79,11,6,31464.24
2025-09-05,CMP_1006,LinkedIn_Sponsored,B2B_Social,High-Value Acquisition,11957,200,17555.33,13,6,33575.84
2025-09-06,CMP_1006,LinkedIn_Sponsored,B2B_Social,High-Value Acquisition,14521,236,21315.78,14,6,33871.27
2025-09-07,CMP_1006,LinkedIn_Sponsored,B2B_Social,High-Value Acquisition,12380,200,20155.05,12,6,39762.2
2025-09-08,CMP_1006,LinkedIn_Sponsored,B2B_Social,High-Value Acquisition,10709,190,19174.65,12,5,26052.97
2025-09-09,CMP_1006,LinkedIn_Sponsored,B2B_Social,High-Value Acquisition,11382,176,16239.92,10,4,21222.81
2025-09-10,CMP_1006,LinkedIn_Sponsored,B2B_Social,High-Value Acquisition,9973,161,15746.5,9,4,28912.64
2025-09-11,CMP_1006,LinkedIn_Sponsored,B2B_Social,High-Value Acquisition,13407,232,23722.47,14,6,33812.82
2025-09-12,CMP_1006,LinkedIn_Sponsored,B2B_Social,High-Value Acquisition,8796,157,15067.91,9,4,24796.62
2025-09-13,CMP_1006,LinkedIn_Sponsored,B2B_Social,High-Value Acquisition,15417,219,20097.04,14,5,35759.75
2025-09-14,CMP_1006,LinkedIn_Sponsored,B2B_Social,High-Value Acquisition,13354,198,18232.76,13,5,33370.84
2025-09-15,CMP_1006,LinkedIn_Sponsored,B2B_Social,High-Value Acquisition,12657,211,21398.78,12,6,33871.45
2025-09-16,CMP_1006,LinkedIn_Sponsored,B2B_Social,High-Value Acquisition,11505,204,24181.27,12,6,40811.5
2025-09-17,CMP_1006,LinkedIn_Sponsored,B2B_Social,High-Value Acquisition,9835,165,15675.59,9,4,24166.02
2025-09-18,CMP_1006,LinkedIn_Sponsored,B2B_Social,High-Value Acquisition,9552,160,16402.18,9,4,24294.83
2025-09-19,CMP_1006,LinkedIn_Sponsored,B2B_Social,High-Value Acquisition,12009,183,16647.78,10,5,34731.95
2025-09-20,CMP_1006,LinkedIn_Sponsored,B2B_Social,High-Value Acquisition,9121,142,13794.88,9,4,22508.28
2025-09-21,CMP_1006,LinkedIn_Sponsored,B2B_Social,High-Value Acquisition,14407,227,20223.34,14,6,36072.39
2025-09-22,CMP_1006,LinkedIn_Sponsored,B2B_Social,High-Value Acquisition,7882,140,13425.05,8,4,21232.94
2025-09-23,CMP_1006,LinkedIn_Sponsored,B2B_Social,High-Value Acquisition,14471,205,18262.07,11,5,34618.89
2025-09-24,CMP_1006,LinkedIn_Sponsored,B2B_Social,High-Value Acquisition,10452,174,15807.56,10,4,24841.91
2025-09-25,CMP_1006,LinkedIn_Sponsored,B2B_Social,High-Value Acquisition,10373,175,15677.19,11,5,34772.0
2025-09-26,CMP_1006,LinkedIn_Sponsored,B2B_Social,High-Value Acquisition,11597,175,17329.0,9,4,24241.56
2025-09-27,CMP_1006,LinkedIn_Sponsored,B2B_Social,High-Value Acquisition,12997,190,19284.57,11,5,32662.31
2025-09-28,CMP_1006,LinkedIn_Sponsored,B2B_Social,High-Value Acquisition,14179,217,19360.1,12,5,28318.45
2025-09-29,CMP_1006,LinkedIn_Sponsored,B2B_Social,High-Value Acquisition,15558,245,23434.67,14,7,40173.09
2025-09-30,CMP_1006,LinkedIn_Sponsored,B2B_Social,High-Value Acquisition,11772,200,19737.23,12,5,31769.43
2025-10-01,CMP_1006,LinkedIn_Sponsored,B2B_Social,High-Value Acquisition,11821,205,24110.09,11,6,45237.69
2025-10-02,CMP_1006,LinkedIn_Sponsored,B2B_Social,High-Value Acquisition,11042,191,24064.23,11,4,26377.87
2025-10-03,CMP_1006,LinkedIn_Sponsored,B2B_Social,High-Value Acquisition,12912,207,27764.99,12,5,26068.75
2025-10-04,CMP_1006,LinkedIn_Sponsored,B2B_Social,High-Value Acquisition,12890,209,24880.99,13,5,37227.57
2025-10-05,CMP_1006,LinkedIn_Sponsored,B2B_Social,High-Value Acquisition,13533,235,27468.87,14,6,33999.25
2025-10-06,CMP_1006,LinkedIn_Sponsored,B2B_Social,High-Value Acquisition,14010,199,25492.58,12,5,34150.55
2025-10-07,CMP_1006,LinkedIn_Sponsored,B2B_Social,High-Value Acquisition,13725,245,23032.51,15,7,43932.63
2025-10-08,CMP_1006,LinkedIn_Sponsored,B2B_Social,High-Value Acquisition,14813,232,27383.16,14,5,29320.54
2025-10-09,CMP_1006,LinkedIn_Sponsored,B2B_Social,High-Value Acquisition,13686,194,24038.95,12,5,28910.0
2025-10-10,CMP_1006,LinkedIn_Sponsored,B2B_Social,High-Value Acquisition,12903,230,22550.63,15,6,32685.66
2025-10-11,CMP_1006,LinkedIn_Sponsored,B2B_Social,High-Value Acquisition,12358,206,25666.94,12,5,33118.52
2025-10-12,CMP_1006,LinkedIn_Sponsored,B2B_Social,High-Value Acquisition,13685,231,21920.34,14,6,35522.61
2025-10-13,CMP_1006,LinkedIn_Sponsored,B2B_Social,High-Value Acquisition,16221,250,22240.19,13,6,42180.56
2025-10-14,CMP_1006,LinkedIn_Sponsored,B2B_Social,High-Value Acquisition,14117,235,21762.93,15,6,45293.35
2025-10-15,CMP_1006,LinkedIn_Sponsored,B2B_Social,High-Value Acquisition,15437,253,22808.91,16,6,39136.27
2025-10-16,CMP_1006,LinkedIn_Sponsored,B2B_Social,High-Value Acquisition,13887,218,21440.53,14,6,32161.81
2025-10-17,CMP_1006,LinkedIn_Sponsored,B2B_Social,High-Value Acquisition,11884,211,20286.98,13,5,29578.13
2025-10-18,CMP_1006,LinkedIn_Sponsored,B2B_Social,High-Value Acquisition,13953,225,26136.51,12,6,31231.59
2025-10-19,CMP_1006,LinkedIn_Sponsored,B2B_Social,High-Value Acquisition,12149,205,21036.32,12,5,32335.64
2025-10-20,CMP_1006,LinkedIn_Sponsored,B2B_Social,High-Value Acquisition,15179,245,22247.27,16,7,47274.6
2025-10-21,CMP_1006,LinkedIn_Sponsored,B2B_Social,High-Value Acquisition,12711,204,26633.21,12,5,28293.47
2025-10-22,CMP_1006,LinkedIn_Sponsored,B2B_Social,High-Value Acquisition,12687,203,24524.06,11,5,31880.7
2025-10-23,CMP_1006,LinkedIn_Sponsored,B2B_Social,High-Value Acquisition,13197,203,24796.47,12,5,34077.75
2025-10-24,CMP_1006,LinkedIn_Sponsored,B2B_Social,High-Value Acquisition,14898,238,27198.42,14,6,45325.96
2025-10-25,CMP_1006,LinkedIn_Sponsored,B2B_Social,High-Value Acquisition,13625,237,22610.76,14,6,43790.42
2025-10-26,CMP_1006,LinkedIn_Sponsored,B2B_Social,High-Value Acquisition,14883,232,21460.31,13,6,31863.37
2025-10-27,CMP_1006,LinkedIn_Sponsored,B2B_Social,High-Value Acquisition,13963,220,27592.45,13,5,31281.97
2025-10-28,CMP_1006,LinkedIn_Sponsored,B2B_Social,High-Value Acquisition,12428,218,20784.2,12,6,40674.62
2025-10-29,CMP_1006,LinkedIn_Sponsored,B2B_Social,High-Value Acquisition,16275,253,23137.53,15,6,35886.85
2025-10-30,CMP_1006,LinkedIn_Sponsored,B2B_Social,High-Value Acquisition,14479,213,26437.51,14,6,38210.59
2025-10-31,CMP_1006,LinkedIn_Sponsored,B2B_Social,High-Value Acquisition,15919,262,22984.72,16,7,51825.08
2025-11-01,CMP_1006,LinkedIn_Sponsored,B2B_Social,High-Value Acquisition,12109,200,26134.8,12,5,27977.16
2025-11-02,CMP_1006,LinkedIn_Sponsored,B2B_Social,High-Value Acquisition,15853,242,22861.43,15,6,40420.15
2025-11-03,CMP_1006,LinkedIn_Sponsored,B2B_Social,High-Value Acquisition,16963,243,29187.96,14,6,44269.51
2025-11-04,CMP_1006,LinkedIn_Sponsored,B2B_Social,High-Value Acquisition,16870,238,21034.1,16,6,36579.09
2025-11-05,CMP_1006,LinkedIn_Sponsored,B2B_Social,High-Value Acquisition,16221,245,32704.12,14,7,51541.86
2025-11-06,CMP_1006,LinkedIn_Sponsored,B2B_Social,High-Value Acquisition,15162,226,25496.14,12,5,37237.79
2025-11-07,CMP_1006,LinkedIn_Sponsored,B2B_Social,High-Value Acquisition,17039,245,23189.93,16,7,49346.24
2025-11-08,CMP_1006,LinkedIn_Sponsored,B2B_Social,High-Value Acquisition,11785,202,25798.68,12,5,29222.47
2025-11-09,CMP_1006,LinkedIn_Sponsored,B2B_Social,High-Value Acquisition,15592,226,26953.33,15,6,38858.9
2025-11-10,CMP_1006,LinkedIn_Sponsored,B2B_Social,High-Value Acquisition,12829,219,25686.46,14,6,36766.59
2025-11-11,CMP_1006,LinkedIn_Sponsored,B2B_Social,High-Value Acquisition,13761,242,23972.42,15,6,44259.46
2025-11-12,CMP_1006,LinkedIn_Sponsored,B2B_Social,High-Value Acquisition,14456,214,28144.15,13,6,44333.4
2025-11-13,CMP_1006,LinkedIn_Sponsored,B2B_Social,High-Value Acquisition,13124,206,18630.89,13,5,27383.34
2025-11-14,CMP_1006,LinkedIn_Sponsored,B2B_Social,High-Value Acquisition,13487,220,28199.61,13,6,34662.92
2025-11-15,CMP_1006,LinkedIn_Sponsored,B2B_Social,High-Value Acquisition,16011,235,22157.87,14,6,36115.47
2025-11-16,CMP_1006,LinkedIn_Sponsored,B2B_Social,High-Value Acquisition,15436,258,22918.82,15,7,48317.9
2025-11-17,CMP_1006,LinkedIn_Sponsored,B2B_Social,High-Value Acquisition,13557,223,24216.09,12,6,45775.26
2025-11-18,CMP_1006,LinkedIn_Sponsored,B2B_Social,High-Value Acquisition,15545,245,30190.66,16,6,35112.19
2025-11-19,CMP_1006,LinkedIn_Sponsored,B2B_Social,High-Value Acquisition,12667,213,25305.48,12,6,32599.39
2025-11-20,CMP_1006,LinkedIn_Sponsored,B2B_Social,High-Value Acquisition,14336,238,28602.0,13,6,32989.48
2025-11-21,CMP_1006,LinkedIn_Sponsored,B2B_Social,High-Value Acquisition,13149,213,21640.08,13,5,33264.14
2025-11-22,CMP_1006,LinkedIn_Sponsored,B2B_Social,High-Value Acquisition,12318,208,26332.91,11,5,31725.98
2025-11-23,CMP_1006,LinkedIn_Sponsored,B2B_Social,High-Value Acquisition,12808,193,24276.98,11,5,28988.85
2025-11-24,CMP_1006,LinkedIn_Sponsored,B2B_Social,High-Value Acquisition,13981,212,27608.08,13,5,37212.68
2025-11-25,CMP_1006,LinkedIn_Sponsored,B2B_Social,High-Value Acquisition,13596,212,24833.49,12,5,29091.53
2025-11-26,CMP_1006,LinkedIn_Sponsored,B2B_Social,High-Value Acquisition,13968,213,27934.28,13,6,31985.67
2025-11-27,CMP_1006,LinkedIn_Sponsored,B2B_Social,High-Value Acquisition,15078,225,22783.66,14,6,39333.59
2025-11-28,CMP_1006,LinkedIn_Sponsored,B2B_Social,High-Value Acquisition,13681,204,25863.65,13,5,28322.31
2025-11-29,CMP_1006,LinkedIn_Sponsored,B2B_Social,High-Value Acquisition,12613,182,18047.01,11,4,24298.04
2025-11-30,CMP_1006,LinkedIn_Sponsored,B2B_Social,High-Value Acquisition,14433,227,27824.29,13,6,45213.41
2025-12-01,CMP_1006,LinkedIn_Sponsored,B2B_Social,High-Value Acquisition,14209,208,27048.04,11,6,38948.9
2025-12-02,CMP_1006,LinkedIn_Sponsored,B2B_Social,High-Value Acquisition,13621,217,25182.43,14,6,33470.21
2025-12-03,CMP_1006,LinkedIn_Sponsored,B2B_Social,High-Value Acquisition,16011,238,21304.18,15,6,31526.16
2025-12-04,CMP_1006,LinkedIn_Sponsored,B2B_Social,High-Value Acquisition,10941,191,19394.84,11,5,32803.31
2025-12-05,CMP_1006,LinkedIn_Sponsored,B2B_Social,High-Value Acquisition,12464,178,16265.99,11,4,22750.74
2025-12-06,CMP_1006,LinkedIn_Sponsored,B2B_Social,High-Value Acquisition,13790,202,17746.76,12,5,28805.84
2025-12-07,CMP_1006,LinkedIn_Sponsored,B2B_Social,High-Value Acquisition,7213,117,11002.3,7,3,16586.85
2025-12-08,CMP_1006,LinkedIn_Sponsored,B2B_Social,High-Value Acquisition,14512,228,25734.54,12,5,31921.35
2025-12-09,CMP_1006,LinkedIn_Sponsored,B2B_Social,High-Value Acquisition,12813,222,20481.09,13,6,37203.75
2025-12-10,CMP_1006,LinkedIn_Sponsored,B2B_Social,High-Value Acquisition,10439,187,18957.78,10,4,22213.91
2025-12-11,CMP_1006,LinkedIn_Sponsored,B2B_Social,High-Value Acquisition,12755,212,20689.56,13,6,37817.04
2025-12-12,CMP_1006,LinkedIn_Sponsored,B2B_Social,High-Value Acquisition,13265,211,25369.25,13,5,33891.85
2025-12-13,CMP_1006,LinkedIn_Sponsored,B2B_Social,High-Value Acquisition,14369,242,23498.69,15,6,41226.23
2025-12-14,CMP_1006,LinkedIn_Sponsored,B2B_Social,High-Value Acquisition,11213,182,15983.31,11,5,30434.49
2025-12-15,CMP_1006,LinkedIn_Sponsored,B2B_Social,High-Value Acquisition,14204,211,19777.62,11,6,34879.32
2025-12-16,CMP_1006,LinkedIn_Sponsored,B2B_Social,High-Value Acquisition,12209,213,25441.02,12,5,36977.23
2025-12-17,CMP_1006,LinkedIn_Sponsored,B2B_Social,High-Value Acquisition,15839,233,23449.7,12,5,29517.34
2025-12-18,CMP_1006,LinkedIn_Sponsored,B2B_Social,High-Value Acquisition,12805,224,20864.08,13,6,45036.63
2025-12-19,CMP_1006,LinkedIn_Sponsored,B2B_Social,High-Value Acquisition,12644,219,22024.26,13,6,33846.34
2025-12-20,CMP_1006,LinkedIn_Sponsored,B2B_Social,High-Value Acquisition,13659,234,21570.26,14,5,35349.36
2025-12-21,CMP_1006,LinkedIn_Sponsored,B2B_Social,High-Value Acquisition,13995,231,20831.7,13,7,41412.98
2025-12-22,CMP_1006,LinkedIn_Sponsored,B2B_Social,High-Value Acquisition,11240,189,19320.78,12,5,31820.67
2025-12-23,CMP_1006,LinkedIn_Sponsored,B2B_Social,High-Value Acquisition,13555,220,19682.74,12,6,42912.18
2025-12-24,CMP_1006,LinkedIn_Sponsored,B2B_Social,High-Value Acquisition,11959,174,17354.26,10,4,26261.07
2025-12-25,CMP_1006,LinkedIn_Sponsored,B2B_Social,High-Value Acquisition,13017,199,19865.07,11,5,35166.87
2025-12-26,CMP_1006,LinkedIn_Sponsored,B2B_Social,High-Value Acquisition,10313,183,18632.17,12,5,28313.37
2025-12-27,CMP_1006,LinkedIn_Sponsored,B2B_Social,High-Value Acquisition,13323,205,18645.01,12,6,42801.92
2025-12-28,CMP_1006,LinkedIn_Sponsored,B2B_Social,High-Value Acquisition,10371,179,18212.04,10,5,29342.31
2025-12-29,CMP_1006,LinkedIn_Sponsored,B2B_Social,High-Value Acquisition,15238,253,22474.71,16,6,35895.3
2025-12-30,CMP_1006,LinkedIn_Sponsored,B2B_Social,High-Value Acquisition,13471,204,18106.71,11,5,28369.31
2025-12-31,CMP_1006,LinkedIn_Sponsored,B2B_Social,High-Value Acquisition,15384,236,22778.33,15,6,38036.44
2025-01-01,CMP_1007,Affiliate_Partner_Network,Affiliate,Performance CPA,27174,939,13956.72,83,35,94744.4
2025-01-02,CMP_1007,Affiliate_Partner_Network,Affiliate,Performance CPA,24024,791,12850.88,62,30,107927.82
2025-01-03,CMP_1007,Affiliate_Partner_Network,Affiliate,Performance CPA,28199,966,16410.49,79,37,132044.39
2025-01-04,CMP_1007,Affiliate_Partner_Network,Affiliate,Performance CPA,30616,1062,17534.08,80,39,114854.15
2025-01-05,CMP_1007,Affiliate_Partner_Network,Affiliate,Performance CPA,26907,751,12422.26,65,29,84331.54
2025-01-06,CMP_1007,Affiliate_Partner_Network,Affiliate,Performance CPA,23311,745,11449.23,65,30,109320.56
2025-01-07,CMP_1007,Affiliate_Partner_Network,Affiliate,Performance CPA,25168,838,14290.03,75,28,105931.43
2025-01-08,CMP_1007,Affiliate_Partner_Network,Affiliate,Performance CPA,29561,982,15656.68,75,36,105597.64
2025-01-09,CMP_1007,Affiliate_Partner_Network,Affiliate,Performance CPA,25339,693,11630.46,55,24,79727.61
2025-01-10,CMP_1007,Affiliate_Partner_Network,Affiliate,Performance CPA,28246,825,12689.63,68,32,87983.26
2025-01-11,CMP_1007,Affiliate_Partner_Network,Affiliate,Performance CPA,25930,784,13499.42,66,28,89637.03
2025-01-12,CMP_1007,Affiliate_Partner_Network,Affiliate,Performance CPA,31555,869,12960.7,72,32,88593.33
2025-01-13,CMP_1007,Affiliate_Partner_Network,Affiliate,Performance CPA,34213,1145,19688.66,95,45,124102.68
2025-01-14,CMP_1007,Affiliate_Partner_Network,Affiliate,Performance CPA,19621,576,9234.14,44,21,57988.6
2025-01-15,CMP_1007,Affiliate_Partner_Network,Affiliate,Performance CPA,27565,782,12575.44,60,30,114199.56
2025-01-16,CMP_1007,Affiliate_Partner_Network,Affiliate,Performance CPA,46521,1368,20477.73,122,47,172634.95
2025-01-17,CMP_1007,Affiliate_Partner_Network,Affiliate,Performance CPA,11529,340,5276.64,27,13,45330.03
2025-01-18,CMP_1007,Affiliate_Partner_Network,Affiliate,Performance CPA,32417,1077,17709.47,85,41,129728.96
2025-01-19,CMP_1007,Affiliate_Partner_Network,Affiliate,Performance CPA,23401,792,12974.65,64,27,87281.45
2025-01-20,CMP_1007,Affiliate_Partner_Network,Affiliate,Performance CPA,34911,1127,17591.31,102,42,133207.91
2025-01-21,CMP_1007,Affiliate_Partner_Network,Affiliate,Performance CPA,21689,740,11381.68,63,25,71286.54
2025-01-22,CMP_1007,Affiliate_Partner_Network,Affiliate,Performance CPA,27663,912,15020.81,81,33,123439.11
2025-01-23,CMP_1007,Affiliate_Partner_Network,Affiliate,Performance CPA,44549,1256,20407.6,114,44,128170.92
2025-01-24,CMP_1007,Affiliate_Partner_Network,Affiliate,Performance CPA,29326,935,15726.18,83,35,107185.39
2025-01-25,CMP_1007,Affiliate_Partner_Network,Affiliate,Performance CPA,29206,827,13978.9,70,33,104960.21
2025-01-26,CMP_1007,Affiliate_Partner_Network,Affiliate,Performance CPA,31232,1039,17280.13,90,42,132212.85
2025-01-27,CMP_1007,Affiliate_Partner_Network,Affiliate,Performance CPA,25753,738,11918.64,56,25,90471.03
2025-01-28,CMP_1007,Affiliate_Partner_Network,Affiliate,Performance CPA,25747,771,12521.01,69,26,98823.77
2025-01-29,CMP_1007,Affiliate_Partner_Network,Affiliate,Performance CPA,18204,600,9876.37,49,24,66851.92
2025-01-30,CMP_1007,Affiliate_Partner_Network,Affiliate,Performance CPA,35924,1005,15514.98,79,36,134070.59
2025-01-31,CMP_1007,Affiliate_Partner_Network,Affiliate,Performance CPA,24759,841,13532.3,77,33,125045.19
2025-02-01,CMP_1007,Affiliate_Partner_Network,Affiliate,Performance CPA,21976,757,12681.57,65,26,80416.71
2025-02-02,CMP_1007,Affiliate_Partner_Network,Affiliate,Performance CPA,22042,696,10738.3,63,23,81478.4
2025-02-03,CMP_1007,Affiliate_Partner_Network,Affiliate,Performance CPA,32538,1121,18577.87,101,44,142471.13
2025-02-04,CMP_1007,Affiliate_Partner_Network,Affiliate,Performance CPA,26043,884,14758.52,78,31,103385.5
2025-02-05,CMP_1007,Affiliate_Partner_Network,Affiliate,Performance CPA,21207,580,9041.12,45,20,72649.76
2025-02-06,CMP_1007,Affiliate_Partner_Network,Affiliate,Performance CPA,21129,636,10926.57,47,23,63181.52
2025-02-07,CMP_1007,Affiliate_Partner_Network,Affiliate,Performance CPA,25272,704,10552.69,59,25,76079.03
2025-02-08,CMP_1007,Affiliate_Partner_Network,Affiliate,Performance CPA,27626,856,14613.62,70,34,91479.25
2025-02-09,CMP_1007,Affiliate_Partner_Network,Affiliate,Performance CPA,39868,1281,19162.57,106,51,189848.29
2025-02-10,CMP_1007,Affiliate_Partner_Network,Affiliate,Performance CPA,34409,1190,19055.2,106,48,139790.99
2025-02-11,CMP_1007,Affiliate_Partner_Network,Affiliate,Performance CPA,16646,487,8146.58,38,20,52492.57
2025-02-12,CMP_1007,Affiliate_Partner_Network,Affiliate,Performance CPA,26581,768,11998.25,65,28,95358.17
2025-02-13,CMP_1007,Affiliate_Partner_Network,Affiliate,Performance CPA,41103,1141,16853.63,87,42,151129.04
2025-02-14,CMP_1007,Affiliate_Partner_Network,Affiliate,Performance CPA,24244,800,12957.18,64,29,94027.99
2025-02-15,CMP_1007,Affiliate_Partner_Network,Affiliate,Performance CPA,41021,1127,16986.28,87,43,115717.68
2025-02-16,CMP_1007,Affiliate_Partner_Network,Affiliate,Performance CPA,31421,902,13464.77,81,30,102024.02
2025-02-17,CMP_1007,Affiliate_Partner_Network,Affiliate,Performance CPA,20288,655,10296.49,55,23,83673.64
2025-02-18,CMP_1007,Affiliate_Partner_Network,Affiliate,Performance CPA,34155,1182,18631.69,104,49,158296.24
2025-02-19,CMP_1007,Affiliate_Partner_Network,Affiliate,Performance CPA,26473,871,13884.26,78,36,107937.06
2025-02-20,CMP_1007,Affiliate_Partner_Network,Affiliate,Performance CPA,25787,738,11909.52,59,30,83394.45
2025-02-21,CMP_1007,Affiliate_Partner_Network,Affiliate,Performance CPA,31175,988,16158.03,76,36,118443.22
2025-02-22,CMP_1007,Affiliate_Partner_Network,Affiliate,Performance CPA,34663,1001,17227.07,78,37,130101.79
2025-02-23,CMP_1007,Affiliate_Partner_Network,Affiliate,Performance CPA,31865,874,13498.79,73,36,110877.22
2025-02-24,CMP_1007,Affiliate_Partner_Network,Affiliate,Performance CPA,28868,942,15541.73,79,39,134322.73
2025-02-25,CMP_1007,Affiliate_Partner_Network,Affiliate,Performance CPA,24843,807,13737.41,70,29,86201.28
2025-02-26,CMP_1007,Affiliate_Partner_Network,Affiliate,Performance CPA,24506,714,11545.63,63,25,90406.07
2025-02-27,CMP_1007,Affiliate_Partner_Network,Affiliate,Performance CPA,37320,1070,17416.49,90,38,113883.11
2025-02-28,CMP_1007,Affiliate_Partner_Network,Affiliate,Performance CPA,25513,702,12117.2,60,25,84792.91
2025-03-01,CMP_1007,Affiliate_Partner_Network,Affiliate,Performance CPA,29232,944,14759.84,82,37,101398.11
2025-03-02,CMP_1007,Affiliate_Partner_Network,Affiliate,Performance CPA,24303,738,10929.2,60,27,93520.03
2025-03-03,CMP_1007,Affiliate_Partner_Network,Affiliate,Performance CPA,37399,1108,17188.17,84,43,141728.82
2025-03-04,CMP_1007,Affiliate_Partner_Network,Affiliate,Performance CPA,37600,1157,18637.52,96,45,153397.94
2025-03-05,CMP_1007,Affiliate_Partner_Network,Affiliate,Performance CPA,24181,685,10596.83,53,26,95404.32
2025-03-06,CMP_1007,Affiliate_Partner_Network,Affiliate,Performance CPA,17655,591,9849.65,53,22,80399.7
2025-03-07,CMP_1007,Affiliate_Partner_Network,Affiliate,Performance CPA,31020,871,12863.4,66,34,91329.72
2025-03-08,CMP_1007,Affiliate_Partner_Network,Affiliate,Performance CPA,6843,231,3585.47,18,8,28388.69
2025-03-09,CMP_1007,Affiliate_Partner_Network,Affiliate,Performance CPA,28928,934,13826.22,83,38,139596.31
2025-03-10,CMP_1007,Affiliate_Partner_Network,Affiliate,Performance CPA,38769,1132,16888.95,86,41,150561.4
2025-03-11,CMP_1007,Affiliate_Partner_Network,Affiliate,Performance CPA,16179,509,7958.25,41,19,71967.37
2025-03-12,CMP_1007,Affiliate_Partner_Network,Affiliate,Performance CPA,39192,1087,17173.92,90,43,117040.57
2025-03-13,CMP_1007,Affiliate_Partner_Network,Affiliate,Performance CPA,21039,598,8918.58,52,23,75729.38
2025-03-14,CMP_1007,Affiliate_Partner_Network,Affiliate,Performance CPA,31451,1048,17484.34,93,40,126464.4
2025-03-15,CMP_1007,Affiliate_Partner_Network,Affiliate,Performance CPA,26105,892,15114.9,67,30,113235.05
2025-03-16,CMP_1007,Affiliate_Partner_Network,Affiliate,Performance CPA,39835,1122,17646.58,85,39,113367.9
2025-03-17,CMP_1007,Affiliate_Partner_Network,Affiliate,Performance CPA,24369,792,12659.17,72,29,93822.49
2025-03-18,CMP_1007,Affiliate_Partner_Network,Affiliate,Performance CPA,53537,1464,23501.86,110,51,138990.57
2025-03-19,CMP_1007,Affiliate_Partner_Network,Affiliate,Performance CPA,40444,1165,19256.58,105,48,182183.69
2025-03-20,CMP_1007,Affiliate_Partner_Network,Affiliate,Performance CPA,29840,853,13670.05,75,34,123861.24
2025-03-21,CMP_1007,Affiliate_Partner_Network,Affiliate,Performance CPA,28064,924,14635.11,71,31,109211.8
2025-03-22,CMP_1007,Affiliate_Partner_Network,Affiliate,Performance CPA,34785,1186,19940.54,95,49,136545.38
2025-03-23,CMP_1007,Affiliate_Partner_Network,Affiliate,Performance CPA,33189,1012,15122.18,90,38,137409.78
2025-03-24,CMP_1007,Affiliate_Partner_Network,Affiliate,Performance CPA,23077,640,10991.89,57,23,73903.17
2025-03-25,CMP_1007,Affiliate_Partner_Network,Affiliate,Performance CPA,36276,1036,16377.81,84,36,102620.05
2025-03-26,CMP_1007,Affiliate_Partner_Network,Affiliate,Performance CPA,26179,825,13832.05,74,32,110232.07
2025-03-27,CMP_1007,Affiliate_Partner_Network,Affiliate,Performance CPA,18286,560,9214.36,48,19,69415.71
2025-03-28,CMP_1007,Affiliate_Partner_Network,Affiliate,Performance CPA,25133,688,11485.31,54,23,81787.95
2025-03-29,CMP_1007,Affiliate_Partner_Network,Affiliate,Performance CPA,32669,1089,18142.13,82,41,142012.5
2025-03-30,CMP_1007,Affiliate_Partner_Network,Affiliate,Performance CPA,39470,1130,16891.55,94,44,122299.93
2025-03-31,CMP_1007,Affiliate_Partner_Network,Affiliate,Performance CPA,24131,695,10568.64,55,24,74031.9
2025-04-01,CMP_1007,Affiliate_Partner_Network,Affiliate,Performance CPA,20624,673,11251.39,52,23,84538.81
2025-04-02,CMP_1007,Affiliate_Partner_Network,Affiliate,Performance CPA,49148,1395,20821.37,105,54,178946.36
2025-04-03,CMP_1007,Affiliate_Partner_Network,Affiliate,Performance CPA,17702,503,7800.02,39,17,46591.5
2025-04-04,CMP_1007,Affiliate_Partner_Network,Affiliate,Performance CPA,21379,632,9695.41,57,24,91435.61
2025-04-05,CMP_1007,Affiliate_Partner_Network,Affiliate,Performance CPA,28875,827,12870.08,64,34,129501.11
2025-04-06,CMP_1007,Affiliate_Partner_Network,Affiliate,Performance CPA,18451,524,7785.58,43,18,54835.01
2025-04-07,CMP_1007,Affiliate_Partner_Network,Affiliate,Performance CPA,29399,879,13559.63,67,32,121744.23
2025-04-08,CMP_1007,Affiliate_Partner_Network,Affiliate,Performance CPA,19467,658,10244.18,58,27,96338.54
2025-04-09,CMP_1007,Affiliate_Partner_Network,Affiliate,Performance CPA,37463,1151,17173.74,105,46,173814.69
2025-04-10,CMP_1007,Affiliate_Partner_Network,Affiliate,Performance CPA,27286,922,15420.48,80,36,116689.32
2025-04-11,CMP_1007,Affiliate_Partner_Network,Affiliate,Performance CPA,36558,1007,15608.73,91,38,112705.23
2025-04-12,CMP_1007,Affiliate_Partner_Network,Affiliate,Performance CPA,36799,1231,18597.63,109,49,166138.48
2025-04-13,CMP_1007,Affiliate_Partner_Network,Affiliate,Performance CPA,21085,706,10412.6,54,27,86885.67
2025-04-14,CMP_1007,Affiliate_Partner_Network,Affiliate,Performance CPA,19283,659,10589.42,49,26,69282.52
2025-04-15,CMP_1007,Affiliate_Partner_Network,Affiliate,Performance CPA,27811,922,13725.84,77,31,82167.76
2025-04-16,CMP_1007,Affiliate_Partner_Network,Affiliate,Performance CPA,22477,748,12195.86,61,28,100239.76
2025-04-17,CMP_1007,Affiliate_Partner_Network,Affiliate,Performance CPA,17869,571,9305.59,49,22,83321.75
2025-04-18,CMP_1007,Affiliate_Partner_Network,Affiliate,Performance CPA,30358,1043,15884.76,87,40,108909.64
2025-04-19,CMP_1007,Affiliate_Partner_Network,Affiliate,Performance CPA,43983,1213,20053.37,102,42,160436.99
2025-04-20,CMP_1007,Affiliate_Partner_Network,Affiliate,Performance CPA,28538,783,13337.02,70,32,97079.78
2025-04-21,CMP_1007,Affiliate_Partner_Network,Affiliate,Performance CPA,25392,757,12413.59,61,28,77816.9
2025-04-22,CMP_1007,Affiliate_Partner_Network,Affiliate,Performance CPA,39733,1187,20014.54,97,48,154025.64
2025-04-23,CMP_1007,Affiliate_Partner_Network,Affiliate,Performance CPA,33075,944,16047.34,78,39,119214.28
2025-04-24,CMP_1007,Affiliate_Partner_Network,Affiliate,Performance CPA,31533,906,14198.47,69,36,127566.62
2025-04-25,CMP_1007,Affiliate_Partner_Network,Affiliate,Performance CPA,34385,993,16117.97,89,41,110990.88
2025-04-26,CMP_1007,Affiliate_Partner_Network,Affiliate,Performance CPA,28192,851,14419.01,71,35,132734.56
2025-04-27,CMP_1007,Affiliate_Partner_Network,Affiliate,Performance CPA,26573,836,12479.82,63,31,83415.48
2025-04-28,CMP_1007,Affiliate_Partner_Network,Affiliate,Performance CPA,26616,734,11581.31,65,26,78074.1
2025-04-29,CMP_1007,Affiliate_Partner_Network,Affiliate,Performance CPA,36059,1003,15330.24,87,37,130931.23
2025-04-30,CMP_1007,Affiliate_Partner_Network,Affiliate,Performance CPA,33764,1008,15998.86,83,40,148212.71
2025-05-01,CMP_1007,Affiliate_Partner_Network,Affiliate,Performance CPA,35592,1095,16220.38,98,40,149692.77
2025-05-02,CMP_1007,Affiliate_Partner_Network,Affiliate,Performance CPA,24773,848,13852.19,74,29,83633.95
2025-05-03,CMP_1007,Affiliate_Partner_Network,Affiliate,Performance CPA,24490,754,12062.81,68,28,99753.0
2025-05-04,CMP_1007,Affiliate_Partner_Network,Affiliate,Performance CPA,25558,864,14804.87,68,32,96852.27
2025-05-05,CMP_1007,Affiliate_Partner_Network,Affiliate,Performance CPA,19808,607,10221.74,50,25,66860.37
2025-05-06,CMP_1007,Affiliate_Partner_Network,Affiliate,Performance CPA,22488,743,11870.94,57,28,81034.94
2025-05-07,CMP_1007,Affiliate_Partner_Network,Affiliate,Performance CPA,29845,947,14740.23,74,34,105772.55
2025-05-08,CMP_1007,Affiliate_Partner_Network,Affiliate,Performance CPA,38960,1215,18989.45,103,46,156478.29
2025-05-09,CMP_1007,Affiliate_Partner_Network,Affiliate,Performance CPA,24100,810,13503.55,64,30,96337.46
2025-05-10,CMP_1007,Affiliate_Partner_Network,Affiliate,Performance CPA,28490,917,14763.8,69,36,96366.69
2025-05-11,CMP_1007,Affiliate_Partner_Network,Affiliate,Performance CPA,45686,1297,20604.32,118,53,187889.66
2025-05-12,CMP_1007,Affiliate_Partner_Network,Affiliate,Performance CPA,34662,993,15664.08,90,37,134838.47
2025-05-13,CMP_1007,Affiliate_Partner_Network,Affiliate,Performance CPA,21628,674,11624.42,52,24,76581.6
2025-05-14,CMP_1007,Affiliate_Partner_Network,Affiliate,Performance CPA,25910,796,11809.38,65,31,94098.92
2025-05-15,CMP_1007,Affiliate_Partner_Network,Affiliate,Performance CPA,23009,798,13251.65,70,30,95829.7
2025-05-16,CMP_1007,Affiliate_Partner_Network,Affiliate,Performance CPA,28968,992,16731.64,91,36,137299.79
2025-05-17,CMP_1007,Affiliate_Partner_Network,Affiliate,Performance CPA,32933,965,14435.8,84,39,138620.22
2025-05-18,CMP_1007,Affiliate_Partner_Network,Affiliate,Performance CPA,27102,843,13776.58,73,31,112553.6
2025-05-19,CMP_1007,Affiliate_Partner_Network,Affiliate,Performance CPA,37146,1258,20247.52,99,46,163430.39
2025-05-20,CMP_1007,Affiliate_Partner_Network,Affiliate,Performance CPA,36553,1239,19815.28,100,45,165996.57
2025-05-21,CMP_1007,Affiliate_Partner_Network,Affiliate,Performance CPA,45298,1329,20707.21,114,46,169152.57
2025-05-22,CMP_1007,Affiliate_Partner_Network,Affiliate,Performance CPA,12334,354,5919.69,30,13,36749.32
2025-05-23,CMP_1007,Affiliate_Partner_Network,Affiliate,Performance CPA,26254,841,13894.19,70,33,116447.62
2025-05-24,CMP_1007,Affiliate_Partner_Network,Affiliate,Performance CPA,19616,650,10603.34,52,26,87194.9
2025-05-25,CMP_1007,Affiliate_Partner_Network,Affiliate,Performance CPA,34998,1096,16751.33,89,43,136884.98
2025-05-26,CMP_1007,Affiliate_Partner_Network,Affiliate,Performance CPA,37834,1223,20636.9,106,43,163646.03
2025-05-27,CMP_1007,Affiliate_Partner_Network,Affiliate,Performance CPA,36174,1131,17605.5,87,43,119521.44
2025-05-28,CMP_1007,Affiliate_Partner_Network,Affiliate,Performance CPA,34510,1108,17879.87,90,42,154257.59
2025-05-29,CMP_1007,Affiliate_Partner_Network,Affiliate,Performance CPA,40068,1104,16746.69,86,44,136262.47
2025-05-30,CMP_1007,Affiliate_Partner_Network,Affiliate,Performance CPA,28796,898,15232.29,67,35,95757.38
2025-05-31,CMP_1007,Affiliate_Partner_Network,Affiliate,Performance CPA,27653,911,14219.23,83,33,119334.13
2025-06-01,CMP_1007,Affiliate_Partner_Network,Affiliate,Performance CPA,33648,1120,17039.83,96,39,115879.33
2025-06-02,CMP_1007,Affiliate_Partner_Network,Affiliate,Performance CPA,26409,847,12923.48,77,29,94629.49
2025-06-03,CMP_1007,Affiliate_Partner_Network,Affiliate,Performance CPA,19218,655,10612.87,54,25,79457.58
2025-06-04,CMP_1007,Affiliate_Partner_Network,Affiliate,Performance CPA,24994,739,11934.25,62,26,97306.02
2025-06-05,CMP_1007,Affiliate_Partner_Network,Affiliate,Performance CPA,27811,798,13578.26,64,31,84261.72
2025-06-06,CMP_1007,Affiliate_Partner_Network,Affiliate,Performance CPA,16566,557,9514.78,47,21,78544.38
2025-06-07,CMP_1007,Affiliate_Partner_Network,Affiliate,Performance CPA,21657,747,12779.16,57,26,89162.47
2025-06-08,CMP_1007,Affiliate_Partner_Network,Affiliate,Performance CPA,27975,948,14115.1,85,34,125515.96
2025-06-09,CMP_1007,Affiliate_Partner_Network,Affiliate,Performance CPA,26084,868,14110.56,71,30,93956.46
2025-06-10,CMP_1007,Affiliate_Partner_Network,Affiliate,Performance CPA,41608,1442,21620.62,114,51,165536.15
2025-06-11,CMP_1007,Affiliate_Partner_Network,Affiliate,Performance CPA,15448,472,7612.58,41,17,56903.54
2025-06-12,CMP_1007,Affiliate_Partner_Network,Affiliate,Performance CPA,38917,1179,17420.42,106,43,135986.82
2025-06-13,CMP_1007,Affiliate_Partner_Network,Affiliate,Performance CPA,29482,848,14628.93,64,34,124576.05
2025-06-14,CMP_1007,Affiliate_Partner_Network,Affiliate,Performance CPA,37406,1226,20683.33,97,42,133902.43
2025-06-15,CMP_1007,Affiliate_Partner_Network,Affiliate,Performance CPA,8719,296,5016.36,27,12,39731.68
2025-06-16,CMP_1007,Affiliate_Partner_Network,Affiliate,Performance CPA,36952,1156,19219.08,88,47,148456.9
2025-06-17,CMP_1007,Affiliate_Partner_Network,Affiliate,Performance CPA,25872,827,12948.12,71,29,105136.98
2025-06-18,CMP_1007,Affiliate_Partner_Network,Affiliate,Performance CPA,21152,692,10913.64,63,27,101303.63
2025-06-19,CMP_1007,Affiliate_Partner_Network,Affiliate,Performance CPA,28443,791,11930.75,66,28,101207.1
2025-06-20,CMP_1007,Affiliate_Partner_Network,Affiliate,Performance CPA,29353,853,13658.42,72,32,100729.19
2025-06-21,CMP_1007,Affiliate_Partner_Network,Affiliate,Performance CPA,22148,607,9508.16,50,22,57257.54
2025-06-22,CMP_1007,Affiliate_Partner_Network,Affiliate,Performance CPA,25936,733,11535.49,61,28,94425.72
2025-06-23,CMP_1007,Affiliate_Partner_Network,Affiliate,Performance CPA,20689,634,10647.25,53,25,78112.66
2025-06-24,CMP_1007,Affiliate_Partner_Network,Affiliate,Performance CPA,23044,759,11998.92,59,27,77635.45
2025-06-25,CMP_1007,Affiliate_Partner_Network,Affiliate,Performance CPA,44457,1289,20168.66,109,51,181754.53
2025-06-26,CMP_1007,Affiliate_Partner_Network,Affiliate,Performance CPA,14827,485,8185.78,42,17,53961.89
2025-06-27,CMP_1007,Affiliate_Partner_Network,Affiliate,Performance CPA,36964,1147,19424.37,99,44,159809.97
2025-06-28,CMP_1007,Affiliate_Partner_Network,Affiliate,Performance CPA,35785,1160,17449.33,101,40,137126.73
2025-06-29,CMP_1007,Affiliate_Partner_Network,Affiliate,Performance CPA,21451,605,9550.34,49,21,65302.54
2025-06-30,CMP_1007,Affiliate_Partner_Network,Affiliate,Performance CPA,35790,1138,19018.6,86,46,158283.68
2025-07-01,CMP_1007,Affiliate_Partner_Network,Affiliate,Performance CPA,23402,781,11565.12,61,30,95164.81
2025-07-02,CMP_1007,Affiliate_Partner_Network,Affiliate,Performance CPA,39151,1090,17277.33,99,44,151304.81
2025-07-03,CMP_1007,Affiliate_Partner_Network,Affiliate,Performance CPA,29923,837,13325.88,74,29,77864.06
2025-07-04,CMP_1007,Affiliate_Partner_Network,Affiliate,Performance CPA,21624,658,9710.63,51,23,61988.19
2025-07-05,CMP_1007,Affiliate_Partner_Network,Affiliate,Performance CPA,31929,1041,15871.8,92,39,125619.85
2025-07-06,CMP_1007,Affiliate_Partner_Network,Affiliate,Performance CPA,31150,990,16449.28,80,34,120926.66
2025-07-07,CMP_1007,Affiliate_Partner_Network,Affiliate,Performance CPA,15996,524,8205.26,43,20,74230.45
2025-07-08,CMP_1007,Affiliate_Partner_Network,Affiliate,Performance CPA,30352,888,14238.72,80,33,90986.67
2025-07-09,CMP_1007,Affiliate_Partner_Network,Affiliate,Performance CPA,37732,1065,16862.97,89,40,120576.52
2025-07-10,CMP_1007,Affiliate_Partner_Network,Affiliate,Performance CPA,31055,1023,16026.72,85,36,99118.59
2025-07-11,CMP_1007,Affiliate_Partner_Network,Affiliate,Performance CPA,35402,1002,15634.82,92,34,106792.63
2025-07-12,CMP_1007,Affiliate_Partner_Network,Affiliate,Performance CPA,19509,554,8973.98,48,20,66496.07
2025-07-13,CMP_1007,Affiliate_Partner_Network,Affiliate,Performance CPA,24694,837,13855.88,74,32,98444.58
2025-07-14,CMP_1007,Affiliate_Partner_Network,Affiliate,Performance CPA,40995,1150,19515.02,93,46,143949.72
2025-07-15,CMP_1007,Affiliate_Partner_Network,Affiliate,Performance CPA,29762,903,14065.77,77,37,118563.64
2025-07-16,CMP_1007,Affiliate_Partner_Network,Affiliate,Performance CPA,26178,823,12204.59,69,29,100110.41
2025-07-17,CMP_1007,Affiliate_Partner_Network,Affiliate,Performance CPA,25643,749,12447.67,60,31,94832.09
2025-07-18,CMP_1007,Affiliate_Partner_Network,Affiliate,Performance CPA,23514,776,13005.34,67,31,116268.71
2025-07-19,CMP_1007,Affiliate_Partner_Network,Affiliate,Performance CPA,44342,1288,20887.27,105,51,173281.75
2025-07-20,CMP_1007,Affiliate_Partner_Network,Affiliate,Performance CPA,21835,717,11486.19,60,24,67875.61
2025-07-21,CMP_1007,Affiliate_Partner_Network,Affiliate,Performance CPA,37810,1104,16876.73,93,41,116836.38
2025-07-22,CMP_1007,Affiliate_Partner_Network,Affiliate,Performance CPA,24438,821,13921.92,68,32,90781.71
2025-07-23,CMP_1007,Affiliate_Partner_Network,Affiliate,Performance CPA,31460,922,15202.44,82,32,113514.3
2025-07-24,CMP_1007,Affiliate_Partner_Network,Affiliate,Performance CPA,36760,1103,17615.41,94,45,119318.14
2025-07-25,CMP_1007,Affiliate_Partner_Network,Affiliate,Performance CPA,17320,551,9415.08,48,20,63570.72
2025-07-26,CMP_1007,Affiliate_Partner_Network,Affiliate,Performance CPA,32992,905,14569.41,70,35,121750.29
2025-07-27,CMP_1007,Affiliate_Partner_Network,Affiliate,Performance CPA,41310,1171,18997.86,96,43,137930.65
2025-07-28,CMP_1007,Affiliate_Partner_Network,Affiliate,Performance CPA,29967,1016,15179.16,84,40,110896.32
2025-07-29,CMP_1007,Affiliate_Partner_Network,Affiliate,Performance CPA,32646,948,15582.96,78,32,89170.29
2025-07-30,CMP_1007,Affiliate_Partner_Network,Affiliate,Performance CPA,27414,889,13318.24,67,34,94289.7
2025-07-31,CMP_1007,Affiliate_Partner_Network,Affiliate,Performance CPA,22032,754,12931.42,59,29,76423.08
2025-08-01,CMP_1007,Affiliate_Partner_Network,Affiliate,Performance CPA,31949,953,14141.83,72,35,119734.64
2025-08-02,CMP_1007,Affiliate_Partner_Network,Affiliate,Performance CPA,37630,1134,18064.11,87,40,108943.02
2025-08-03,CMP_1007,Affiliate_Partner_Network,Affiliate,Performance CPA,29366,876,14240.66,69,34,107452.61
2025-08-04,CMP_1007,Affiliate_Partner_Network,Affiliate,Performance CPA,30008,951,14977.34,79,34,111699.89
2025-08-05,CMP_1007,Affiliate_Partner_Network,Affiliate,Performance CPA,24228,762,11586.21,68,31,83284.96
2025-08-06,CMP_1007,Affiliate_Partner_Network,Affiliate,Performance CPA,27642,874,13813.76,67,34,119406.09
2025-08-07,CMP_1007,Affiliate_Partner_Network,Affiliate,Performance CPA,28702,974,16010.35,74,37,122007.98
2025-08-08,CMP_1007,Affiliate_Partner_Network,Affiliate,Performance CPA,26591,827,12259.21,70,29,85131.11
2025-08-09,CMP_1007,Affiliate_Partner_Network,Affiliate,Performance CPA,27089,808,13678.82,64,33,122635.6
2025-08-10,CMP_1007,Affiliate_Partner_Network,Affiliate,Performance CPA,47131,1556,23020.53,119,53,155608.18
2025-08-11,CMP_1007,Affiliate_Partner_Network,Affiliate,Performance CPA,29320,1014,16771.11,88,37,127890.04
2025-08-12,CMP_1007,Affiliate_Partner_Network,Affiliate,Performance CPA,21312,694,11998.34,61,28,76723.06
2025-08-13,CMP_1007,Affiliate_Partner_Network,Affiliate,Performance CPA,33830,976,16755.47,81,38,110348.22
2025-08-14,CMP_1007,Affiliate_Partner_Network,Affiliate,Performance CPA,32880,960,15608.51,77,36,116954.23
2025-08-15,CMP_1007,Affiliate_Partner_Network,Affiliate,Performance CPA,28563,813,12591.91,61,29,96085.67
2025-08-16,CMP_1007,Affiliate_Partner_Network,Affiliate,Performance CPA,10301,294,4922.03,22,11,32719.65
2025-08-17,CMP_1007,Affiliate_Partner_Network,Affiliate,Performance CPA,33736,993,15462.41,83,34,93331.23
2025-08-18,CMP_1007,Affiliate_Partner_Network,Affiliate,Performance CPA,28174,931,14131.48,78,31,106186.91
2025-08-19,CMP_1007,Affiliate_Partner_Network,Affiliate,Performance CPA,32021,1005,15347.69,92,34,100249.51
2025-08-20,CMP_1007,Affiliate_Partner_Network,Affiliate,Performance CPA,10092,294,4523.52,23,11,40901.73
2025-08-21,CMP_1007,Affiliate_Partner_Network,Affiliate,Performance CPA,28848,899,14712.19,74,32,102354.58
2025-08-22,CMP_1007,Affiliate_Partner_Network,Affiliate,Performance CPA,17319,575,9062.19,50,20,54186.95
2025-08-23,CMP_1007,Affiliate_Partner_Network,Affiliate,Performance CPA,33414,926,15670.77,77,35,127907.48
2025-08-24,CMP_1007,Affiliate_Partner_Network,Affiliate,Performance CPA,42519,1236,18512.42,101,50,187509.66
2025-08-25,CMP_1007,Affiliate_Partner_Network,Affiliate,Performance CPA,21992,746,12578.47,58,29,107991.68
2025-08-26,CMP_1007,Affiliate_Partner_Network,Affiliate,Performance CPA,23921,671,10685.56,55,24,79393.28
2025-08-27,CMP_1007,Affiliate_Partner_Network,Affiliate,Performance CPA,23751,744,12852.72,61,30,83753.19
2025-08-28,CMP_1007,Affiliate_Partner_Network,Affiliate,Performance CPA,27364,911,13854.19,72,36,105600.85
2025-08-29,CMP_1007,Affiliate_Partner_Network,Affiliate,Performance CPA,28039,923,14066.5,79,38,135256.35
2025-08-30,CMP_1007,Affiliate_Partner_Network,Affiliate,Performance CPA,26900,894,13575.61,76,35,126689.14
2025-08-31,CMP_1007,Affiliate_Partner_Network,Affiliate,Performance CPA,23731,700,11453.43,54,27,77955.22
2025-09-01,CMP_1007,Affiliate_Partner_Network,Affiliate,Performance CPA,55416,1512,22570.05,129,55,193700.57
2025-09-02,CMP_1007,Affiliate_Partner_Network,Affiliate,Performance CPA,25840,830,13083.19,67,34,127392.69
2025-09-03,CMP_1007,Affiliate_Partner_Network,Affiliate,Performance CPA,10079,344,5823.76,28,13,45621.18
2025-09-04,CMP_1007,Affiliate_Partner_Network,Affiliate,Performance CPA,28353,984,16292.77,79,39,134741.3
2025-09-05,CMP_1007,Affiliate_Partner_Network,Affiliate,Performance CPA,30904,918,15151.12,81,37,106134.62
2025-09-06,CMP_1007,Affiliate_Partner_Network,Affiliate,Performance CPA,19907,614,10602.05,48,22,74828.56
2025-09-07,CMP_1007,Affiliate_Partner_Network,Affiliate,Performance CPA,44254,1406,20982.22,127,57,152978.45
2025-09-08,CMP_1007,Affiliate_Partner_Network,Affiliate,Performance CPA,35464,1029,15213.53,90,39,138803.67
2025-09-09,CMP_1007,Affiliate_Partner_Network,Affiliate,Performance CPA,27841,770,12820.41,69,27,88515.51
2025-09-10,CMP_1007,Affiliate_Partner_Network,Affiliate,Performance CPA,19410,600,10343.67,45,24,79646.2
2025-09-11,CMP_1007,Affiliate_Partner_Network,Affiliate,Performance CPA,30268,944,15592.07,84,32,93743.84
2025-09-12,CMP_1007,Affiliate_Partner_Network,Affiliate,Performance CPA,22377,676,11174.75,53,23,80087.66
2025-09-13,CMP_1007,Affiliate_Partner_Network,Affiliate,Performance CPA,29815,901,15197.47,76,32,107602.24
2025-09-14,CMP_1007,Affiliate_Partner_Network,Affiliate,Performance CPA,27527,939,15374.61,76,37,123305.05
2025-09-15,CMP_1007,Affiliate_Partner_Network,Affiliate,Performance CPA,24963,755,12909.02,60,30,79838.25
2025-09-16,CMP_1007,Affiliate_Partner_Network,Affiliate,Performance CPA,30196,914,13475.43,71,35,120138.73
2025-09-17,CMP_1007,Affiliate_Partner_Network,Affiliate,Performance CPA,40606,1120,17893.02,96,45,156720.46
2025-09-18,CMP_1007,Affiliate_Partner_Network,Affiliate,Performance CPA,24564,729,12403.41,55,29,108859.89
2025-09-19,CMP_1007,Affiliate_Partner_Network,Affiliate,Performance CPA,33135,961,15759.01,76,36,133198.03
2025-09-20,CMP_1007,Affiliate_Partner_Network,Affiliate,Performance CPA,31835,1060,16397.62,96,39,118865.06
2025-09-21,CMP_1007,Affiliate_Partner_Network,Affiliate,Performance CPA,27354,854,14327.62,74,33,92008.49
2025-09-22,CMP_1007,Affiliate_Partner_Network,Affiliate,Performance CPA,25390,740,12659.5,64,26,77739.2
2025-09-23,CMP_1007,Affiliate_Partner_Network,Affiliate,Performance CPA,30446,1000,15519.24,84,40,119088.97
2025-09-24,CMP_1007,Affiliate_Partner_Network,Affiliate,Performance CPA,38829,1175,17756.69,97,43,128796.43
2025-09-25,CMP_1007,Affiliate_Partner_Network,Affiliate,Performance CPA,35380,1022,16851.4,89,42,138297.67
2025-09-26,CMP_1007,Affiliate_Partner_Network,Affiliate,Performance CPA,23466,690,11691.77,59,28,93237.07
2025-09-27,CMP_1007,Affiliate_Partner_Network,Affiliate,Performance CPA,31542,965,15996.7,73,38,100465.87
2025-09-28,CMP_1007,Affiliate_Partner_Network,Affiliate,Performance CPA,29726,943,15134.35,78,34,107902.56
2025-09-29,CMP_1007,Affiliate_Partner_Network,Affiliate,Performance CPA,30124,920,14281.12,74,35,101227.67
2025-09-30,CMP_1007,Affiliate_Partner_Network,Affiliate,Performance CPA,29841,920,14001.89,82,31,106416.0
2025-10-01,CMP_1007,Affiliate_Partner_Network,Affiliate,Performance CPA,43375,1238,19960.37,110,45,133227.62
2025-10-02,CMP_1007,Affiliate_Partner_Network,Affiliate,Performance CPA,37633,1203,20485.64,105,48,128064.06
2025-10-03,CMP_1007,Affiliate_Partner_Network,Affiliate,Performance CPA,42579,1356,22655.91,103,51,137798.36
2025-10-04,CMP_1007,Affiliate_Partner_Network,Affiliate,Performance CPA,40778,1168,20058.02,99,41,137457.24
2025-10-05,CMP_1007,Affiliate_Partner_Network,Affiliate,Performance CPA,45783,1495,24775.74,132,60,161734.84
2025-10-06,CMP_1007,Affiliate_Partner_Network,Affiliate,Performance CPA,51047,1465,23444.17,123,54,166233.97
2025-10-07,CMP_1007,Affiliate_Partner_Network,Affiliate,Performance CPA,29624,898,15093.83,67,31,113120.32
2025-10-08,CMP_1007,Affiliate_Partner_Network,Affiliate,Performance CPA,35577,1219,19082.07,105,49,173381.76
2025-10-09,CMP_1007,Affiliate_Partner_Network,Affiliate,Performance CPA,39946,1232,19345.11,96,44,156350.74
2025-10-10,CMP_1007,Affiliate_Partner_Network,Affiliate,Performance CPA,44944,1255,19983.44,95,46,145761.02
2025-10-11,CMP_1007,Affiliate_Partner_Network,Affiliate,Performance CPA,46728,1277,20801.69,117,47,171036.19
2025-10-12,CMP_1007,Affiliate_Partner_Network,Affiliate,Performance CPA,27640,900,15096.77,75,34,92074.55
2025-10-13,CMP_1007,Affiliate_Partner_Network,Affiliate,Performance CPA,34468,1174,19259.85,90,42,155627.85
2025-10-14,CMP_1007,Affiliate_Partner_Network,Affiliate,Performance CPA,43384,1376,22140.88,113,50,133020.25
2025-10-15,CMP_1007,Affiliate_Partner_Network,Affiliate,Performance CPA,26286,863,14359.92,74,33,95677.22
2025-10-16,CMP_1007,Affiliate_Partner_Network,Affiliate,Performance CPA,29048,806,12084.31,65,32,119216.57
2025-10-17,CMP_1007,Affiliate_Partner_Network,Affiliate,Performance CPA,32000,1092,18587.32,98,41,117652.15
2025-10-18,CMP_1007,Affiliate_Partner_Network,Affiliate,Performance CPA,37531,1089,16783.48,91,39,108797.79
2025-10-19,CMP_1007,Affiliate_Partner_Network,Affiliate,Performance CPA,39311,1328,21103.45,112,54,153400.37
2025-10-20,CMP_1007,Affiliate_Partner_Network,Affiliate,Performance CPA,38767,1248,19856.59,110,49,183962.06
2025-10-21,CMP_1007,Affiliate_Partner_Network,Affiliate,Performance CPA,32343,932,14684.85,78,32,94545.72
2025-10-22,CMP_1007,Affiliate_Partner_Network,Affiliate,Performance CPA,41828,1151,17283.89,99,44,152593.38
2025-10-23,CMP_1007,Affiliate_Partner_Network,Affiliate,Performance CPA,31034,873,14335.99,69,30,108983.95
2025-10-24,CMP_1007,Affiliate_Partner_Network,Affiliate,Performance CPA,30082,1037,16174.95,88,41,119919.24
2025-10-25,CMP_1007,Affiliate_Partner_Network,Affiliate,Performance CPA,41857,1386,21154.23,120,54,176980.94
2025-10-26,CMP_1007,Affiliate_Partner_Network,Affiliate,Performance CPA,53403,1597,24622.53,143,58,189641.61
2025-10-27,CMP_1007,Affiliate_Partner_Network,Affiliate,Performance CPA,35628,1237,20443.63,102,46,167087.1
2025-10-28,CMP_1007,Affiliate_Partner_Network,Affiliate,Performance CPA,44627,1325,21079.69,113,54,198868.15
2025-10-29,CMP_1007,Affiliate_Partner_Network,Affiliate,Performance CPA,47658,1452,21781.75,120,60,205852.17
2025-10-30,CMP_1007,Affiliate_Partner_Network,Affiliate,Performance CPA,38900,1089,17619.77,97,43,136080.52
2025-10-31,CMP_1007,Affiliate_Partner_Network,Affiliate,Performance CPA,34691,1178,18649.45,94,42,157524.26
2025-11-01,CMP_1007,Affiliate_Partner_Network,Affiliate,Performance CPA,47766,1354,20612.32,102,48,170333.24
2025-11-02,CMP_1007,Affiliate_Partner_Network,Affiliate,Performance CPA,40972,1340,20551.54,106,49,186415.14
2025-11-03,CMP_1007,Affiliate_Partner_Network,Affiliate,Performance CPA,38119,1071,16601.51,89,39,134610.13
2025-11-04,CMP_1007,Affiliate_Partner_Network,Affiliate,Performance CPA,26843,841,14155.6,63,32,85401.54
2025-11-05,CMP_1007,Affiliate_Partner_Network,Affiliate,Performance CPA,47788,1595,24290.38,144,64,190365.03
2025-11-06,CMP_1007,Affiliate_Partner_Network,Affiliate,Performance CPA,40309,1374,22289.75,110,55,143692.87
2025-11-07,CMP_1007,Affiliate_Partner_Network,Affiliate,Performance CPA,44606,1256,21491.47,99,51,143714.79
2025-11-08,CMP_1007,Affiliate_Partner_Network,Affiliate,Performance CPA,41310,1290,21244.6,98,46,148945.04
2025-11-09,CMP_1007,Affiliate_Partner_Network,Affiliate,Performance CPA,40554,1256,20493.01,100,44,136475.2
2025-11-10,CMP_1007,Affiliate_Partner_Network,Affiliate,Performance CPA,50606,1460,21604.55,120,54,143381.75
2025-11-11,CMP_1007,Affiliate_Partner_Network,Affiliate,Performance CPA,45309,1554,23200.0,119,63,163886.88
2025-11-12,CMP_1007,Affiliate_Partner_Network,Affiliate,Performance CPA,45648,1252,26607.85,110,46,161210.56
2025-11-13,CMP_1007,Affiliate_Partner_Network,Affiliate,Performance CPA,35454,986,16464.67,89,34,108381.6
2025-11-14,CMP_1007,Affiliate_Partner_Network,Affiliate,Performance CPA,36615,1106,18342.35,87,44,156682.98
2025-11-15,CMP_1007,Affiliate_Partner_Network,Affiliate,Performance CPA,37889,1136,18199.24,90,45,135753.02
2025-11-16,CMP_1007,Affiliate_Partner_Network,Affiliate,Performance CPA,44446,1346,21291.95,117,55,187941.02
2025-11-17,CMP_1007,Affiliate_Partner_Network,Affiliate,Performance CPA,53297,1478,24192.24,113,50,158007.16
2025-11-18,CMP_1007,Affiliate_Partner_Network,Affiliate,Performance CPA,36812,1090,18361.36,89,44,159516.27
2025-11-19,CMP_1007,Affiliate_Partner_Network,Affiliate,Performance CPA,35511,973,14625.46,74,35,114673.69
2025-11-20,CMP_1007,Affiliate_Partner_Network,Affiliate,Performance CPA,52061,1473,21925.37,115,57,191219.42
2025-11-21,CMP_1007,Affiliate_Partner_Network,Affiliate,Performance CPA,30214,846,13264.92,66,34,129204.85
2025-11-22,CMP_1007,Affiliate_Partner_Network,Affiliate,Performance CPA,35863,1223,20046.57,105,42,160483.57
2025-11-23,CMP_1007,Affiliate_Partner_Network,Affiliate,Performance CPA,42919,1296,19931.02,111,48,139568.08
2025-11-24,CMP_1007,Affiliate_Partner_Network,Affiliate,Performance CPA,35813,1068,16636.07,97,43,135977.34
2025-11-25,CMP_1007,Affiliate_Partner_Network,Affiliate,Performance CPA,47701,1376,20821.94,111,56,154689.19
2025-11-26,CMP_1007,Affiliate_Partner_Network,Affiliate,Performance CPA,36601,1133,17045.02,90,43,135613.54
2025-11-27,CMP_1007,Affiliate_Partner_Network,Affiliate,Performance CPA,30818,1029,15520.16,92,37,101375.4
2025-11-28,CMP_1007,Affiliate_Partner_Network,Affiliate,Performance CPA,38798,1234,18333.47,107,45,154481.55
2025-11-29,CMP_1007,Affiliate_Partner_Network,Affiliate,Performance CPA,46811,1344,20010.77,102,54,192840.84
2025-11-30,CMP_1007,Affiliate_Partner_Network,Affiliate,Performance CPA,43006,1200,19443.36,95,43,141356.04
2025-12-01,CMP_1007,Affiliate_Partner_Network,Affiliate,Performance CPA,31180,920,15271.02,76,32,114666.21
2025-12-02,CMP_1007,Affiliate_Partner_Network,Affiliate,Performance CPA,28421,966,15630.31,80,39,144013.22
2025-12-03,CMP_1007,Affiliate_Partner_Network,Affiliate,Performance CPA,39766,1193,18552.08,90,46,160293.21
2025-12-04,CMP_1007,Affiliate_Partner_Network,Affiliate,Performance CPA,34830,989,16532.1,81,35,119400.54
2025-12-05,CMP_1007,Affiliate_Partner_Network,Affiliate,Performance CPA,25903,795,13445.38,60,30,81134.43
2025-12-06,CMP_1007,Affiliate_Partner_Network,Affiliate,Performance CPA,23187,734,12672.04,58,28,75462.39
2025-12-07,CMP_1007,Affiliate_Partner_Network,Affiliate,Performance CPA,34675,955,14860.23,82,36,113876.64
2025-12-08,CMP_1007,Affiliate_Partner_Network,Affiliate,Performance CPA,39118,1116,19033.62,84,38,109227.45
2025-12-09,CMP_1007,Affiliate_Partner_Network,Affiliate,Performance CPA,36229,1037,16111.19,91,37,127377.26
2025-12-10,CMP_1007,Affiliate_Partner_Network,Affiliate,Performance CPA,29368,913,14262.99,82,31,99613.04
2025-12-11,CMP_1007,Affiliate_Partner_Network,Affiliate,Performance CPA,36509,1104,17045.3,95,45,119306.94
2025-12-12,CMP_1007,Affiliate_Partner_Network,Affiliate,Performance CPA,44951,1335,19908.32,105,48,137848.05
2025-12-13,CMP_1007,Affiliate_Partner_Network,Affiliate,Performance CPA,30825,874,14967.11,68,31,116033.32
2025-12-14,CMP_1007,Affiliate_Partner_Network,Affiliate,Performance CPA,27446,910,15167.08,70,36,111622.62
2025-12-15,CMP_1007,Affiliate_Partner_Network,Affiliate,Performance CPA,32110,1062,17878.31,95,43,124375.84
2025-12-16,CMP_1007,Affiliate_Partner_Network,Affiliate,Performance CPA,24316,666,10532.04,59,23,84075.24
2025-12-17,CMP_1007,Affiliate_Partner_Network,Affiliate,Performance CPA,27631,821,12174.24,73,28,86753.66
2025-12-18,CMP_1007,Affiliate_Partner_Network,Affiliate,Performance CPA,24767,744,11020.73,58,26,95554.69
2025-12-19,CMP_1007,Affiliate_Partner_Network,Affiliate,Performance CPA,22267,631,10248.1,50,24,69401.48
2025-12-20,CMP_1007,Affiliate_Partner_Network,Affiliate,Performance CPA,28348,877,14445.58,77,36,98738.83
2025-12-21,CMP_1007,Affiliate_Partner_Network,Affiliate,Performance CPA,23297,776,11737.62,68,29,94517.71
2025-12-22,CMP_1007,Affiliate_Partner_Network,Affiliate,Performance CPA,25881,813,12103.05,71,31,90697.78
2025-12-23,CMP_1007,Affiliate_Partner_Network,Affiliate,Performance CPA,24136,746,12029.49,60,29,106803.07
2025-12-24,CMP_1007,Affiliate_Partner_Network,Affiliate,Performance CPA,41664,1426,21023.83,119,56,204303.93
2025-12-25,CMP_1007,Affiliate_Partner_Network,Affiliate,Performance CPA,47392,1349,20482.56,116,55,203133.13
2025-12-26,CMP_1007,Affiliate_Partner_Network,Affiliate,Performance CPA,30683,957,15669.61,77,39,116699.99
2025-12-27,CMP_1007,Affiliate_Partner_Network,Affiliate,Performance CPA,34296,1036,16864.99,94,39,146205.23
2025-12-28,CMP_1007,Affiliate_Partner_Network,Affiliate,Performance CPA,47177,1488,21940.83,129,59,218812.81
2025-12-29,CMP_1007,Affiliate_Partner_Network,Affiliate,Performance CPA,28895,836,14407.83,69,28,90719.64
2025-12-30,CMP_1007,Affiliate_Partner_Network,Affiliate,Performance CPA,36903,1019,16000.29,82,37,141068.56
2025-12-31,CMP_1007,Affiliate_Partner_Network,Affiliate,Performance CPA,29482,978,16869.15,89,40,128007.86
2025-01-01,CMP_1008,Email_CRM_Automation,CRM,Retention & Re-engagement,11003,1197,1853.15,195,95,339839.32
2025-01-02,CMP_1008,Email_CRM_Automation,CRM,Retention & Re-engagement,20310,2657,3828.73,434,187,760522.57
2025-01-03,CMP_1008,Email_CRM_Automation,CRM,Retention & Re-engagement,19558,2488,3683.55,414,182,726440.61
2025-01-04,CMP_1008,Email_CRM_Automation,CRM,Retention & Re-engagement,10084,1325,1863.9,198,106,358232.05
2025-01-05,CMP_1008,Email_CRM_Automation,CRM,Retention & Re-engagement,21746,2874,4408.46,441,218,856659.06
2025-01-06,CMP_1008,Email_CRM_Automation,CRM,Retention & Re-engagement,16041,2044,3128.55,360,161,542802.92
2025-01-07,CMP_1008,Email_CRM_Automation,CRM,Retention & Re-engagement,22436,2650,4291.83,395,193,591310.47
2025-01-08,CMP_1008,Email_CRM_Automation,CRM,Retention & Re-engagement,15490,1943,2706.69,293,137,413239.07
2025-01-09,CMP_1008,Email_CRM_Automation,CRM,Retention & Re-engagement,15753,1785,2491.76,298,146,595790.53
2025-01-10,CMP_1008,Email_CRM_Automation,CRM,Retention & Re-engagement,18692,2015,2909.32,350,138,503300.64
2025-01-11,CMP_1008,Email_CRM_Automation,CRM,Retention & Re-engagement,21001,2365,3405.24,428,186,749252.18
2025-01-12,CMP_1008,Email_CRM_Automation,CRM,Retention & Re-engagement,20255,2691,4130.98,424,205,784858.62
2025-01-13,CMP_1008,Email_CRM_Automation,CRM,Retention & Re-engagement,16374,2144,3161.22,387,160,547403.41
2025-01-14,CMP_1008,Email_CRM_Automation,CRM,Retention & Re-engagement,23996,2565,3937.82,426,173,683143.8
2025-01-15,CMP_1008,Email_CRM_Automation,CRM,Retention & Re-engagement,16821,2005,2925.39,350,136,422363.84
2025-01-16,CMP_1008,Email_CRM_Automation,CRM,Retention & Re-engagement,9631,1294,1890.81,227,104,433097.01
2025-01-17,CMP_1008,Email_CRM_Automation,CRM,Retention & Re-engagement,15461,1765,2580.93,275,141,537800.87
2025-01-18,CMP_1008,Email_CRM_Automation,CRM,Retention & Re-engagement,15445,1866,2802.72,331,136,561080.6
2025-01-19,CMP_1008,Email_CRM_Automation,CRM,Retention & Re-engagement,11825,1503,2233.43,269,121,359062.16
2025-01-20,CMP_1008,Email_CRM_Automation,CRM,Retention & Re-engagement,15799,1960,2909.13,352,135,473111.25
2025-01-21,CMP_1008,Email_CRM_Automation,CRM,Retention & Re-engagement,9828,1291,1842.09,232,96,291019.58
2025-01-22,CMP_1008,Email_CRM_Automation,CRM,Retention & Re-engagement,18473,2423,3550.21,437,183,669668.36
2025-01-23,CMP_1008,Email_CRM_Automation,CRM,Retention & Re-engagement,21358,2615,3796.24,426,188,560497.91
2025-01-24,CMP_1008,Email_CRM_Automation,CRM,Retention & Re-engagement,12836,1578,2384.23,266,115,398230.33
2025-01-25,CMP_1008,Email_CRM_Automation,CRM,Retention & Re-engagement,14826,1769,2796.02,320,131,494319.34
2025-01-26,CMP_1008,Email_CRM_Automation,CRM,Retention & Re-engagement,16241,2156,3416.81,391,154,565565.51
2025-01-27,CMP_1008,Email_CRM_Automation,CRM,Retention & Re-engagement,14650,1785,2657.48,274,143,590162.97
2025-01-28,CMP_1008,Email_CRM_Automation,CRM,Retention & Re-engagement,9066,1136,1607.44,180,92,349837.08
2025-01-29,CMP_1008,Email_CRM_Automation,CRM,Retention & Re-engagement,14345,1746,2680.74,261,142,531647.29
2025-01-30,CMP_1008,Email_CRM_Automation,CRM,Retention & Re-engagement,18112,1942,3011.51,328,153,604163.25
2025-01-31,CMP_1008,Email_CRM_Automation,CRM,Retention & Re-engagement,17963,2014,3152.17,363,166,496806.52
2025-02-01,CMP_1008,Email_CRM_Automation,CRM,Retention & Re-engagement,17817,2055,3176.95,370,141,502937.93
2025-02-02,CMP_1008,Email_CRM_Automation,CRM,Retention & Re-engagement,20845,2397,3555.06,407,166,641533.71
2025-02-03,CMP_1008,Email_CRM_Automation,CRM,Retention & Re-engagement,15395,1855,2704.96,278,151,465917.72
2025-02-04,CMP_1008,Email_CRM_Automation,CRM,Retention & Re-engagement,21776,2352,3756.75,413,164,482464.88
2025-02-05,CMP_1008,Email_CRM_Automation,CRM,Retention & Re-engagement,11761,1430,2218.86,217,116,406597.08
2025-02-06,CMP_1008,Email_CRM_Automation,CRM,Retention & Re-engagement,20236,2429,3780.27,409,174,550273.26
2025-02-07,CMP_1008,Email_CRM_Automation,CRM,Retention & Re-engagement,6481,810,1194.62,138,55,184288.09
2025-02-08,CMP_1008,Email_CRM_Automation,CRM,Retention & Re-engagement,28600,3100,4585.62,484,211,895671.63
2025-02-09,CMP_1008,Email_CRM_Automation,CRM,Retention & Re-engagement,17084,2158,2989.27,351,171,708953.59
2025-02-10,CMP_1008,Email_CRM_Automation,CRM,Retention & Re-engagement,18785,2085,3178.17,363,170,625449.47
2025-02-11,CMP_1008,Email_CRM_Automation,CRM,Retention & Re-engagement,11241,1425,2097.32,255,109,432097.05
2025-02-12,CMP_1008,Email_CRM_Automation,CRM,Retention & Re-engagement,25263,2822,4010.83,468,197,739457.88
2025-02-13,CMP_1008,Email_CRM_Automation,CRM,Retention & Re-engagement,20032,2383,3751.36,368,183,775954.83
2025-02-14,CMP_1008,Email_CRM_Automation,CRM,Retention & Re-engagement,15098,1610,2463.03,240,116,366126.85
2025-02-15,CMP_1008,Email_CRM_Automation,CRM,Retention & Re-engagement,21804,2507,3615.72,391,203,725441.43
2025-02-16,CMP_1008,Email_CRM_Automation,CRM,Retention & Re-engagement,19835,2332,3586.64,394,170,569833.65
2025-02-17,CMP_1008,Email_CRM_Automation,CRM,Retention & Re-engagement,24785,2724,3951.3,437,200,749002.14
2025-02-18,CMP_1008,Email_CRM_Automation,CRM,Retention & Re-engagement,25815,2753,4404.88,430,193,689612.24
2025-02-19,CMP_1008,Email_CRM_Automation,CRM,Retention & Re-engagement,24429,2998,4311.97,532,243,1019129.14
2025-02-20,CMP_1008,Email_CRM_Automation,CRM,Retention & Re-engagement,12597,1659,2597.31,259,116,336263.56
2025-02-21,CMP_1008,Email_CRM_Automation,CRM,Retention & Re-engagement,18468,2289,3261.66,396,186,701169.76
2025-02-22,CMP_1008,Email_CRM_Automation,CRM,Retention & Re-engagement,18368,2122,3423.72,339,160,545850.01
2025-02-23,CMP_1008,Email_CRM_Automation,CRM,Retention & Re-engagement,22446,2708,3962.13,434,183,668852.29
2025-02-24,CMP_1008,Email_CRM_Automation,CRM,Retention & Re-engagement,24150,2606,3674.84,451,176,738188.26
2025-02-25,CMP_1008,Email_CRM_Automation,CRM,Retention & Re-engagement,19304,2363,3295.13,378,189,639058.69
2025-02-26,CMP_1008,Email_CRM_Automation,CRM,Retention & Re-engagement,16009,2086,3009.32,335,141,482331.84
2025-02-27,CMP_1008,Email_CRM_Automation,CRM,Retention & Re-engagement,12570,1348,2001.07,226,106,365923.14
2025-02-28,CMP_1008,Email_CRM_Automation,CRM,Retention & Re-engagement,22655,2450,3628.39,380,171,606211.31
2025-03-01,CMP_1008,Email_CRM_Automation,CRM,Retention & Re-engagement,22233,2732,3818.84,453,205,835886.81
2025-03-02,CMP_1008,Email_CRM_Automation,CRM,Retention & Re-engagement,21840,2332,3333.81,398,169,492452.87
2025-03-03,CMP_1008,Email_CRM_Automation,CRM,Retention & Re-engagement,13810,1527,2334.34,247,114,400660.17
2025-03-04,CMP_1008,Email_CRM_Automation,CRM,Retention & Re-engagement,12356,1321,2132.03,237,100,397218.97
2025-03-05,CMP_1008,Email_CRM_Automation,CRM,Retention & Re-engagement,8690,1142,1817.06,178,80,285190.39
2025-03-06,CMP_1008,Email_CRM_Automation,CRM,Retention & Re-engagement,6632,762,1216.26,129,59,232990.86
2025-03-07,CMP_1008,Email_CRM_Automation,CRM,Retention & Re-engagement,6972,859,1385.41,148,62,235670.11
2025-03-08,CMP_1008,Email_CRM_Automation,CRM,Retention & Re-engagement,26824,3022,4358.09,520,227,866971.16
2025-03-09,CMP_1008,Email_CRM_Automation,CRM,Retention & Re-engagement,20937,2571,3823.11,406,201,801198.85
2025-03-10,CMP_1008,Email_CRM_Automation,CRM,Retention & Re-engagement,10782,1232,1778.3,209,96,369367.25
2025-03-11,CMP_1008,Email_CRM_Automation,CRM,Retention & Re-engagement,13502,1525,2249.64,234,118,355974.94
2025-03-12,CMP_1008,Email_CRM_Automation,CRM,Retention & Re-engagement,20593,2665,4278.92,471,216,744271.8
2025-03-13,CMP_1008,Email_CRM_Automation,CRM,Retention & Re-engagement,15857,2033,2817.31,306,167,635889.77
2025-03-14,CMP_1008,Email_CRM_Automation,CRM,Retention & Re-engagement,18104,2040,3185.23,348,139,560092.57
2025-03-15,CMP_1008,Email_CRM_Automation,CRM,Retention & Re-engagement,24114,2594,3719.83,426,181,702649.93
2025-03-16,CMP_1008,Email_CRM_Automation,CRM,Retention & Re-engagement,15650,1807,2597.2,302,129,439124.24
2025-03-17,CMP_1008,Email_CRM_Automation,CRM,Retention & Re-engagement,16322,1878,2629.9,305,142,482302.46
2025-03-18,CMP_1008,Email_CRM_Automation,CRM,Retention & Re-engagement,20078,2143,3364.14,348,156,588230.25
2025-03-19,CMP_1008,Email_CRM_Automation,CRM,Retention & Re-engagement,16281,1861,3009.39,278,130,445558.08
2025-03-20,CMP_1008,Email_CRM_Automation,CRM,Retention & Re-engagement,21679,2350,3421.95,382,170,519649.56
2025-03-21,CMP_1008,Email_CRM_Automation,CRM,Retention & Re-engagement,19205,2423,3519.67,408,179,575498.4
2025-03-22,CMP_1008,Email_CRM_Automation,CRM,Retention & Re-engagement,16795,2060,3025.83,329,145,442016.45
2025-03-23,CMP_1008,Email_CRM_Automation,CRM,Retention & Re-engagement,17314,2073,3172.64,367,156,552842.59
2025-03-24,CMP_1008,Email_CRM_Automation,CRM,Retention & Re-engagement,18824,2378,3810.35,361,166,657440.86
2025-03-25,CMP_1008,Email_CRM_Automation,CRM,Retention & Re-engagement,16720,2070,3133.07,337,160,486005.52
2025-03-26,CMP_1008,Email_CRM_Automation,CRM,Retention & Re-engagement,19464,2476,3988.96,419,178,553384.1
2025-03-27,CMP_1008,Email_CRM_Automation,CRM,Retention & Re-engagement,24566,2865,4390.32,483,228,667070.38
2025-03-28,CMP_1008,Email_CRM_Automation,CRM,Retention & Re-engagement,11699,1491,2219.92,248,115,413158.19
2025-03-29,CMP_1008,Email_CRM_Automation,CRM,Retention & Re-engagement,15604,1820,2581.65,279,149,622467.48
2025-03-30,CMP_1008,Email_CRM_Automation,CRM,Retention & Re-engagement,18125,2248,3284.26,373,179,670055.36
2025-03-31,CMP_1008,Email_CRM_Automation,CRM,Retention & Re-engagement,14503,1911,3052.88,316,146,619809.42
2025-04-01,CMP_1008,Email_CRM_Automation,CRM,Retention & Re-engagement,26020,2991,4342.44,462,242,944406.02
2025-04-02,CMP_1008,Email_CRM_Automation,CRM,Retention & Re-engagement,21282,2557,3558.74,438,193,732751.63
2025-04-03,CMP_1008,Email_CRM_Automation,CRM,Retention & Re-engagement,18353,2136,3368.16,377,149,485502.35
2025-04-04,CMP_1008,Email_CRM_Automation,CRM,Retention & Re-engagement,15303,1971,2899.77,335,145,547646.88
2025-04-05,CMP_1008,Email_CRM_Automation,CRM,Retention & Re-engagement,19198,2127,2962.4,359,164,646622.99
2025-04-06,CMP_1008,Email_CRM_Automation,CRM,Retention & Re-engagement,22077,2944,4546.71,458,223,826973.12
2025-04-07,CMP_1008,Email_CRM_Automation,CRM,Retention & Re-engagement,13609,1516,2456.62,251,110,396573.59
2025-04-08,CMP_1008,Email_CRM_Automation,CRM,Retention & Re-engagement,9275,1066,1518.73,160,87,320191.42
2025-04-09,CMP_1008,Email_CRM_Automation,CRM,Retention & Re-engagement,19688,2319,3654.84,413,173,635007.86
2025-04-10,CMP_1008,Email_CRM_Automation,CRM,Retention & Re-engagement,25559,2899,4395.6,444,222,789273.21
2025-04-11,CMP_1008,Email_CRM_Automation,CRM,Retention & Re-engagement,17975,2103,2950.91,348,168,502907.57
2025-04-12,CMP_1008,Email_CRM_Automation,CRM,Retention & Re-engagement,23668,2697,4142.5,475,202,720687.23
2025-04-13,CMP_1008,Email_CRM_Automation,CRM,Retention & Re-engagement,13538,1799,2904.4,288,125,416613.34
2025-04-14,CMP_1008,Email_CRM_Automation,CRM,Retention & Re-engagement,18233,2194,3487.93,366,148,471096.07
2025-04-15,CMP_1008,Email_CRM_Automation,CRM,Retention & Re-engagement,16343,2081,2884.41,319,167,628741.82
2025-04-16,CMP_1008,Email_CRM_Automation,CRM,Retention & Re-engagement,12596,1657,2536.7,285,120,442661.0
2025-04-17,CMP_1008,Email_CRM_Automation,CRM,Retention & Re-engagement,13469,1810,2633.75,313,138,478257.28
2025-04-18,CMP_1008,Email_CRM_Automation,CRM,Retention & Re-engagement,10873,1272,1764.32,227,97,291405.44
2025-04-19,CMP_1008,Email_CRM_Automation,CRM,Retention & Re-engagement,23389,2651,4221.8,414,190,698249.06
2025-04-20,CMP_1008,Email_CRM_Automation,CRM,Retention & Re-engagement,15900,1824,2832.62,317,127,502204.26
2025-04-21,CMP_1008,Email_CRM_Automation,CRM,Retention & Re-engagement,28169,3529,5432.55,580,273,818597.05
2025-04-22,CMP_1008,Email_CRM_Automation,CRM,Retention & Re-engagement,19035,2052,3196.22,367,168,623967.5
2025-04-23,CMP_1008,Email_CRM_Automation,CRM,Retention & Re-engagement,11067,1405,2102.43,223,105,434276.37
2025-04-24,CMP_1008,Email_CRM_Automation,CRM,Retention & Re-engagement,13439,1590,2307.83,252,116,433151.69
2025-04-25,CMP_1008,Email_CRM_Automation,CRM,Retention & Re-engagement,12036,1526,2385.4,267,103,304356.55
2025-04-26,CMP_1008,Email_CRM_Automation,CRM,Retention & Re-engagement,21098,2260,3433.57,354,174,706176.8
2025-04-27,CMP_1008,Email_CRM_Automation,CRM,Retention & Re-engagement,23264,2792,4468.54,464,223,807520.79
2025-04-28,CMP_1008,Email_CRM_Automation,CRM,Retention & Re-engagement,18037,2377,3731.96,370,179,722401.41
2025-04-29,CMP_1008,Email_CRM_Automation,CRM,Retention & Re-engagement,16764,2154,3030.46,332,171,636516.94
2025-04-30,CMP_1008,Email_CRM_Automation,CRM,Retention & Re-engagement,15179,1880,2903.6,305,152,546622.13
2025-05-01,CMP_1008,Email_CRM_Automation,CRM,Retention & Re-engagement,14507,1558,2340.17,278,109,393331.82
2025-05-02,CMP_1008,Email_CRM_Automation,CRM,Retention & Re-engagement,17577,1978,2980.97,343,150,608119.08
2025-05-03,CMP_1008,Email_CRM_Automation,CRM,Retention & Re-engagement,19930,2477,3950.38,427,187,638197.92
2025-05-04,CMP_1008,Email_CRM_Automation,CRM,Retention & Re-engagement,23653,2712,4014.41,437,200,598008.6
2025-05-05,CMP_1008,Email_CRM_Automation,CRM,Retention & Re-engagement,20336,2437,3654.76,409,177,659117.26
2025-05-06,CMP_1008,Email_CRM_Automation,CRM,Retention & Re-engagement,14897,1876,3025.93,299,130,401056.41
2025-05-07,CMP_1008,Email_CRM_Automation,CRM,Retention & Re-engagement,23224,2483,3527.52,442,187,718443.68
2025-05-08,CMP_1008,Email_CRM_Automation,CRM,Retention & Re-engagement,18043,2408,3833.61,392,196,759240.17
2025-05-09,CMP_1008,Email_CRM_Automation,CRM,Retention & Re-engagement,22182,2778,3881.72,475,225,764367.23
2025-05-10,CMP_1008,Email_CRM_Automation,CRM,Retention & Re-engagement,21007,2256,3294.33,373,179,567566.41
2025-05-11,CMP_1008,Email_CRM_Automation,CRM,Retention & Re-engagement,20695,2307,3477.1,351,173,518592.09
2025-05-12,CMP_1008,Email_CRM_Automation,CRM,Retention & Re-engagement,18198,2210,3106.65,371,150,550468.86
2025-05-13,CMP_1008,Email_CRM_Automation,CRM,Retention & Re-engagement,17578,2222,3514.0,339,169,642920.51
2025-05-14,CMP_1008,Email_CRM_Automation,CRM,Retention & Re-engagement,20272,2537,3888.02,444,196,653798.9
2025-05-15,CMP_1008,Email_CRM_Automation,CRM,Retention & Re-engagement,20854,2741,4030.47,408,213,892149.96
2025-05-16,CMP_1008,Email_CRM_Automation,CRM,Retention & Re-engagement,17689,2027,3014.87,318,149,507360.19
2025-05-17,CMP_1008,Email_CRM_Automation,CRM,Retention & Re-engagement,20795,2683,4110.68,424,189,717628.76
2025-05-18,CMP_1008,Email_CRM_Automation,CRM,Retention & Re-engagement,22179,2887,3995.99,478,221,666152.6
2025-05-19,CMP_1008,Email_CRM_Automation,CRM,Retention & Re-engagement,22122,2481,3681.83,389,186,743058.86
2025-05-20,CMP_1008,Email_CRM_Automation,CRM,Retention & Re-engagement,21924,2585,3902.2,466,196,634137.28
2025-05-21,CMP_1008,Email_CRM_Automation,CRM,Retention & Re-engagement,26354,3247,4661.4,538,219,880136.67
2025-05-22,CMP_1008,Email_CRM_Automation,CRM,Retention & Re-engagement,26243,3045,4252.65,546,244,799914.57
2025-05-23,CMP_1008,Email_CRM_Automation,CRM,Retention & Re-engagement,26549,3147,4462.42,504,244,1025861.73
2025-05-24,CMP_1008,Email_CRM_Automation,CRM,Retention & Re-engagement,17630,1881,3001.72,338,145,604751.11
2025-05-25,CMP_1008,Email_CRM_Automation,CRM,Retention & Re-engagement,21700,2317,3309.71,381,172,574622.67
2025-05-26,CMP_1008,Email_CRM_Automation,CRM,Retention & Re-engagement,13561,1716,2672.04,278,139,433275.5
2025-05-27,CMP_1008,Email_CRM_Automation,CRM,Retention & Re-engagement,24641,2647,3822.85,462,203,673618.72
2025-05-28,CMP_1008,Email_CRM_Automation,CRM,Retention & Re-engagement,20334,2299,3310.23,407,172,667666.62
2025-05-29,CMP_1008,Email_CRM_Automation,CRM,Retention & Re-engagement,15208,1766,2452.93,290,124,378629.1
2025-05-30,CMP_1008,Email_CRM_Automation,CRM,Retention & Re-engagement,18806,2031,3270.06,344,166,700583.78
2025-05-31,CMP_1008,Email_CRM_Automation,CRM,Retention & Re-engagement,17898,1974,2948.03,306,159,656652.33
2025-06-01,CMP_1008,Email_CRM_Automation,CRM,Retention & Re-engagement,22677,2827,4404.1,496,219,791957.25
2025-06-02,CMP_1008,Email_CRM_Automation,CRM,Retention & Re-engagement,18886,2399,3447.48,393,172,684671.27
2025-06-03,CMP_1008,Email_CRM_Automation,CRM,Retention & Re-engagement,18689,2323,3298.24,363,188,568760.01
2025-06-04,CMP_1008,Email_CRM_Automation,CRM,Retention & Re-engagement,15874,2038,3134.15,326,166,671800.96
2025-06-05,CMP_1008,Email_CRM_Automation,CRM,Retention & Re-engagement,10145,1354,2158.76,204,100,363573.15
2025-06-06,CMP_1008,Email_CRM_Automation,CRM,Retention & Re-engagement,13574,1581,2217.8,251,119,450917.14
2025-06-07,CMP_1008,Email_CRM_Automation,CRM,Retention & Re-engagement,13704,1715,2702.75,304,127,521422.64
2025-06-08,CMP_1008,Email_CRM_Automation,CRM,Retention & Re-engagement,19361,2289,3634.57,368,186,718448.07
2025-06-09,CMP_1008,Email_CRM_Automation,CRM,Retention & Re-engagement,11722,1565,2270.57,248,107,412193.16
2025-06-10,CMP_1008,Email_CRM_Automation,CRM,Retention & Re-engagement,18107,2061,3207.54,326,153,446703.84
2025-06-11,CMP_1008,Email_CRM_Automation,CRM,Retention & Re-engagement,12119,1560,2473.68,265,112,402325.34
2025-06-12,CMP_1008,Email_CRM_Automation,CRM,Retention & Re-engagement,22338,2577,3832.51,454,192,772320.66
2025-06-13,CMP_1008,Email_CRM_Automation,CRM,Retention & Re-engagement,16823,2030,3049.95,315,158,474837.66
2025-06-14,CMP_1008,Email_CRM_Automation,CRM,Retention & Re-engagement,19280,2353,3571.62,420,177,544523.73
2025-06-15,CMP_1008,Email_CRM_Automation,CRM,Retention & Re-engagement,17211,1833,2620.47,303,126,444575.42
2025-06-16,CMP_1008,Email_CRM_Automation,CRM,Retention & Re-engagement,15396,1945,3120.97,293,137,521446.78
2025-06-17,CMP_1008,Email_CRM_Automation,CRM,Retention & Re-engagement,15940,2123,3208.52,367,170,573143.78
2025-06-18,CMP_1008,Email_CRM_Automation,CRM,Retention & Re-engagement,21723,2679,4054.03,426,203,652005.82
2025-06-19,CMP_1008,Email_CRM_Automation,CRM,Retention & Re-engagement,13221,1745,2718.36,285,134,406037.49
2025-06-20,CMP_1008,Email_CRM_Automation,CRM,Retention & Re-engagement,11305,1379,2203.05,240,109,353030.67
2025-06-21,CMP_1008,Email_CRM_Automation,CRM,Retention & Re-engagement,21369,2677,3752.59,482,192,779821.28
2025-06-22,CMP_1008,Email_CRM_Automation,CRM,Retention & Re-engagement,16323,2075,3328.67,323,150,440805.1
2025-06-23,CMP_1008,Email_CRM_Automation,CRM,Retention & Re-engagement,18176,2104,3223.86,317,165,639882.48
2025-06-24,CMP_1008,Email_CRM_Automation,CRM,Retention & Re-engagement,15856,2008,3212.23,353,158,592142.06
2025-06-25,CMP_1008,Email_CRM_Automation,CRM,Retention & Re-engagement,20602,2412,3706.9,364,173,627898.03
2025-06-26,CMP_1008,Email_CRM_Automation,CRM,Retention & Re-engagement,17727,1985,2871.61,329,139,553019.52
2025-06-27,CMP_1008,Email_CRM_Automation,CRM,Retention & Re-engagement,31666,3640,5152.25,589,289,1137913.5
2025-06-28,CMP_1008,Email_CRM_Automation,CRM,Retention & Re-engagement,16084,1984,2844.51,310,163,682136.82
2025-06-29,CMP_1008,Email_CRM_Automation,CRM,Retention & Re-engagement,23780,3005,4725.12,515,246,910490.35
2025-06-30,CMP_1008,Email_CRM_Automation,CRM,Retention & Re-engagement,17322,2253,3453.29,384,176,564690.62
2025-07-01,CMP_1008,Email_CRM_Automation,CRM,Retention & Re-engagement,12314,1462,2195.56,265,112,443471.28
2025-07-02,CMP_1008,Email_CRM_Automation,CRM,Retention & Re-engagement,14303,1853,2706.38,312,144,473821.32
2025-07-03,CMP_1008,Email_CRM_Automation,CRM,Retention & Re-engagement,23333,3079,4684.69,548,252,957020.93
2025-07-04,CMP_1008,Email_CRM_Automation,CRM,Retention & Re-engagement,17271,2238,3611.33,352,165,530345.26
2025-07-05,CMP_1008,Email_CRM_Automation,CRM,Retention & Re-engagement,9291,1204,1883.15,217,92,323626.5
2025-07-06,CMP_1008,Email_CRM_Automation,CRM,Retention & Re-engagement,16812,1883,2737.07,292,138,584958.46
2025-07-07,CMP_1008,Email_CRM_Automation,CRM,Retention & Re-engagement,19996,2375,3479.66,364,174,527281.2
2025-07-08,CMP_1008,Email_CRM_Automation,CRM,Retention & Re-engagement,14130,1532,2311.59,267,116,449453.17
2025-07-09,CMP_1008,Email_CRM_Automation,CRM,Retention & Re-engagement,9015,1088,1528.29,180,81,315665.5
2025-07-10,CMP_1008,Email_CRM_Automation,CRM,Retention & Re-engagement,9888,1258,1988.09,192,96,287926.98
2025-07-11,CMP_1008,Email_CRM_Automation,CRM,Retention & Re-engagement,12290,1603,2263.53,270,116,340087.52
2025-07-12,CMP_1008,Email_CRM_Automation,CRM,Retention & Re-engagement,22619,2990,4513.03,502,245,753515.51
2025-07-13,CMP_1008,Email_CRM_Automation,CRM,Retention & Re-engagement,26953,2917,4393.4,489,223,865472.94
2025-07-14,CMP_1008,Email_CRM_Automation,CRM,Retention & Re-engagement,16275,2080,3250.51,354,147,505644.81
2025-07-15,CMP_1008,Email_CRM_Automation,CRM,Retention & Re-engagement,18725,2099,3055.2,346,160,464526.44
2025-07-16,CMP_1008,Email_CRM_Automation,CRM,Retention & Re-engagement,11577,1496,2345.93,269,105,388352.11
2025-07-17,CMP_1008,Email_CRM_Automation,CRM,Retention & Re-engagement,7851,1006,1525.0,150,82,327297.99
2025-07-18,CMP_1008,Email_CRM_Automation,CRM,Retention & Re-engagement,11780,1502,2344.76,242,118,403088.88
2025-07-19,CMP_1008,Email_CRM_Automation,CRM,Retention & Re-engagement,21287,2508,3653.84,413,201,723909.83
2025-07-20,CMP_1008,Email_CRM_Automation,CRM,Retention & Re-engagement,11291,1273,1868.76,206,95,370948.04
2025-07-21,CMP_1008,Email_CRM_Automation,CRM,Retention & Re-engagement,16201,1879,2765.25,303,149,496296.65
2025-07-22,CMP_1008,Email_CRM_Automation,CRM,Retention & Re-engagement,14453,1786,2680.46,278,139,505135.92
2025-07-23,CMP_1008,Email_CRM_Automation,CRM,Retention & Re-engagement,21612,2832,4074.37,472,217,885377.4
2025-07-24,CMP_1008,Email_CRM_Automation,CRM,Retention & Re-engagement,14529,1786,2815.43,309,132,479745.25
2025-07-25,CMP_1008,Email_CRM_Automation,CRM,Retention & Re-engagement,21453,2440,3368.98,409,186,734128.6
2025-07-26,CMP_1008,Email_CRM_Automation,CRM,Retention & Re-engagement,15988,1923,2887.65,331,144,535326.89
2025-07-27,CMP_1008,Email_CRM_Automation,CRM,Retention & Re-engagement,20094,2124,3128.38,358,144,514892.44
2025-07-28,CMP_1008,Email_CRM_Automation,CRM,Retention & Re-engagement,19326,2347,3692.7,369,186,605767.61
2025-07-29,CMP_1008,Email_CRM_Automation,CRM,Retention & Re-engagement,19009,2503,3556.95,388,206,597388.11
2025-07-30,CMP_1008,Email_CRM_Automation,CRM,Retention & Re-engagement,25988,2894,4177.12,431,227,870104.41
2025-07-31,CMP_1008,Email_CRM_Automation,CRM,Retention & Re-engagement,13300,1657,2464.72,270,129,484034.29
2025-08-01,CMP_1008,Email_CRM_Automation,CRM,Retention & Re-engagement,20203,2588,3643.19,445,200,620185.46
2025-08-02,CMP_1008,Email_CRM_Automation,CRM,Retention & Re-engagement,16948,1901,2751.56,332,146,534220.15
2025-08-03,CMP_1008,Email_CRM_Automation,CRM,Retention & Re-engagement,11132,1470,2108.86,227,116,487742.28
2025-08-04,CMP_1008,Email_CRM_Automation,CRM,Retention & Re-engagement,12527,1440,2058.64,214,111,361348.09
2025-08-05,CMP_1008,Email_CRM_Automation,CRM,Retention & Re-engagement,19173,2223,3503.27,365,182,585922.44
2025-08-06,CMP_1008,Email_CRM_Automation,CRM,Retention & Re-engagement,21836,2621,3757.24,419,207,773471.5
2025-08-07,CMP_1008,Email_CRM_Automation,CRM,Retention & Re-engagement,19110,2447,3656.73,382,192,780846.54
2025-08-08,CMP_1008,Email_CRM_Automation,CRM,Retention & Re-engagement,16298,2182,3225.6,351,168,522322.23
2025-08-09,CMP_1008,Email_CRM_Automation,CRM,Retention & Re-engagement,17708,2229,3601.11,386,152,597093.73
2025-08-10,CMP_1008,Email_CRM_Automation,CRM,Retention & Re-engagement,22230,2661,3858.72,404,198,637876.89
2025-08-11,CMP_1008,Email_CRM_Automation,CRM,Retention & Re-engagement,24110,2659,3893.58,415,182,753673.99
2025-08-12,CMP_1008,Email_CRM_Automation,CRM,Retention & Re-engagement,5877,727,1097.94,130,51,167889.52
2025-08-13,CMP_1008,Email_CRM_Automation,CRM,Retention & Re-engagement,18961,2205,3560.18,329,153,447650.56
2025-08-14,CMP_1008,Email_CRM_Automation,CRM,Retention & Re-engagement,15920,1902,2663.21,307,145,505590.79
2025-08-15,CMP_1008,Email_CRM_Automation,CRM,Retention & Re-engagement,15826,1915,3072.03,328,155,478910.59
2025-08-16,CMP_1008,Email_CRM_Automation,CRM,Retention & Re-engagement,17696,2130,3012.08,338,157,663511.23
2025-08-17,CMP_1008,Email_CRM_Automation,CRM,Retention & Re-engagement,18056,2188,3101.83,332,158,569974.77
2025-08-18,CMP_1008,Email_CRM_Automation,CRM,Retention & Re-engagement,17725,2070,2890.23,317,146,544668.07
2025-08-19,CMP_1008,Email_CRM_Automation,CRM,Retention & Re-engagement,20767,2471,3450.73,416,182,530714.15
2025-08-20,CMP_1008,Email_CRM_Automation,CRM,Retention & Re-engagement,14034,1639,2450.12,261,111,375138.76
2025-08-21,CMP_1008,Email_CRM_Automation,CRM,Retention & Re-engagement,19396,2434,3878.59,373,185,759135.28
2025-08-22,CMP_1008,Email_CRM_Automation,CRM,Retention & Re-engagement,12993,1485,2359.02,242,111,449182.48
2025-08-23,CMP_1008,Email_CRM_Automation,CRM,Retention & Re-engagement,17261,2285,3664.96,339,185,548333.76
2025-08-24,CMP_1008,Email_CRM_Automation,CRM,Retention & Re-engagement,18420,2266,3388.85,372,184,591954.94
2025-08-25,CMP_1008,Email_CRM_Automation,CRM,Retention & Re-engagement,8431,1114,1611.41,168,85,324458.68
2025-08-26,CMP_1008,Email_CRM_Automation,CRM,Retention & Re-engagement,24616,3204,4554.87,490,235,703202.33
2025-08-27,CMP_1008,Email_CRM_Automation,CRM,Retention & Re-engagement,16126,2014,3044.36,361,158,572892.19
2025-08-28,CMP_1008,Email_CRM_Automation,CRM,Retention & Re-engagement,15965,1960,2969.83,317,156,490126.93
2025-08-29,CMP_1008,Email_CRM_Automation,CRM,Retention & Re-engagement,18844,2382,3605.38,424,192,687722.26
2025-08-30,CMP_1008,Email_CRM_Automation,CRM,Retention & Re-engagement,11867,1563,2333.78,280,126,387851.23
2025-08-31,CMP_1008,Email_CRM_Automation,CRM,Retention & Re-engagement,21878,2908,4607.89,466,218,861006.16
2025-09-01,CMP_1008,Email_CRM_Automation,CRM,Retention & Re-engagement,16573,2091,3115.22,365,156,632657.68
2025-09-02,CMP_1008,Email_CRM_Automation,CRM,Retention & Re-engagement,16976,1994,3014.49,303,146,567670.42
2025-09-03,CMP_1008,Email_CRM_Automation,CRM,Retention & Re-engagement,17849,1964,2878.96,336,160,601871.2
2025-09-04,CMP_1008,Email_CRM_Automation,CRM,Retention & Re-engagement,17253,2097,3205.35,317,164,608241.13
2025-09-05,CMP_1008,Email_CRM_Automation,CRM,Retention & Re-engagement,17792,2279,3574.79,408,187,688261.82
2025-09-06,CMP_1008,Email_CRM_Automation,CRM,Retention & Re-engagement,21140,2512,3532.73,438,170,504452.38
2025-09-07,CMP_1008,Email_CRM_Automation,CRM,Retention & Re-engagement,19513,2268,3403.56,344,178,592132.48
2025-09-08,CMP_1008,Email_CRM_Automation,CRM,Retention & Re-engagement,15620,1943,2805.99,324,141,530501.64
2025-09-09,CMP_1008,Email_CRM_Automation,CRM,Retention & Re-engagement,23290,2566,3683.7,447,200,627677.8
2025-09-10,CMP_1008,Email_CRM_Automation,CRM,Retention & Re-engagement,13518,1754,2469.47,305,127,480713.86
2025-09-11,CMP_1008,Email_CRM_Automation,CRM,Retention & Re-engagement,18634,2178,3016.02,328,162,561084.9
2025-09-12,CMP_1008,Email_CRM_Automation,CRM,Retention & Re-engagement,13497,1443,2145.58,231,113,383264.76
2025-09-13,CMP_1008,Email_CRM_Automation,CRM,Retention & Re-engagement,14469,1763,2612.45,317,121,355106.29
2025-09-14,CMP_1008,Email_CRM_Automation,CRM,Retention & Re-engagement,21852,2905,4433.47,526,217,765270.25
2025-09-15,CMP_1008,Email_CRM_Automation,CRM,Retention & Re-engagement,18062,2362,3619.95,408,177,622710.01
2025-09-16,CMP_1008,Email_CRM_Automation,CRM,Retention & Re-engagement,25344,3009,4615.36,492,203,634725.63
2025-09-17,CMP_1008,Email_CRM_Automation,CRM,Retention & Re-engagement,23240,2804,4057.5,448,193,809304.19
2025-09-18,CMP_1008,Email_CRM_Automation,CRM,Retention & Re-engagement,17318,1868,2962.35,321,135,572804.42
2025-09-19,CMP_1008,Email_CRM_Automation,CRM,Retention & Re-engagement,11037,1431,2170.14,221,111,330059.94
2025-09-20,CMP_1008,Email_CRM_Automation,CRM,Retention & Re-engagement,15463,1669,2672.35,298,124,433926.09
2025-09-21,CMP_1008,Email_CRM_Automation,CRM,Retention & Re-engagement,14366,1736,2606.74,287,132,384841.46
2025-09-22,CMP_1008,Email_CRM_Automation,CRM,Retention & Re-engagement,16762,2114,3279.21,321,160,586075.39
2025-09-23,CMP_1008,Email_CRM_Automation,CRM,Retention & Re-engagement,14592,1659,2539.73,274,131,504307.88
2025-09-24,CMP_1008,Email_CRM_Automation,CRM,Retention & Re-engagement,18536,2273,3202.55,410,158,639892.68
2025-09-25,CMP_1008,Email_CRM_Automation,CRM,Retention & Re-engagement,23021,2622,3796.76,467,191,568358.88
2025-09-26,CMP_1008,Email_CRM_Automation,CRM,Retention & Re-engagement,21557,2354,3588.98,411,181,738412.68
2025-09-27,CMP_1008,Email_CRM_Automation,CRM,Retention & Re-engagement,16191,2071,3047.78,336,169,657512.59
2025-09-28,CMP_1008,Email_CRM_Automation,CRM,Retention & Re-engagement,19229,2518,3485.22,382,175,680559.19
2025-09-29,CMP_1008,Email_CRM_Automation,CRM,Retention & Re-engagement,18406,2130,3088.27,340,154,495935.0
2025-09-30,CMP_1008,Email_CRM_Automation,CRM,Retention & Re-engagement,19356,2546,3886.26,403,178,717422.88
2025-10-01,CMP_1008,Email_CRM_Automation,CRM,Retention & Re-engagement,26969,2960,4202.74,492,227,804269.14
2025-10-02,CMP_1008,Email_CRM_Automation,CRM,Retention & Re-engagement,24495,2714,4135.72,445,209,727002.48
2025-10-03,CMP_1008,Email_CRM_Automation,CRM,Retention & Re-engagement,21750,2487,3632.37,403,168,638264.62
2025-10-04,CMP_1008,Email_CRM_Automation,CRM,Retention & Re-engagement,30462,3528,5585.43,529,290,942102.59
2025-10-05,CMP_1008,Email_CRM_Automation,CRM,Retention & Re-engagement,21356,2436,3794.75,407,179,545978.47
2025-10-06,CMP_1008,Email_CRM_Automation,CRM,Retention & Re-engagement,17971,2273,3318.28,383,157,488602.6
2025-10-07,CMP_1008,Email_CRM_Automation,CRM,Retention & Re-engagement,27512,3377,4944.11,520,243,708968.9
2025-10-08,CMP_1008,Email_CRM_Automation,CRM,Retention & Re-engagement,24285,2845,4451.48,499,222,891794.47
2025-10-09,CMP_1008,Email_CRM_Automation,CRM,Retention & Re-engagement,16489,2082,3360.15,366,140,472089.49
2025-10-10,CMP_1008,Email_CRM_Automation,CRM,Retention & Re-engagement,21298,2297,3580.43,384,169,492458.98
2025-10-11,CMP_1008,Email_CRM_Automation,CRM,Retention & Re-engagement,19654,2433,3423.71,380,174,715419.18
2025-10-12,CMP_1008,Email_CRM_Automation,CRM,Retention & Re-engagement,18812,2199,3281.64,379,178,520480.8
2025-10-13,CMP_1008,Email_CRM_Automation,CRM,Retention & Re-engagement,30982,3961,5770.25,715,323,1050310.81
2025-10-14,CMP_1008,Email_CRM_Automation,CRM,Retention & Re-engagement,16992,2263,3246.24,370,159,612391.02
2025-10-15,CMP_1008,Email_CRM_Automation,CRM,Retention & Re-engagement,18561,2047,3258.27,308,146,542455.08
2025-10-16,CMP_1008,Email_CRM_Automation,CRM,Retention & Re-engagement,19742,2353,3316.69,398,188,602093.06
2025-10-17,CMP_1008,Email_CRM_Automation,CRM,Retention & Re-engagement,19787,2335,3602.95,355,182,579880.6
2025-10-18,CMP_1008,Email_CRM_Automation,CRM,Retention & Re-engagement,27803,3223,4585.17,548,228,715869.77
2025-10-19,CMP_1008,Email_CRM_Automation,CRM,Retention & Re-engagement,24231,2722,4037.45,409,201,796353.75
2025-10-20,CMP_1008,Email_CRM_Automation,CRM,Retention & Re-engagement,18943,2470,3833.11,367,202,677572.77
2025-10-21,CMP_1008,Email_CRM_Automation,CRM,Retention & Re-engagement,12190,1583,2321.16,274,130,484169.4
2025-10-22,CMP_1008,Email_CRM_Automation,CRM,Retention & Re-engagement,23014,2490,3713.12,451,188,722418.08
2025-10-23,CMP_1008,Email_CRM_Automation,CRM,Retention & Re-engagement,27972,3088,4961.13,488,215,852993.93
2025-10-24,CMP_1008,Email_CRM_Automation,CRM,Retention & Re-engagement,15062,1626,2269.25,257,122,419989.11
2025-10-25,CMP_1008,Email_CRM_Automation,CRM,Retention & Re-engagement,27582,3121,4484.92,514,230,755796.53
2025-10-26,CMP_1008,Email_CRM_Automation,CRM,Retention & Re-engagement,28351,3387,5331.52,576,238,860505.76
2025-10-27,CMP_1008,Email_CRM_Automation,CRM,Retention & Re-engagement,21370,2730,4279.78,437,212,884072.72
2025-10-28,CMP_1008,Email_CRM_Automation,CRM,Retention & Re-engagement,14662,1611,2466.54,275,111,452443.79
2025-10-29,CMP_1008,Email_CRM_Automation,CRM,Retention & Re-engagement,13142,1532,2136.41,273,103,364158.71
2025-10-30,CMP_1008,Email_CRM_Automation,CRM,Retention & Re-engagement,23065,2698,4327.57,438,205,721516.93
2025-10-31,CMP_1008,Email_CRM_Automation,CRM,Retention & Re-engagement,29478,3292,4628.22,529,262,853122.84
2025-11-01,CMP_1008,Email_CRM_Automation,CRM,Retention & Re-engagement,24621,2639,4200.89,473,200,757187.53
2025-11-02,CMP_1008,Email_CRM_Automation,CRM,Retention & Re-engagement,33202,3553,5046.45,573,285,1116259.64
2025-11-03,CMP_1008,Email_CRM_Automation,CRM,Retention & Re-engagement,19503,2381,3582.47,363,190,752450.38
2025-11-04,CMP_1008,Email_CRM_Automation,CRM,Retention & Re-engagement,17484,2289,3689.37,388,167,622995.22
2025-11-05,CMP_1008,Email_CRM_Automation,CRM,Retention & Re-engagement,32209,3767,5719.01,597,277,1016733.9
2025-11-06,CMP_1008,Email_CRM_Automation,CRM,Retention & Re-engagement,14631,1769,2764.83,266,129,528059.22
2025-11-07,CMP_1008,Email_CRM_Automation,CRM,Retention & Re-engagement,20389,2343,3659.35,420,160,671564.67
2025-11-08,CMP_1008,Email_CRM_Automation,CRM,Retention & Re-engagement,12804,1646,2485.93,290,121,420425.42
2025-11-09,CMP_1008,Email_CRM_Automation,CRM,Retention & Re-engagement,21894,2342,3315.91,397,160,622081.43
2025-11-10,CMP_1008,Email_CRM_Automation,CRM,Retention & Re-engagement,17506,1941,2930.53,316,154,541804.38
2025-11-11,CMP_1008,Email_CRM_Automation,CRM,Retention & Re-engagement,23432,2963,4195.18,458,232,821725.23
2025-11-12,CMP_1008,Email_CRM_Automation,CRM,Retention & Re-engagement,30155,3213,4980.39,508,258,752050.29
2025-11-13,CMP_1008,Email_CRM_Automation,CRM,Retention & Re-engagement,20535,2599,3927.54,439,205,794772.89
2025-11-14,CMP_1008,Email_CRM_Automation,CRM,Retention & Re-engagement,26614,3119,4788.43,511,244,995953.39
2025-11-15,CMP_1008,Email_CRM_Automation,CRM,Retention & Re-engagement,26911,3107,4491.0,556,236,739479.58
2025-11-16,CMP_1008,Email_CRM_Automation,CRM,Retention & Re-engagement,24000,3140,4491.15,520,253,844657.16
2025-11-17,CMP_1008,Email_CRM_Automation,CRM,Retention & Re-engagement,27818,3319,4630.66,522,259,1085641.21
2025-11-18,CMP_1008,Email_CRM_Automation,CRM,Retention & Re-engagement,24174,3090,4600.75,544,241,862919.08
2025-11-19,CMP_1008,Email_CRM_Automation,CRM,Retention & Re-engagement,22452,2824,4321.83,442,224,936866.87
2025-11-20,CMP_1008,Email_CRM_Automation,CRM,Retention & Re-engagement,28554,3560,5542.58,592,287,1004655.07
2025-11-21,CMP_1008,Email_CRM_Automation,CRM,Retention & Re-engagement,20920,2718,3791.96,464,218,671096.55
2025-11-22,CMP_1008,Email_CRM_Automation,CRM,Retention & Re-engagement,21712,2736,4317.16,418,212,869021.44
2025-11-23,CMP_1008,Email_CRM_Automation,CRM,Retention & Re-engagement,21504,2527,3746.07,412,173,709845.78
2025-11-24,CMP_1008,Email_CRM_Automation,CRM,Retention & Re-engagement,29473,3679,5256.47,625,298,1197923.67
2025-11-25,CMP_1008,Email_CRM_Automation,CRM,Retention & Re-engagement,21259,2777,4459.13,491,190,767696.57
2025-11-26,CMP_1008,Email_CRM_Automation,CRM,Retention & Re-engagement,15953,1996,2782.54,318,148,564938.3
2025-11-27,CMP_1008,Email_CRM_Automation,CRM,Retention & Re-engagement,25082,3245,5189.43,530,237,762215.81
2025-11-28,CMP_1008,Email_CRM_Automation,CRM,Retention & Re-engagement,17104,2089,3369.99,319,152,552363.93
2025-11-29,CMP_1008,Email_CRM_Automation,CRM,Retention & Re-engagement,23794,2537,3826.96,456,181,527074.02
2025-11-30,CMP_1008,Email_CRM_Automation,CRM,Retention & Re-engagement,27593,2947,4164.63,474,226,687515.08
2025-12-01,CMP_1008,Email_CRM_Automation,CRM,Retention & Re-engagement,16611,1954,2844.58,300,146,438860.11
2025-12-02,CMP_1008,Email_CRM_Automation,CRM,Retention & Re-engagement,22252,2411,3471.74,391,195,755605.84
2025-12-03,CMP_1008,Email_CRM_Automation,CRM,Retention & Re-engagement,14329,1873,2952.93,338,147,546462.91
2025-12-04,CMP_1008,Email_CRM_Automation,CRM,Retention & Re-engagement,12312,1653,2554.49,270,129,459669.02
2025-12-05,CMP_1008,Email_CRM_Automation,CRM,Retention & Re-engagement,17629,2070,3071.45,341,151,590158.09
2025-12-06,CMP_1008,Email_CRM_Automation,CRM,Retention & Re-engagement,22173,2539,3712.85,437,182,539090.24
2025-12-07,CMP_1008,Email_CRM_Automation,CRM,Retention & Re-engagement,17597,2224,3269.21,354,171,647707.38
2025-12-08,CMP_1008,Email_CRM_Automation,CRM,Retention & Re-engagement,23461,2590,3843.95,411,191,737430.45
2025-12-09,CMP_1008,Email_CRM_Automation,CRM,Retention & Re-engagement,23200,2661,3681.86,463,206,800344.27
2025-12-10,CMP_1008,Email_CRM_Automation,CRM,Retention & Re-engagement,21333,2523,3895.37,456,191,604661.33
2025-12-11,CMP_1008,Email_CRM_Automation,CRM,Retention & Re-engagement,21628,2716,3940.31,486,190,570378.33
2025-12-12,CMP_1008,Email_CRM_Automation,CRM,Retention & Re-engagement,15916,1832,2818.52,325,126,370648.63
2025-12-13,CMP_1008,Email_CRM_Automation,CRM,Retention & Re-engagement,14116,1607,2299.26,244,110,430938.91
2025-12-14,CMP_1008,Email_CRM_Automation,CRM,Retention & Re-engagement,28563,3214,4610.27,538,243,956319.64
2025-12-15,CMP_1008,Email_CRM_Automation,CRM,Retention & Re-engagement,13080,1634,2552.28,266,132,493245.29
2025-12-16,CMP_1008,Email_CRM_Automation,CRM,Retention & Re-engagement,17550,2218,3365.58,369,175,573022.05
2025-12-17,CMP_1008,Email_CRM_Automation,CRM,Retention & Re-engagement,21194,2271,3235.57,380,176,586707.2
2025-12-18,CMP_1008,Email_CRM_Automation,CRM,Retention & Re-engagement,17065,2147,3014.1,344,166,667509.36
2025-12-19,CMP_1008,Email_CRM_Automation,CRM,Retention & Re-engagement,20315,2246,3560.55,369,176,693900.0
2025-12-20,CMP_1008,Email_CRM_Automation,CRM,Retention & Re-engagement,16640,2040,2909.55,352,147,445762.65
2025-12-21,CMP_1008,Email_CRM_Automation,CRM,Retention & Re-engagement,22647,2587,4015.99,398,180,597289.86
2025-12-22,CMP_1008,Email_CRM_Automation,CRM,Retention & Re-engagement,13691,1484,2056.59,234,114,344733.78
2025-12-23,CMP_1008,Email_CRM_Automation,CRM,Retention & Re-engagement,26409,2880,4362.01,447,201,599267.62
2025-12-24,CMP_1008,Email_CRM_Automation,CRM,Retention & Re-engagement,18137,1967,3107.73,301,141,554352.46
2025-12-25,CMP_1008,Email_CRM_Automation,CRM,Retention & Re-engagement,29617,3476,5052.36,550,238,991895.88
2025-12-26,CMP_1008,Email_CRM_Automation,CRM,Retention & Re-engagement,24873,2995,4607.46,453,231,716401.15
2025-12-27,CMP_1008,Email_CRM_Automation,CRM,Retention & Re-engagement,19908,2463,3645.19,429,191,726427.55
2025-12-28,CMP_1008,Email_CRM_Automation,CRM,Retention & Re-engagement,17756,2243,3118.63,403,160,481482.8
2025-12-29,CMP_1008,Email_CRM_Automation,CRM,Retention & Re-engagement,13840,1803,2694.2,300,122,514231.25
2025-12-30,CMP_1008,Email_CRM_Automation,CRM,Retention & Re-engagement,17456,2070,3315.49,332,154,619852.75
2025-12-31,CMP_1008,Email_CRM_Automation,CRM,Retention & Re-engagement,21620,2320,3570.0,417,161,628539.56
